AZ,CA,CO,ID,MT,NM,NV,OR,TX,WA
2.584363636363636,2.584363636363636,1.5890499999999994,2.006,2.006,2.5286666666666666,2.913333333333333,2.147,1.9623999999999995,2.147
2.584363636363636,2.584363636363636,1.5890499999999994,2.006,2.006,2.5286666666666666,2.913333333333333,2.147,1.9623999999999995,2.147
2.584363636363636,2.584363636363636,1.5890499999999994,2.006,2.006,2.5286666666666666,2.913333333333333,2.147,1.9623999999999995,2.147
2.584363636363636,2.584363636363636,1.5890499999999994,2.006,2.006,2.5286666666666666,2.913333333333333,2.147,1.9623999999999995,2.147
2.584363636363636,2.584363636363636,1.5890499999999994,2.006,2.006,2.5286666666666666,2.913333333333333,2.147,1.9623999999999995,2.147
2.584363636363636,2.584363636363636,1.5890499999999994,2.006,2.006,2.5286666666666666,2.913333333333333,2.147,1.9623999999999995,2.147
2.584363636363636,2.584363636363636,1.5890499999999994,2.006,2.006,2.5286666666666666,2.913333333333333,2.147,1.9623999999999995,2.147
2.584363636363636,2.584363636363636,1.5890499999999994,2.006,2.006,2.5286666666666666,2.913333333333333,2.147,1.9623999999999995,2.147
2.584363636363636,2.584363636363636,1.5890499999999994,2.006,2.006,2.5286666666666666,2.913333333333333,2.147,1.9623999999999995,2.147
2.584363636363636,2.584363636363636,1.5890499999999994,2.006,2.006,2.5286666666666666,2.913333333333333,2.147,1.9623999999999995,2.147
2.584363636363636,2.584363636363636,1.5890499999999994,2.006,2.006,2.5286666666666666,2.913333333333333,2.147,1.9623999999999995,2.147
2.584363636363636,2.584363636363636,1.5890499999999994,2.006,2.006,2.5286666666666666,2.913333333333333,2.147,1.9623999999999995,2.147
2.584363636363636,2.584363636363636,1.5890499999999994,2.006,2.006,2.5286666666666666,2.913333333333333,2.147,1.9623999999999995,2.147
2.584363636363636,2.584363636363636,1.5890499999999994,2.006,2.006,2.5286666666666666,2.913333333333333,2.147,1.9623999999999995,2.147
2.584363636363636,2.584363636363636,1.5890499999999994,2.006,2.006,2.5286666666666666,2.913333333333333,2.147,1.9623999999999995,2.147
2.584363636363636,2.584363636363636,1.5890499999999994,2.006,2.006,2.5286666666666666,2.913333333333333,2.147,1.9623999999999995,2.147
2.584363636363636,2.584363636363636,1.5890499999999994,2.006,2.006,2.5286666666666666,2.913333333333333,2.147,1.9623999999999995,2.147
2.584363636363636,2.584363636363636,1.5890499999999994,2.006,2.006,2.5286666666666666,2.913333333333333,2.147,1.9623999999999995,2.147
2.584363636363636,2.584363636363636,1.5890499999999994,2.006,2.006,2.5286666666666666,2.913333333333333,2.147,1.9623999999999995,2.147
2.584363636363636,2.584363636363636,1.5890499999999994,2.006,2.006,2.5286666666666666,2.913333333333333,2.147,1.9623999999999995,2.147
2.584363636363636,2.584363636363636,1.5890499999999994,2.006,2.006,2.5286666666666666,2.913333333333333,2.147,1.9623999999999995,2.147
2.584363636363636,2.584363636363636,1.5890499999999994,2.006,2.006,2.5286666666666666,2.913333333333333,2.147,1.9623999999999995,2.147
2.584363636363636,2.584363636363636,1.5890499999999994,2.006,2.006,2.5286666666666666,2.913333333333333,2.147,1.9623999999999995,2.147
2.584363636363636,2.584363636363636,1.5890499999999994,2.006,2.006,2.5286666666666666,2.913333333333333,2.147,1.9623999999999995,2.147
2.584363636363636,2.584363636363636,1.5890499999999994,2.006,2.006,2.5286666666666666,2.913333333333333,2.147,1.9623999999999995,2.147
2.584363636363636,2.584363636363636,1.5890499999999994,2.006,2.006,2.5286666666666666,2.913333333333333,2.147,1.9623999999999995,2.147
2.584363636363636,2.584363636363636,1.5890499999999994,2.006,2.006,2.5286666666666666,2.913333333333333,2.147,1.9623999999999995,2.147
2.584363636363636,2.584363636363636,1.5890499999999994,2.006,2.006,2.5286666666666666,2.913333333333333,2.147,1.9623999999999995,2.147
2.584363636363636,2.584363636363636,1.5890499999999994,2.006,2.006,2.5286666666666666,2.913333333333333,2.147,1.9623999999999995,2.147
2.584363636363636,2.584363636363636,1.5890499999999994,2.006,2.006,2.5286666666666666,2.913333333333333,2.147,1.9623999999999995,2.147
2.584363636363636,2.584363636363636,1.5890499999999994,2.006,2.006,2.5286666666666666,2.913333333333333,2.147,1.9623999999999995,2.147
2.5321999999999996,2.5321999999999996,1.5119999999999998,1.979,1.979,2.444666666666667,2.8373333333333335,2.21,1.92625,2.21
2.5321999999999996,2.5321999999999996,1.5119999999999998,1.979,1.979,2.444666666666667,2.8373333333333335,2.21,1.92625,2.21
2.5321999999999996,2.5321999999999996,1.5119999999999998,1.979,1.979,2.444666666666667,2.8373333333333335,2.21,1.92625,2.21
2.5321999999999996,2.5321999999999996,1.5119999999999998,1.979,1.979,2.444666666666667,2.8373333333333335,2.21,1.92625,2.21
2.5321999999999996,2.5321999999999996,1.5119999999999998,1.979,1.979,2.444666666666667,2.8373333333333335,2.21,1.92625,2.21
2.5321999999999996,2.5321999999999996,1.5119999999999998,1.979,1.979,2.444666666666667,2.8373333333333335,2.21,1.92625,2.21
2.5321999999999996,2.5321999999999996,1.5119999999999998,1.979,1.979,2.444666666666667,2.8373333333333335,2.21,1.92625,2.21
2.5321999999999996,2.5321999999999996,1.5119999999999998,1.979,1.979,2.444666666666667,2.8373333333333335,2.21,1.92625,2.21
2.5321999999999996,2.5321999999999996,1.5119999999999998,1.979,1.979,2.444666666666667,2.8373333333333335,2.21,1.92625,2.21
2.5321999999999996,2.5321999999999996,1.5119999999999998,1.979,1.979,2.444666666666667,2.8373333333333335,2.21,1.92625,2.21
2.5321999999999996,2.5321999999999996,1.5119999999999998,1.979,1.979,2.444666666666667,2.8373333333333335,2.21,1.92625,2.21
2.5321999999999996,2.5321999999999996,1.5119999999999998,1.979,1.979,2.444666666666667,2.8373333333333335,2.21,1.92625,2.21
2.5321999999999996,2.5321999999999996,1.5119999999999998,1.979,1.979,2.444666666666667,2.8373333333333335,2.21,1.92625,2.21
2.5321999999999996,2.5321999999999996,1.5119999999999998,1.979,1.979,2.444666666666667,2.8373333333333335,2.21,1.92625,2.21
2.5321999999999996,2.5321999999999996,1.5119999999999998,1.979,1.979,2.444666666666667,2.8373333333333335,2.21,1.92625,2.21
2.5321999999999996,2.5321999999999996,1.5119999999999998,1.979,1.979,2.444666666666667,2.8373333333333335,2.21,1.92625,2.21
2.5321999999999996,2.5321999999999996,1.5119999999999998,1.979,1.979,2.444666666666667,2.8373333333333335,2.21,1.92625,2.21
2.5321999999999996,2.5321999999999996,1.5119999999999998,1.979,1.979,2.444666666666667,2.8373333333333335,2.21,1.92625,2.21
2.5321999999999996,2.5321999999999996,1.5119999999999998,1.979,1.979,2.444666666666667,2.8373333333333335,2.21,1.92625,2.21
2.5321999999999996,2.5321999999999996,1.5119999999999998,1.979,1.979,2.444666666666667,2.8373333333333335,2.21,1.92625,2.21
2.5321999999999996,2.5321999999999996,1.5119999999999998,1.979,1.979,2.444666666666667,2.8373333333333335,2.21,1.92625,2.21
2.5321999999999996,2.5321999999999996,1.5119999999999998,1.979,1.979,2.444666666666667,2.8373333333333335,2.21,1.92625,2.21
2.5321999999999996,2.5321999999999996,1.5119999999999998,1.979,1.979,2.444666666666667,2.8373333333333335,2.21,1.92625,2.21
2.5321999999999996,2.5321999999999996,1.5119999999999998,1.979,1.979,2.444666666666667,2.8373333333333335,2.21,1.92625,2.21
2.5321999999999996,2.5321999999999996,1.5119999999999998,1.979,1.979,2.444666666666667,2.8373333333333335,2.21,1.92625,2.21
2.5321999999999996,2.5321999999999996,1.5119999999999998,1.979,1.979,2.444666666666667,2.8373333333333335,2.21,1.92625,2.21
2.5321999999999996,2.5321999999999996,1.5119999999999998,1.979,1.979,2.444666666666667,2.8373333333333335,2.21,1.92625,2.21
2.5321999999999996,2.5321999999999996,1.5119999999999998,1.979,1.979,2.444666666666667,2.8373333333333335,2.21,1.92625,2.21
2.456625,2.456625,1.5906666666666667,1.9369999999999998,1.9369999999999998,2.144,2.864,2.193,1.9172777777777776,2.193
2.456625,2.456625,1.5906666666666667,1.9369999999999998,1.9369999999999998,2.144,2.864,2.193,1.9172777777777776,2.193
2.456625,2.456625,1.5906666666666667,1.9369999999999998,1.9369999999999998,2.144,2.864,2.193,1.9172777777777776,2.193
2.456625,2.456625,1.5906666666666667,1.9369999999999998,1.9369999999999998,2.144,2.864,2.193,1.9172777777777776,2.193
2.456625,2.456625,1.5906666666666667,1.9369999999999998,1.9369999999999998,2.144,2.864,2.193,1.9172777777777776,2.193
2.456625,2.456625,1.5906666666666667,1.9369999999999998,1.9369999999999998,2.144,2.864,2.193,1.9172777777777776,2.193
2.456625,2.456625,1.5906666666666667,1.9369999999999998,1.9369999999999998,2.144,2.864,2.193,1.9172777777777776,2.193
2.456625,2.456625,1.5906666666666667,1.9369999999999998,1.9369999999999998,2.144,2.864,2.193,1.9172777777777776,2.193
2.456625,2.456625,1.5906666666666667,1.9369999999999998,1.9369999999999998,2.144,2.864,2.193,1.9172777777777776,2.193
2.456625,2.456625,1.5906666666666667,1.9369999999999998,1.9369999999999998,2.144,2.864,2.193,1.9172777777777776,2.193
2.456625,2.456625,1.5906666666666667,1.9369999999999998,1.9369999999999998,2.144,2.864,2.193,1.9172777777777776,2.193
2.456625,2.456625,1.5906666666666667,1.9369999999999998,1.9369999999999998,2.144,2.864,2.193,1.9172777777777776,2.193
2.456625,2.456625,1.5906666666666667,1.9369999999999998,1.9369999999999998,2.144,2.864,2.193,1.9172777777777776,2.193
2.456625,2.456625,1.5906666666666667,1.9369999999999998,1.9369999999999998,2.144,2.864,2.193,1.9172777777777776,2.193
2.456625,2.456625,1.5906666666666667,1.9369999999999998,1.9369999999999998,2.144,2.864,2.193,1.9172777777777776,2.193
2.456625,2.456625,1.5906666666666667,1.9369999999999998,1.9369999999999998,2.144,2.864,2.193,1.9172777777777776,2.193
2.456625,2.456625,1.5906666666666667,1.9369999999999998,1.9369999999999998,2.144,2.864,2.193,1.9172777777777776,2.193
2.456625,2.456625,1.5906666666666667,1.9369999999999998,1.9369999999999998,2.144,2.864,2.193,1.9172777777777776,2.193
2.456625,2.456625,1.5906666666666667,1.9369999999999998,1.9369999999999998,2.144,2.864,2.193,1.9172777777777776,2.193
2.456625,2.456625,1.5906666666666667,1.9369999999999998,1.9369999999999998,2.144,2.864,2.193,1.9172777777777776,2.193
2.456625,2.456625,1.5906666666666667,1.9369999999999998,1.9369999999999998,2.144,2.864,2.193,1.9172777777777776,2.193
2.456625,2.456625,1.5906666666666667,1.9369999999999998,1.9369999999999998,2.144,2.864,2.193,1.9172777777777776,2.193
2.456625,2.456625,1.5906666666666667,1.9369999999999998,1.9369999999999998,2.144,2.864,2.193,1.9172777777777776,2.193
2.456625,2.456625,1.5906666666666667,1.9369999999999998,1.9369999999999998,2.144,2.864,2.193,1.9172777777777776,2.193
2.456625,2.456625,1.5906666666666667,1.9369999999999998,1.9369999999999998,2.144,2.864,2.193,1.9172777777777776,2.193
2.456625,2.456625,1.5906666666666667,1.9369999999999998,1.9369999999999998,2.144,2.864,2.193,1.9172777777777776,2.193
2.456625,2.456625,1.5906666666666667,1.9369999999999998,1.9369999999999998,2.144,2.864,2.193,1.9172777777777776,2.193
2.456625,2.456625,1.5906666666666667,1.9369999999999998,1.9369999999999998,2.144,2.864,2.193,1.9172777777777776,2.193
2.456625,2.456625,1.5906666666666667,1.9369999999999998,1.9369999999999998,2.144,2.864,2.193,1.9172777777777776,2.193
2.456625,2.456625,1.5906666666666667,1.9369999999999998,1.9369999999999998,2.144,2.864,2.193,1.9172777777777776,2.193
2.456625,2.456625,1.5906666666666667,1.9369999999999998,1.9369999999999998,2.144,2.864,2.193,1.9172777777777776,2.193
2.4816,2.4816,1.5745000000000002,1.912,1.912,2.533333333333333,2.449,2.193,1.8931904761904763,2.193
2.4816,2.4816,1.5745000000000002,1.912,1.912,2.533333333333333,2.449,2.193,1.8931904761904763,2.193
2.4816,2.4816,1.5745000000000002,1.912,1.912,2.533333333333333,2.449,2.193,1.8931904761904763,2.193
2.4816,2.4816,1.5745000000000002,1.912,1.912,2.533333333333333,2.449,2.193,1.8931904761904763,2.193
2.4816,2.4816,1.5745000000000002,1.912,1.912,2.533333333333333,2.449,2.193,1.8931904761904763,2.193
2.4816,2.4816,1.5745000000000002,1.912,1.912,2.533333333333333,2.449,2.193,1.8931904761904763,2.193
2.4816,2.4816,1.5745000000000002,1.912,1.912,2.533333333333333,2.449,2.193,1.8931904761904763,2.193
2.4816,2.4816,1.5745000000000002,1.912,1.912,2.533333333333333,2.449,2.193,1.8931904761904763,2.193
2.4816,2.4816,1.5745000000000002,1.912,1.912,2.533333333333333,2.449,2.193,1.8931904761904763,2.193
2.4816,2.4816,1.5745000000000002,1.912,1.912,2.533333333333333,2.449,2.193,1.8931904761904763,2.193
2.4816,2.4816,1.5745000000000002,1.912,1.912,2.533333333333333,2.449,2.193,1.8931904761904763,2.193
2.4816,2.4816,1.5745000000000002,1.912,1.912,2.533333333333333,2.449,2.193,1.8931904761904763,2.193
2.4816,2.4816,1.5745000000000002,1.912,1.912,2.533333333333333,2.449,2.193,1.8931904761904763,2.193
2.4816,2.4816,1.5745000000000002,1.912,1.912,2.533333333333333,2.449,2.193,1.8931904761904763,2.193
2.4816,2.4816,1.5745000000000002,1.912,1.912,2.533333333333333,2.449,2.193,1.8931904761904763,2.193
2.4816,2.4816,1.5745000000000002,1.912,1.912,2.533333333333333,2.449,2.193,1.8931904761904763,2.193
2.4816,2.4816,1.5745000000000002,1.912,1.912,2.533333333333333,2.449,2.193,1.8931904761904763,2.193
2.4816,2.4816,1.5745000000000002,1.912,1.912,2.533333333333333,2.449,2.193,1.8931904761904763,2.193
2.4816,2.4816,1.5745000000000002,1.912,1.912,2.533333333333333,2.449,2.193,1.8931904761904763,2.193
2.4816,2.4816,1.5745000000000002,1.912,1.912,2.533333333333333,2.449,2.193,1.8931904761904763,2.193
2.4816,2.4816,1.5745000000000002,1.912,1.912,2.533333333333333,2.449,2.193,1.8931904761904763,2.193
2.4816,2.4816,1.5745000000000002,1.912,1.912,2.533333333333333,2.449,2.193,1.8931904761904763,2.193
2.4816,2.4816,1.5745000000000002,1.912,1.912,2.533333333333333,2.449,2.193,1.8931904761904763,2.193
2.4816,2.4816,1.5745000000000002,1.912,1.912,2.533333333333333,2.449,2.193,1.8931904761904763,2.193
2.4816,2.4816,1.5745000000000002,1.912,1.912,2.533333333333333,2.449,2.193,1.8931904761904763,2.193
2.4816,2.4816,1.5745000000000002,1.912,1.912,2.533333333333333,2.449,2.193,1.8931904761904763,2.193
2.4816,2.4816,1.5745000000000002,1.912,1.912,2.533333333333333,2.449,2.193,1.8931904761904763,2.193
2.4816,2.4816,1.5745000000000002,1.912,1.912,2.533333333333333,2.449,2.193,1.8931904761904763,2.193
2.4816,2.4816,1.5745000000000002,1.912,1.912,2.533333333333333,2.449,2.193,1.8931904761904763,2.193
2.4816,2.4816,1.5745000000000002,1.912,1.912,2.533333333333333,2.449,2.193,1.8931904761904763,2.193
2.528285714285714,2.528285714285714,1.5588636363636366,2.199,2.199,2.3823333333333334,2.68,2.193,1.9024285714285714,2.193
2.528285714285714,2.528285714285714,1.5588636363636366,2.199,2.199,2.3823333333333334,2.68,2.193,1.9024285714285714,2.193
2.528285714285714,2.528285714285714,1.5588636363636366,2.199,2.199,2.3823333333333334,2.68,2.193,1.9024285714285714,2.193
2.528285714285714,2.528285714285714,1.5588636363636366,2.199,2.199,2.3823333333333334,2.68,2.193,1.9024285714285714,2.193
2.528285714285714,2.528285714285714,1.5588636363636366,2.199,2.199,2.3823333333333334,2.68,2.193,1.9024285714285714,2.193
2.528285714285714,2.528285714285714,1.5588636363636366,2.199,2.199,2.3823333333333334,2.68,2.193,1.9024285714285714,2.193
2.528285714285714,2.528285714285714,1.5588636363636366,2.199,2.199,2.3823333333333334,2.68,2.193,1.9024285714285714,2.193
2.528285714285714,2.528285714285714,1.5588636363636366,2.199,2.199,2.3823333333333334,2.68,2.193,1.9024285714285714,2.193
2.528285714285714,2.528285714285714,1.5588636363636366,2.199,2.199,2.3823333333333334,2.68,2.193,1.9024285714285714,2.193
2.528285714285714,2.528285714285714,1.5588636363636366,2.199,2.199,2.3823333333333334,2.68,2.193,1.9024285714285714,2.193
2.528285714285714,2.528285714285714,1.5588636363636366,2.199,2.199,2.3823333333333334,2.68,2.193,1.9024285714285714,2.193
2.528285714285714,2.528285714285714,1.5588636363636366,2.199,2.199,2.3823333333333334,2.68,2.193,1.9024285714285714,2.193
2.528285714285714,2.528285714285714,1.5588636363636366,2.199,2.199,2.3823333333333334,2.68,2.193,1.9024285714285714,2.193
2.528285714285714,2.528285714285714,1.5588636363636366,2.199,2.199,2.3823333333333334,2.68,2.193,1.9024285714285714,2.193
2.528285714285714,2.528285714285714,1.5588636363636366,2.199,2.199,2.3823333333333334,2.68,2.193,1.9024285714285714,2.193
2.528285714285714,2.528285714285714,1.5588636363636366,2.199,2.199,2.3823333333333334,2.68,2.193,1.9024285714285714,2.193
2.528285714285714,2.528285714285714,1.5588636363636366,2.199,2.199,2.3823333333333334,2.68,2.193,1.9024285714285714,2.193
2.528285714285714,2.528285714285714,1.5588636363636366,2.199,2.199,2.3823333333333334,2.68,2.193,1.9024285714285714,2.193
2.528285714285714,2.528285714285714,1.5588636363636366,2.199,2.199,2.3823333333333334,2.68,2.193,1.9024285714285714,2.193
2.528285714285714,2.528285714285714,1.5588636363636366,2.199,2.199,2.3823333333333334,2.68,2.193,1.9024285714285714,2.193
2.528285714285714,2.528285714285714,1.5588636363636366,2.199,2.199,2.3823333333333334,2.68,2.193,1.9024285714285714,2.193
2.528285714285714,2.528285714285714,1.5588636363636366,2.199,2.199,2.3823333333333334,2.68,2.193,1.9024285714285714,2.193
2.528285714285714,2.528285714285714,1.5588636363636366,2.199,2.199,2.3823333333333334,2.68,2.193,1.9024285714285714,2.193
2.528285714285714,2.528285714285714,1.5588636363636366,2.199,2.199,2.3823333333333334,2.68,2.193,1.9024285714285714,2.193
2.528285714285714,2.528285714285714,1.5588636363636366,2.199,2.199,2.3823333333333334,2.68,2.193,1.9024285714285714,2.193
2.528285714285714,2.528285714285714,1.5588636363636366,2.199,2.199,2.3823333333333334,2.68,2.193,1.9024285714285714,2.193
2.528285714285714,2.528285714285714,1.5588636363636366,2.199,2.199,2.3823333333333334,2.68,2.193,1.9024285714285714,2.193
2.528285714285714,2.528285714285714,1.5588636363636366,2.199,2.199,2.3823333333333334,2.68,2.193,1.9024285714285714,2.193
2.528285714285714,2.528285714285714,1.5588636363636366,2.199,2.199,2.3823333333333334,2.68,2.193,1.9024285714285714,2.193
2.528285714285714,2.528285714285714,1.5588636363636366,2.199,2.199,2.3823333333333334,2.68,2.193,1.9024285714285714,2.193
2.528285714285714,2.528285714285714,1.5588636363636366,2.199,2.199,2.3823333333333334,2.68,2.193,1.9024285714285714,2.193
2.431,2.431,1.5618571428571428,1.999,1.999,2.4163333333333337,2.7543333333333333,2.193,1.9140526315789472,2.193
2.431,2.431,1.5618571428571428,1.999,1.999,2.4163333333333337,2.7543333333333333,2.193,1.9140526315789472,2.193
2.431,2.431,1.5618571428571428,1.999,1.999,2.4163333333333337,2.7543333333333333,2.193,1.9140526315789472,2.193
2.431,2.431,1.5618571428571428,1.999,1.999,2.4163333333333337,2.7543333333333333,2.193,1.9140526315789472,2.193
2.431,2.431,1.5618571428571428,1.999,1.999,2.4163333333333337,2.7543333333333333,2.193,1.9140526315789472,2.193
2.431,2.431,1.5618571428571428,1.999,1.999,2.4163333333333337,2.7543333333333333,2.193,1.9140526315789472,2.193
2.431,2.431,1.5618571428571428,1.999,1.999,2.4163333333333337,2.7543333333333333,2.193,1.9140526315789472,2.193
2.431,2.431,1.5618571428571428,1.999,1.999,2.4163333333333337,2.7543333333333333,2.193,1.9140526315789472,2.193
2.431,2.431,1.5618571428571428,1.999,1.999,2.4163333333333337,2.7543333333333333,2.193,1.9140526315789472,2.193
2.431,2.431,1.5618571428571428,1.999,1.999,2.4163333333333337,2.7543333333333333,2.193,1.9140526315789472,2.193
2.431,2.431,1.5618571428571428,1.999,1.999,2.4163333333333337,2.7543333333333333,2.193,1.9140526315789472,2.193
2.431,2.431,1.5618571428571428,1.999,1.999,2.4163333333333337,2.7543333333333333,2.193,1.9140526315789472,2.193
2.431,2.431,1.5618571428571428,1.999,1.999,2.4163333333333337,2.7543333333333333,2.193,1.9140526315789472,2.193
2.431,2.431,1.5618571428571428,1.999,1.999,2.4163333333333337,2.7543333333333333,2.193,1.9140526315789472,2.193
2.431,2.431,1.5618571428571428,1.999,1.999,2.4163333333333337,2.7543333333333333,2.193,1.9140526315789472,2.193
2.431,2.431,1.5618571428571428,1.999,1.999,2.4163333333333337,2.7543333333333333,2.193,1.9140526315789472,2.193
2.431,2.431,1.5618571428571428,1.999,1.999,2.4163333333333337,2.7543333333333333,2.193,1.9140526315789472,2.193
2.431,2.431,1.5618571428571428,1.999,1.999,2.4163333333333337,2.7543333333333333,2.193,1.9140526315789472,2.193
2.431,2.431,1.5618571428571428,1.999,1.999,2.4163333333333337,2.7543333333333333,2.193,1.9140526315789472,2.193
2.431,2.431,1.5618571428571428,1.999,1.999,2.4163333333333337,2.7543333333333333,2.193,1.9140526315789472,2.193
2.431,2.431,1.5618571428571428,1.999,1.999,2.4163333333333337,2.7543333333333333,2.193,1.9140526315789472,2.193
2.431,2.431,1.5618571428571428,1.999,1.999,2.4163333333333337,2.7543333333333333,2.193,1.9140526315789472,2.193
2.431,2.431,1.5618571428571428,1.999,1.999,2.4163333333333337,2.7543333333333333,2.193,1.9140526315789472,2.193
2.431,2.431,1.5618571428571428,1.999,1.999,2.4163333333333337,2.7543333333333333,2.193,1.9140526315789472,2.193
2.431,2.431,1.5618571428571428,1.999,1.999,2.4163333333333337,2.7543333333333333,2.193,1.9140526315789472,2.193
2.431,2.431,1.5618571428571428,1.999,1.999,2.4163333333333337,2.7543333333333333,2.193,1.9140526315789472,2.193
2.431,2.431,1.5618571428571428,1.999,1.999,2.4163333333333337,2.7543333333333333,2.193,1.9140526315789472,2.193
2.431,2.431,1.5618571428571428,1.999,1.999,2.4163333333333337,2.7543333333333333,2.193,1.9140526315789472,2.193
2.431,2.431,1.5618571428571428,1.999,1.999,2.4163333333333337,2.7543333333333333,2.193,1.9140526315789472,2.193
2.431,2.431,1.5618571428571428,1.999,1.999,2.4163333333333337,2.7543333333333333,2.193,1.9140526315789472,2.193
2.5012999999999996,2.5012999999999996,1.5950499999999999,1.923,1.923,2.43475,2.8445,2.428,1.903454545454545,2.428
2.5012999999999996,2.5012999999999996,1.5950499999999999,1.923,1.923,2.43475,2.8445,2.428,1.903454545454545,2.428
2.5012999999999996,2.5012999999999996,1.5950499999999999,1.923,1.923,2.43475,2.8445,2.428,1.903454545454545,2.428
2.5012999999999996,2.5012999999999996,1.5950499999999999,1.923,1.923,2.43475,2.8445,2.428,1.903454545454545,2.428
2.5012999999999996,2.5012999999999996,1.5950499999999999,1.923,1.923,2.43475,2.8445,2.428,1.903454545454545,2.428
2.5012999999999996,2.5012999999999996,1.5950499999999999,1.923,1.923,2.43475,2.8445,2.428,1.903454545454545,2.428
2.5012999999999996,2.5012999999999996,1.5950499999999999,1.923,1.923,2.43475,2.8445,2.428,1.903454545454545,2.428
2.5012999999999996,2.5012999999999996,1.5950499999999999,1.923,1.923,2.43475,2.8445,2.428,1.903454545454545,2.428
2.5012999999999996,2.5012999999999996,1.5950499999999999,1.923,1.923,2.43475,2.8445,2.428,1.903454545454545,2.428
2.5012999999999996,2.5012999999999996,1.5950499999999999,1.923,1.923,2.43475,2.8445,2.428,1.903454545454545,2.428
2.5012999999999996,2.5012999999999996,1.5950499999999999,1.923,1.923,2.43475,2.8445,2.428,1.903454545454545,2.428
2.5012999999999996,2.5012999999999996,1.5950499999999999,1.923,1.923,2.43475,2.8445,2.428,1.903454545454545,2.428
2.5012999999999996,2.5012999999999996,1.5950499999999999,1.923,1.923,2.43475,2.8445,2.428,1.903454545454545,2.428
2.5012999999999996,2.5012999999999996,1.5950499999999999,1.923,1.923,2.43475,2.8445,2.428,1.903454545454545,2.428
2.5012999999999996,2.5012999999999996,1.5950499999999999,1.923,1.923,2.43475,2.8445,2.428,1.903454545454545,2.428
2.5012999999999996,2.5012999999999996,1.5950499999999999,1.923,1.923,2.43475,2.8445,2.428,1.903454545454545,2.428
2.5012999999999996,2.5012999999999996,1.5950499999999999,1.923,1.923,2.43475,2.8445,2.428,1.903454545454545,2.428
2.5012999999999996,2.5012999999999996,1.5950499999999999,1.923,1.923,2.43475,2.8445,2.428,1.903454545454545,2.428
2.5012999999999996,2.5012999999999996,1.5950499999999999,1.923,1.923,2.43475,2.8445,2.428,1.903454545454545,2.428
2.5012999999999996,2.5012999999999996,1.5950499999999999,1.923,1.923,2.43475,2.8445,2.428,1.903454545454545,2.428
2.5012999999999996,2.5012999999999996,1.5950499999999999,1.923,1.923,2.43475,2.8445,2.428,1.903454545454545,2.428
2.5012999999999996,2.5012999999999996,1.5950499999999999,1.923,1.923,2.43475,2.8445,2.428,1.903454545454545,2.428
2.5012999999999996,2.5012999999999996,1.5950499999999999,1.923,1.923,2.43475,2.8445,2.428,1.903454545454545,2.428
2.5012999999999996,2.5012999999999996,1.5950499999999999,1.923,1.923,2.43475,2.8445,2.428,1.903454545454545,2.428
2.5012999999999996,2.5012999999999996,1.5950499999999999,1.923,1.923,2.43475,2.8445,2.428,1.903454545454545,2.428
2.5012999999999996,2.5012999999999996,1.5950499999999999,1.923,1.923,2.43475,2.8445,2.428,1.903454545454545,2.428
2.5012999999999996,2.5012999999999996,1.5950499999999999,1.923,1.923,2.43475,2.8445,2.428,1.903454545454545,2.428
2.5012999999999996,2.5012999999999996,1.5950499999999999,1.923,1.923,2.43475,2.8445,2.428,1.903454545454545,2.428
2.5012999999999996,2.5012999999999996,1.5950499999999999,1.923,1.923,2.43475,2.8445,2.428,1.903454545454545,2.428
2.5012999999999996,2.5012999999999996,1.5950499999999999,1.923,1.923,2.43475,2.8445,2.428,1.903454545454545,2.428
2.5012999999999996,2.5012999999999996,1.5950499999999999,1.923,1.923,2.43475,2.8445,2.428,1.903454545454545,2.428
2.5222999999999995,2.5222999999999995,1.5521363636363636,1.983,1.983,2.369666666666667,2.6536666666666666,2.299,1.9498500000000005,2.299
2.5222999999999995,2.5222999999999995,1.5521363636363636,1.983,1.983,2.369666666666667,2.6536666666666666,2.299,1.9498500000000005,2.299
2.5222999999999995,2.5222999999999995,1.5521363636363636,1.983,1.983,2.369666666666667,2.6536666666666666,2.299,1.9498500000000005,2.299
2.5222999999999995,2.5222999999999995,1.5521363636363636,1.983,1.983,2.369666666666667,2.6536666666666666,2.299,1.9498500000000005,2.299
2.5222999999999995,2.5222999999999995,1.5521363636363636,1.983,1.983,2.369666666666667,2.6536666666666666,2.299,1.9498500000000005,2.299
2.5222999999999995,2.5222999999999995,1.5521363636363636,1.983,1.983,2.369666666666667,2.6536666666666666,2.299,1.9498500000000005,2.299
2.5222999999999995,2.5222999999999995,1.5521363636363636,1.983,1.983,2.369666666666667,2.6536666666666666,2.299,1.9498500000000005,2.299
2.5222999999999995,2.5222999999999995,1.5521363636363636,1.983,1.983,2.369666666666667,2.6536666666666666,2.299,1.9498500000000005,2.299
2.5222999999999995,2.5222999999999995,1.5521363636363636,1.983,1.983,2.369666666666667,2.6536666666666666,2.299,1.9498500000000005,2.299
2.5222999999999995,2.5222999999999995,1.5521363636363636,1.983,1.983,2.369666666666667,2.6536666666666666,2.299,1.9498500000000005,2.299
2.5222999999999995,2.5222999999999995,1.5521363636363636,1.983,1.983,2.369666666666667,2.6536666666666666,2.299,1.9498500000000005,2.299
2.5222999999999995,2.5222999999999995,1.5521363636363636,1.983,1.983,2.369666666666667,2.6536666666666666,2.299,1.9498500000000005,2.299
2.5222999999999995,2.5222999999999995,1.5521363636363636,1.983,1.983,2.369666666666667,2.6536666666666666,2.299,1.9498500000000005,2.299
2.5222999999999995,2.5222999999999995,1.5521363636363636,1.983,1.983,2.369666666666667,2.6536666666666666,2.299,1.9498500000000005,2.299
2.5222999999999995,2.5222999999999995,1.5521363636363636,1.983,1.983,2.369666666666667,2.6536666666666666,2.299,1.9498500000000005,2.299
2.5222999999999995,2.5222999999999995,1.5521363636363636,1.983,1.983,2.369666666666667,2.6536666666666666,2.299,1.9498500000000005,2.299
2.5222999999999995,2.5222999999999995,1.5521363636363636,1.983,1.983,2.369666666666667,2.6536666666666666,2.299,1.9498500000000005,2.299
2.5222999999999995,2.5222999999999995,1.5521363636363636,1.983,1.983,2.369666666666667,2.6536666666666666,2.299,1.9498500000000005,2.299
2.5222999999999995,2.5222999999999995,1.5521363636363636,1.983,1.983,2.369666666666667,2.6536666666666666,2.299,1.9498500000000005,2.299
2.5222999999999995,2.5222999999999995,1.5521363636363636,1.983,1.983,2.369666666666667,2.6536666666666666,2.299,1.9498500000000005,2.299
2.5222999999999995,2.5222999999999995,1.5521363636363636,1.983,1.983,2.369666666666667,2.6536666666666666,2.299,1.9498500000000005,2.299
2.5222999999999995,2.5222999999999995,1.5521363636363636,1.983,1.983,2.369666666666667,2.6536666666666666,2.299,1.9498500000000005,2.299
2.5222999999999995,2.5222999999999995,1.5521363636363636,1.983,1.983,2.369666666666667,2.6536666666666666,2.299,1.9498500000000005,2.299
2.5222999999999995,2.5222999999999995,1.5521363636363636,1.983,1.983,2.369666666666667,2.6536666666666666,2.299,1.9498500000000005,2.299
2.5222999999999995,2.5222999999999995,1.5521363636363636,1.983,1.983,2.369666666666667,2.6536666666666666,2.299,1.9498500000000005,2.299
2.5222999999999995,2.5222999999999995,1.5521363636363636,1.983,1.983,2.369666666666667,2.6536666666666666,2.299,1.9498500000000005,2.299
2.5222999999999995,2.5222999999999995,1.5521363636363636,1.983,1.983,2.369666666666667,2.6536666666666666,2.299,1.9498500000000005,2.299
2.5222999999999995,2.5222999999999995,1.5521363636363636,1.983,1.983,2.369666666666667,2.6536666666666666,2.299,1.9498500000000005,2.299
2.5222999999999995,2.5222999999999995,1.5521363636363636,1.983,1.983,2.369666666666667,2.6536666666666666,2.299,1.9498500000000005,2.299
2.5222999999999995,2.5222999999999995,1.5521363636363636,1.983,1.983,2.369666666666667,2.6536666666666666,2.299,1.9498500000000005,2.299
2.5222999999999995,2.5222999999999995,1.5521363636363636,1.983,1.983,2.369666666666667,2.6536666666666666,2.299,1.9498500000000005,2.299
2.4963333333333333,2.4963333333333333,1.55875,1.9680000000000002,1.9680000000000002,2.241,2.6993333333333336,2.392,1.8510999999999997,2.392
2.4963333333333333,2.4963333333333333,1.55875,1.9680000000000002,1.9680000000000002,2.241,2.6993333333333336,2.392,1.8510999999999997,2.392
2.4963333333333333,2.4963333333333333,1.55875,1.9680000000000002,1.9680000000000002,2.241,2.6993333333333336,2.392,1.8510999999999997,2.392
2.4963333333333333,2.4963333333333333,1.55875,1.9680000000000002,1.9680000000000002,2.241,2.6993333333333336,2.392,1.8510999999999997,2.392
2.4963333333333333,2.4963333333333333,1.55875,1.9680000000000002,1.9680000000000002,2.241,2.6993333333333336,2.392,1.8510999999999997,2.392
2.4963333333333333,2.4963333333333333,1.55875,1.9680000000000002,1.9680000000000002,2.241,2.6993333333333336,2.392,1.8510999999999997,2.392
2.4963333333333333,2.4963333333333333,1.55875,1.9680000000000002,1.9680000000000002,2.241,2.6993333333333336,2.392,1.8510999999999997,2.392
2.4963333333333333,2.4963333333333333,1.55875,1.9680000000000002,1.9680000000000002,2.241,2.6993333333333336,2.392,1.8510999999999997,2.392
2.4963333333333333,2.4963333333333333,1.55875,1.9680000000000002,1.9680000000000002,2.241,2.6993333333333336,2.392,1.8510999999999997,2.392
2.4963333333333333,2.4963333333333333,1.55875,1.9680000000000002,1.9680000000000002,2.241,2.6993333333333336,2.392,1.8510999999999997,2.392
2.4963333333333333,2.4963333333333333,1.55875,1.9680000000000002,1.9680000000000002,2.241,2.6993333333333336,2.392,1.8510999999999997,2.392
2.4963333333333333,2.4963333333333333,1.55875,1.9680000000000002,1.9680000000000002,2.241,2.6993333333333336,2.392,1.8510999999999997,2.392
2.4963333333333333,2.4963333333333333,1.55875,1.9680000000000002,1.9680000000000002,2.241,2.6993333333333336,2.392,1.8510999999999997,2.392
2.4963333333333333,2.4963333333333333,1.55875,1.9680000000000002,1.9680000000000002,2.241,2.6993333333333336,2.392,1.8510999999999997,2.392
2.4963333333333333,2.4963333333333333,1.55875,1.9680000000000002,1.9680000000000002,2.241,2.6993333333333336,2.392,1.8510999999999997,2.392
2.4963333333333333,2.4963333333333333,1.55875,1.9680000000000002,1.9680000000000002,2.241,2.6993333333333336,2.392,1.8510999999999997,2.392
2.4963333333333333,2.4963333333333333,1.55875,1.9680000000000002,1.9680000000000002,2.241,2.6993333333333336,2.392,1.8510999999999997,2.392
2.4963333333333333,2.4963333333333333,1.55875,1.9680000000000002,1.9680000000000002,2.241,2.6993333333333336,2.392,1.8510999999999997,2.392
2.4963333333333333,2.4963333333333333,1.55875,1.9680000000000002,1.9680000000000002,2.241,2.6993333333333336,2.392,1.8510999999999997,2.392
2.4963333333333333,2.4963333333333333,1.55875,1.9680000000000002,1.9680000000000002,2.241,2.6993333333333336,2.392,1.8510999999999997,2.392
2.4963333333333333,2.4963333333333333,1.55875,1.9680000000000002,1.9680000000000002,2.241,2.6993333333333336,2.392,1.8510999999999997,2.392
2.4963333333333333,2.4963333333333333,1.55875,1.9680000000000002,1.9680000000000002,2.241,2.6993333333333336,2.392,1.8510999999999997,2.392
2.4963333333333333,2.4963333333333333,1.55875,1.9680000000000002,1.9680000000000002,2.241,2.6993333333333336,2.392,1.8510999999999997,2.392
2.4963333333333333,2.4963333333333333,1.55875,1.9680000000000002,1.9680000000000002,2.241,2.6993333333333336,2.392,1.8510999999999997,2.392
2.4963333333333333,2.4963333333333333,1.55875,1.9680000000000002,1.9680000000000002,2.241,2.6993333333333336,2.392,1.8510999999999997,2.392
2.4963333333333333,2.4963333333333333,1.55875,1.9680000000000002,1.9680000000000002,2.241,2.6993333333333336,2.392,1.8510999999999997,2.392
2.4963333333333333,2.4963333333333333,1.55875,1.9680000000000002,1.9680000000000002,2.241,2.6993333333333336,2.392,1.8510999999999997,2.392
2.4963333333333333,2.4963333333333333,1.55875,1.9680000000000002,1.9680000000000002,2.241,2.6993333333333336,2.392,1.8510999999999997,2.392
2.4963333333333333,2.4963333333333333,1.55875,1.9680000000000002,1.9680000000000002,2.241,2.6993333333333336,2.392,1.8510999999999997,2.392
2.4963333333333333,2.4963333333333333,1.55875,1.9680000000000002,1.9680000000000002,2.241,2.6993333333333336,2.392,1.8510999999999997,2.392
2.446818181818182,2.446818181818182,1.6393076923076921,1.555,1.555,2.511,2.455,2.414,1.8605882352941179,2.414
2.446818181818182,2.446818181818182,1.6393076923076921,1.555,1.555,2.511,2.455,2.414,1.8605882352941179,2.414
2.446818181818182,2.446818181818182,1.6393076923076921,1.555,1.555,2.511,2.455,2.414,1.8605882352941179,2.414
2.446818181818182,2.446818181818182,1.6393076923076921,1.555,1.555,2.511,2.455,2.414,1.8605882352941179,2.414
2.446818181818182,2.446818181818182,1.6393076923076921,1.555,1.555,2.511,2.455,2.414,1.8605882352941179,2.414
2.446818181818182,2.446818181818182,1.6393076923076921,1.555,1.555,2.511,2.455,2.414,1.8605882352941179,2.414
2.446818181818182,2.446818181818182,1.6393076923076921,1.555,1.555,2.511,2.455,2.414,1.8605882352941179,2.414
2.446818181818182,2.446818181818182,1.6393076923076921,1.555,1.555,2.511,2.455,2.414,1.8605882352941179,2.414
2.446818181818182,2.446818181818182,1.6393076923076921,1.555,1.555,2.511,2.455,2.414,1.8605882352941179,2.414
2.446818181818182,2.446818181818182,1.6393076923076921,1.555,1.555,2.511,2.455,2.414,1.8605882352941179,2.414
2.446818181818182,2.446818181818182,1.6393076923076921,1.555,1.555,2.511,2.455,2.414,1.8605882352941179,2.414
2.446818181818182,2.446818181818182,1.6393076923076921,1.555,1.555,2.511,2.455,2.414,1.8605882352941179,2.414
2.446818181818182,2.446818181818182,1.6393076923076921,1.555,1.555,2.511,2.455,2.414,1.8605882352941179,2.414
2.446818181818182,2.446818181818182,1.6393076923076921,1.555,1.555,2.511,2.455,2.414,1.8605882352941179,2.414
2.446818181818182,2.446818181818182,1.6393076923076921,1.555,1.555,2.511,2.455,2.414,1.8605882352941179,2.414
2.446818181818182,2.446818181818182,1.6393076923076921,1.555,1.555,2.511,2.455,2.414,1.8605882352941179,2.414
2.446818181818182,2.446818181818182,1.6393076923076921,1.555,1.555,2.511,2.455,2.414,1.8605882352941179,2.414
2.446818181818182,2.446818181818182,1.6393076923076921,1.555,1.555,2.511,2.455,2.414,1.8605882352941179,2.414
2.446818181818182,2.446818181818182,1.6393076923076921,1.555,1.555,2.511,2.455,2.414,1.8605882352941179,2.414
2.446818181818182,2.446818181818182,1.6393076923076921,1.555,1.555,2.511,2.455,2.414,1.8605882352941179,2.414
2.446818181818182,2.446818181818182,1.6393076923076921,1.555,1.555,2.511,2.455,2.414,1.8605882352941179,2.414
2.446818181818182,2.446818181818182,1.6393076923076921,1.555,1.555,2.511,2.455,2.414,1.8605882352941179,2.414
2.446818181818182,2.446818181818182,1.6393076923076921,1.555,1.555,2.511,2.455,2.414,1.8605882352941179,2.414
2.446818181818182,2.446818181818182,1.6393076923076921,1.555,1.555,2.511,2.455,2.414,1.8605882352941179,2.414
2.446818181818182,2.446818181818182,1.6393076923076921,1.555,1.555,2.511,2.455,2.414,1.8605882352941179,2.414
2.446818181818182,2.446818181818182,1.6393076923076921,1.555,1.555,2.511,2.455,2.414,1.8605882352941179,2.414
2.446818181818182,2.446818181818182,1.6393076923076921,1.555,1.555,2.511,2.455,2.414,1.8605882352941179,2.414
2.446818181818182,2.446818181818182,1.6393076923076921,1.555,1.555,2.511,2.455,2.414,1.8605882352941179,2.414
2.446818181818182,2.446818181818182,1.6393076923076921,1.555,1.555,2.511,2.455,2.414,1.8605882352941179,2.414
2.446818181818182,2.446818181818182,1.6393076923076921,1.555,1.555,2.511,2.455,2.414,1.8605882352941179,2.414
2.446818181818182,2.446818181818182,1.6393076923076921,1.555,1.555,2.511,2.455,2.414,1.8605882352941179,2.414
2.4676363636363634,2.4676363636363634,1.4882999999999997,2.061,2.061,2.5133333333333336,2.6783333333333332,2.2960000000000003,1.8051764705882354,2.2960000000000003
2.4676363636363634,2.4676363636363634,1.4882999999999997,2.061,2.061,2.5133333333333336,2.6783333333333332,2.2960000000000003,1.8051764705882354,2.2960000000000003
2.4676363636363634,2.4676363636363634,1.4882999999999997,2.061,2.061,2.5133333333333336,2.6783333333333332,2.2960000000000003,1.8051764705882354,2.2960000000000003
2.4676363636363634,2.4676363636363634,1.4882999999999997,2.061,2.061,2.5133333333333336,2.6783333333333332,2.2960000000000003,1.8051764705882354,2.2960000000000003
2.4676363636363634,2.4676363636363634,1.4882999999999997,2.061,2.061,2.5133333333333336,2.6783333333333332,2.2960000000000003,1.8051764705882354,2.2960000000000003
2.4676363636363634,2.4676363636363634,1.4882999999999997,2.061,2.061,2.5133333333333336,2.6783333333333332,2.2960000000000003,1.8051764705882354,2.2960000000000003
2.4676363636363634,2.4676363636363634,1.4882999999999997,2.061,2.061,2.5133333333333336,2.6783333333333332,2.2960000000000003,1.8051764705882354,2.2960000000000003
2.4676363636363634,2.4676363636363634,1.4882999999999997,2.061,2.061,2.5133333333333336,2.6783333333333332,2.2960000000000003,1.8051764705882354,2.2960000000000003
2.4676363636363634,2.4676363636363634,1.4882999999999997,2.061,2.061,2.5133333333333336,2.6783333333333332,2.2960000000000003,1.8051764705882354,2.2960000000000003
2.4676363636363634,2.4676363636363634,1.4882999999999997,2.061,2.061,2.5133333333333336,2.6783333333333332,2.2960000000000003,1.8051764705882354,2.2960000000000003
2.4676363636363634,2.4676363636363634,1.4882999999999997,2.061,2.061,2.5133333333333336,2.6783333333333332,2.2960000000000003,1.8051764705882354,2.2960000000000003
2.4676363636363634,2.4676363636363634,1.4882999999999997,2.061,2.061,2.5133333333333336,2.6783333333333332,2.2960000000000003,1.8051764705882354,2.2960000000000003
2.4676363636363634,2.4676363636363634,1.4882999999999997,2.061,2.061,2.5133333333333336,2.6783333333333332,2.2960000000000003,1.8051764705882354,2.2960000000000003
2.4676363636363634,2.4676363636363634,1.4882999999999997,2.061,2.061,2.5133333333333336,2.6783333333333332,2.2960000000000003,1.8051764705882354,2.2960000000000003
2.4676363636363634,2.4676363636363634,1.4882999999999997,2.061,2.061,2.5133333333333336,2.6783333333333332,2.2960000000000003,1.8051764705882354,2.2960000000000003
2.4676363636363634,2.4676363636363634,1.4882999999999997,2.061,2.061,2.5133333333333336,2.6783333333333332,2.2960000000000003,1.8051764705882354,2.2960000000000003
2.4676363636363634,2.4676363636363634,1.4882999999999997,2.061,2.061,2.5133333333333336,2.6783333333333332,2.2960000000000003,1.8051764705882354,2.2960000000000003
2.4676363636363634,2.4676363636363634,1.4882999999999997,2.061,2.061,2.5133333333333336,2.6783333333333332,2.2960000000000003,1.8051764705882354,2.2960000000000003
2.4676363636363634,2.4676363636363634,1.4882999999999997,2.061,2.061,2.5133333333333336,2.6783333333333332,2.2960000000000003,1.8051764705882354,2.2960000000000003
2.4676363636363634,2.4676363636363634,1.4882999999999997,2.061,2.061,2.5133333333333336,2.6783333333333332,2.2960000000000003,1.8051764705882354,2.2960000000000003
2.4676363636363634,2.4676363636363634,1.4882999999999997,2.061,2.061,2.5133333333333336,2.6783333333333332,2.2960000000000003,1.8051764705882354,2.2960000000000003
2.4676363636363634,2.4676363636363634,1.4882999999999997,2.061,2.061,2.5133333333333336,2.6783333333333332,2.2960000000000003,1.8051764705882354,2.2960000000000003
2.4676363636363634,2.4676363636363634,1.4882999999999997,2.061,2.061,2.5133333333333336,2.6783333333333332,2.2960000000000003,1.8051764705882354,2.2960000000000003
2.4676363636363634,2.4676363636363634,1.4882999999999997,2.061,2.061,2.5133333333333336,2.6783333333333332,2.2960000000000003,1.8051764705882354,2.2960000000000003
2.4676363636363634,2.4676363636363634,1.4882999999999997,2.061,2.061,2.5133333333333336,2.6783333333333332,2.2960000000000003,1.8051764705882354,2.2960000000000003
2.4676363636363634,2.4676363636363634,1.4882999999999997,2.061,2.061,2.5133333333333336,2.6783333333333332,2.2960000000000003,1.8051764705882354,2.2960000000000003
2.4676363636363634,2.4676363636363634,1.4882999999999997,2.061,2.061,2.5133333333333336,2.6783333333333332,2.2960000000000003,1.8051764705882354,2.2960000000000003
2.4676363636363634,2.4676363636363634,1.4882999999999997,2.061,2.061,2.5133333333333336,2.6783333333333332,2.2960000000000003,1.8051764705882354,2.2960000000000003
2.4676363636363634,2.4676363636363634,1.4882999999999997,2.061,2.061,2.5133333333333336,2.6783333333333332,2.2960000000000003,1.8051764705882354,2.2960000000000003
2.4676363636363634,2.4676363636363634,1.4882999999999997,2.061,2.061,2.5133333333333336,2.6783333333333332,2.2960000000000003,1.8051764705882354,2.2960000000000003
2.3569999999999998,2.3569999999999998,1.5251764705882358,1.57,1.57,2.474666666666667,2.7096666666666662,2.3055000000000003,1.6248947368421052,2.3055000000000003
2.3569999999999998,2.3569999999999998,1.5251764705882358,1.57,1.57,2.474666666666667,2.7096666666666662,2.3055000000000003,1.6248947368421052,2.3055000000000003
2.3569999999999998,2.3569999999999998,1.5251764705882358,1.57,1.57,2.474666666666667,2.7096666666666662,2.3055000000000003,1.6248947368421052,2.3055000000000003
2.3569999999999998,2.3569999999999998,1.5251764705882358,1.57,1.57,2.474666666666667,2.7096666666666662,2.3055000000000003,1.6248947368421052,2.3055000000000003
2.3569999999999998,2.3569999999999998,1.5251764705882358,1.57,1.57,2.474666666666667,2.7096666666666662,2.3055000000000003,1.6248947368421052,2.3055000000000003
2.3569999999999998,2.3569999999999998,1.5251764705882358,1.57,1.57,2.474666666666667,2.7096666666666662,2.3055000000000003,1.6248947368421052,2.3055000000000003
2.3569999999999998,2.3569999999999998,1.5251764705882358,1.57,1.57,2.474666666666667,2.7096666666666662,2.3055000000000003,1.6248947368421052,2.3055000000000003
2.3569999999999998,2.3569999999999998,1.5251764705882358,1.57,1.57,2.474666666666667,2.7096666666666662,2.3055000000000003,1.6248947368421052,2.3055000000000003
2.3569999999999998,2.3569999999999998,1.5251764705882358,1.57,1.57,2.474666666666667,2.7096666666666662,2.3055000000000003,1.6248947368421052,2.3055000000000003
2.3569999999999998,2.3569999999999998,1.5251764705882358,1.57,1.57,2.474666666666667,2.7096666666666662,2.3055000000000003,1.6248947368421052,2.3055000000000003
2.3569999999999998,2.3569999999999998,1.5251764705882358,1.57,1.57,2.474666666666667,2.7096666666666662,2.3055000000000003,1.6248947368421052,2.3055000000000003
2.3569999999999998,2.3569999999999998,1.5251764705882358,1.57,1.57,2.474666666666667,2.7096666666666662,2.3055000000000003,1.6248947368421052,2.3055000000000003
2.3569999999999998,2.3569999999999998,1.5251764705882358,1.57,1.57,2.474666666666667,2.7096666666666662,2.3055000000000003,1.6248947368421052,2.3055000000000003
2.3569999999999998,2.3569999999999998,1.5251764705882358,1.57,1.57,2.474666666666667,2.7096666666666662,2.3055000000000003,1.6248947368421052,2.3055000000000003
2.3569999999999998,2.3569999999999998,1.5251764705882358,1.57,1.57,2.474666666666667,2.7096666666666662,2.3055000000000003,1.6248947368421052,2.3055000000000003
2.3569999999999998,2.3569999999999998,1.5251764705882358,1.57,1.57,2.474666666666667,2.7096666666666662,2.3055000000000003,1.6248947368421052,2.3055000000000003
2.3569999999999998,2.3569999999999998,1.5251764705882358,1.57,1.57,2.474666666666667,2.7096666666666662,2.3055000000000003,1.6248947368421052,2.3055000000000003
2.3569999999999998,2.3569999999999998,1.5251764705882358,1.57,1.57,2.474666666666667,2.7096666666666662,2.3055000000000003,1.6248947368421052,2.3055000000000003
2.3569999999999998,2.3569999999999998,1.5251764705882358,1.57,1.57,2.474666666666667,2.7096666666666662,2.3055000000000003,1.6248947368421052,2.3055000000000003
2.3569999999999998,2.3569999999999998,1.5251764705882358,1.57,1.57,2.474666666666667,2.7096666666666662,2.3055000000000003,1.6248947368421052,2.3055000000000003
2.3569999999999998,2.3569999999999998,1.5251764705882358,1.57,1.57,2.474666666666667,2.7096666666666662,2.3055000000000003,1.6248947368421052,2.3055000000000003
2.3569999999999998,2.3569999999999998,1.5251764705882358,1.57,1.57,2.474666666666667,2.7096666666666662,2.3055000000000003,1.6248947368421052,2.3055000000000003
2.3569999999999998,2.3569999999999998,1.5251764705882358,1.57,1.57,2.474666666666667,2.7096666666666662,2.3055000000000003,1.6248947368421052,2.3055000000000003
2.3569999999999998,2.3569999999999998,1.5251764705882358,1.57,1.57,2.474666666666667,2.7096666666666662,2.3055000000000003,1.6248947368421052,2.3055000000000003
2.3569999999999998,2.3569999999999998,1.5251764705882358,1.57,1.57,2.474666666666667,2.7096666666666662,2.3055000000000003,1.6248947368421052,2.3055000000000003
2.3569999999999998,2.3569999999999998,1.5251764705882358,1.57,1.57,2.474666666666667,2.7096666666666662,2.3055000000000003,1.6248947368421052,2.3055000000000003
2.3569999999999998,2.3569999999999998,1.5251764705882358,1.57,1.57,2.474666666666667,2.7096666666666662,2.3055000000000003,1.6248947368421052,2.3055000000000003
2.3569999999999998,2.3569999999999998,1.5251764705882358,1.57,1.57,2.474666666666667,2.7096666666666662,2.3055000000000003,1.6248947368421052,2.3055000000000003
2.3569999999999998,2.3569999999999998,1.5251764705882358,1.57,1.57,2.474666666666667,2.7096666666666662,2.3055000000000003,1.6248947368421052,2.3055000000000003
2.3569999999999998,2.3569999999999998,1.5251764705882358,1.57,1.57,2.474666666666667,2.7096666666666662,2.3055000000000003,1.6248947368421052,2.3055000000000003
2.3569999999999998,2.3569999999999998,1.5251764705882358,1.57,1.57,2.474666666666667,2.7096666666666662,2.3055000000000003,1.6248947368421052,2.3055000000000003
