line,reactance,limit
line_30144_30174,0.00513,38986.35477582846
line_30144_30172,0.0339583499950405,5889.567662422035
line_40006_40007,0.001189,168208.57863751054
line_40534_40563,0.034713,5761.530262437703
line_10001_10022,0.843845297632547,237.01026783121347
line_10001_10860,1.07835357588476,185.46792487418182
line_10022_13684,1.89492203472482,105.5452395058797
line_10022_11016,0.635290705175731,314.8165058462125
line_10022_10025,0.986226739008377,202.7931226049441
line_10022_10209,0.468073165740345,427.28362708779235
line_10022_10344,1.04840877465198,190.76528624666474
line_10022_10228,0.313724826092075,637.5013494829448
line_10022_10711,0.426477144421396,468.9583078862084
line_10022_10750,0.53635018608392,372.89070683515524
line_10022_10860,0.114007254094068,1754.2743362188069
line_10022_13504,1.56329342131497,127.93503591396762
line_10025_13684,1.73918694302466,114.99626351390116
line_10025_13265,0.964288487344574,207.40681095421292
line_10025_10093,1.623648371748,123.17938014170053
line_10025_10033,0.459784572394855,434.986321873026
line_10025_11016,1.04647863716836,191.1171359801237
line_10025_10209,0.422201457116453,473.70750770487115
line_10025_10344,0.657179873587122,304.3306833307732
line_10025_10228,0.459245665264997,435.49676159620293
line_10025_10711,0.697194603160479,286.8639531823289
line_10025_10750,0.884126682220712,226.21192643756487
line_10025_10860,0.179979813649284,1111.2357321901009
line_10025_13504,1.16454556083241,171.74081180391195
line_10033_13693,0.26066552197266,767.2667964924685
line_10033_13684,1.09729763611369,182.26595357330945
line_10033_13265,0.294426627326919,679.2863872937972
line_10033_10093,0.0613704653396869,3258.896586379059
line_10033_13175,1.17829751752285,169.73641803172305
line_10033_13177,0.974381271506937,205.25846077756444
line_10033_10035,0.00631177343457431,31686.81545260326
line_10033_10209,1.55455022171738,128.65457622787585
line_10033_10344,1.8233170795392,109.6901917084796
line_10033_10228,1.57605280098213,126.89930177172262
line_10033_10711,1.9650576480072,101.77818457530931
line_10033_10860,0.632443077792033,316.2339932602855
line_10033_13504,0.625522066304694,319.732925141252
line_10035_13693,0.334587274848633,597.7513642456362
line_10035_13684,1.7807907634128,112.30965709677739
line_10035_13265,0.424319547904302,471.3428853037583
line_10035_10093,0.323354572938427,618.5160710193014
line_10035_13175,1.69125455957622,118.25540919760434
line_10035_13177,1.40101074136781,142.7540803896618
line_10035_13504,0.990185603604561,201.98233469759845
line_10093_20393,1.51436759441376,132.06833052804708
line_10093_13693,0.174344537835876,1147.1538052329204
line_10093_13684,0.255302157719983,783.3854667979784
line_10093_13265,0.0391575125397404,5107.576733762719
line_10093_13175,0.187777023451628,1065.0930360045922
line_10093_13177,0.0758563229931785,2636.5633358999658
line_10093_11016,1.84531862189345,108.38236694039504
line_10093_10209,2.0288097960571,98.5799656471942
line_10093_10344,1.90214658478064,105.14436773707662
line_10093_10228,1.82341250996961,109.68445094376003
line_10093_10711,1.25586957141312,159.2522062422115
line_10093_10750,1.61214439503324,124.05836636976697
line_10093_10860,0.875870234808491,228.34432779158203
line_10093_10609,2.11277358296988,94.66229680838035
line_10093_10607,1.76783435672447,113.13277131380669
line_10093_13504,0.144256044878768,1386.4237035479443
line_10209_13684,1.28122233343716,156.10093172779474
line_10209_13265,1.12840701039553,177.2410115831307
line_10209_11016,0.490196715266739,407.9994699498764
line_10209_10525,1.86005188297927,107.5238824412023
line_10209_10344,0.110148617918203,1815.7286380889605
line_10209_10228,0.188207538020819,1062.6566932610135
line_10209_10711,0.324670471099539,616.009208729928
line_10209_10558,2.08601479130306,95.87659724841502
line_10209_10750,0.412923283500279,484.35147154850335
line_10209_10860,0.140091949334048,1427.633785886595
line_10209_13504,0.984252169529329,203.1999584980751
line_10228_13684,0.631791908998615,316.5599260633115
line_10228_13265,0.902205712230285,221.67893340598877
line_10228_11016,0.157608240502227,1268.9691818314157
line_10228_10525,0.394483047436095,506.9926358049628
line_10228_10344,0.438651064263731,455.9432685651792
line_10228_10711,0.136622367307612,1463.8891415904843
line_10228_10558,0.763182473142783,262.0605255469254
line_10228_10750,0.116396502282975,1718.2646907531125
line_10228_10860,0.10518446088381,1901.421543824103
line_10228_10570,1.04315369836453,191.7263010365228
line_10228_10677,2.09342355927681,95.53728346741815
line_10228_13504,0.537657239971541,371.98420318972416
line_10344_13684,1.94748849266869,102.69637060906851
line_10344_13265,1.12442217284831,177.86913565869443
line_10344_11016,1.08628413944814,184.113891326449
line_10344_10711,0.718142121483982,278.4964062360196
line_10344_10750,0.918030469329392,217.85769283463665
line_10344_10860,0.286735200649677,697.5076640288507
line_10344_13504,1.32212471155493,151.27166011804073
line_10525_11016,0.777959537749349,257.08277911034247
line_10525_10711,0.521499289934645,383.50963052138434
line_10525_10750,0.612628779364336,326.46197295451924
line_10525_10860,0.842980142342624,237.25351281016444
line_10558_13684,1.31380188571825,152.22995352199607
line_10558_11016,0.397733848649494,502.84882888167635
line_10558_10600,1.46991210399621,136.06255738439424
line_10558_10711,0.338620020607202,590.6325315359876
line_10558_10750,0.386458540495328,517.5199382155143
line_10558_10860,0.690459923027712,289.6619967788817
line_10558_10570,0.604288037341785,330.967994798944
line_10558_13504,1.18912402886358,168.19103402622824
line_10570_13684,0.69775508759969,286.6335245050084
line_10570_13265,1.53941670665651,129.91933836705203
line_10570_11016,0.479362284521557,417.22097557094304
line_10570_10600,0.207966034176411,961.6955037491667
line_10570_10711,0.512467079286773,390.2689715763798
line_10570_10750,0.488466686879389,409.44450332471393
line_10570_10860,0.893149082674625,223.92678207884381
line_10570_10609,2.11106111414785,94.73908578943812
line_10570_13504,0.633079335705821,315.91617151272163
line_10600_13684,0.700657375284624,285.4462210131666
line_10600_10768,1.47341719442782,135.7388801734916
line_10600_11016,1.04513630916404,191.36259858771098
line_10600_10711,1.51920726212564,131.6476066077808
line_10600_10750,1.14920368149554,174.03355316415787
line_10600_10609,0.263784217462855,758.195474784852
line_10600_10607,0.409811001240777,488.0298464278992
line_10600_13504,0.809796512507681,246.97562524771058
line_10607_13446,0.852254020752798,234.67181747448902
line_10607_74001,1.64383373797851,121.66680569894388
line_10607_13684,0.184120407867115,1086.2456927878725
line_10607_13265,0.688116045295221,290.6486505690976
line_10607_10768,0.362274505576538,552.0675535301941
line_10607_11016,1.5008244481261,133.26008931272148
line_10607_10711,1.10093770739817,181.66332087276496
line_10607_10750,1.35976639604004,147.08408781276484
line_10607_10860,1.8163178460755,110.11288604147012
line_10607_10609,0.0829998442217434,2409.6430767469583
line_10607_10677,1.41047313218695,141.79639117967344
line_10607_13504,0.222634389521475,898.333812803472
line_10609_13446,1.50455022745218,132.93009189775069
line_10609_13684,0.238695331625014,837.8881926111414
line_10609_13265,0.822561153848392,243.14301625391664
line_10609_10768,0.667598470952232,299.5812733284561
line_10609_11016,1.45507913590777,137.44956893717497
line_10609_10711,1.02101807412144,195.88291830396332
line_10609_10750,1.29614326013627,154.30393086252906
line_10609_10860,1.70550524895887,117.2673025322499
line_10609_13504,0.278960103230615,716.9484011649542
line_10677_74235,0.176275285323208,1134.5890017043046
line_10677_74132,1.09603333816188,182.47620125808686
line_10677_13446,1.03124282297597,193.94074367745722
line_10677_77173,1.65595953404202,120.7758981355187
line_10677_13684,0.792440009268002,252.38503566313537
line_10677_10768,0.565191487478067,353.86237130431175
line_10677_11016,0.51327908056749,389.6515707962939
line_10677_10711,1.0043921340167,199.125414493414
line_10677_10750,0.61212137180737,326.732588031477
line_10677_10860,2.08885689398451,95.74614736699293
line_10677_13504,0.928099501135025,215.49413587164818
line_10711_74235,1.07224803645027,186.52400676070238
line_10711_13684,0.273112977693841,732.2976802083697
line_10711_13265,0.54457281414453,367.2603457338946
line_10711_13175,2.1346069572124,93.69406359528669
line_10711_13177,2.05414056028615,97.3643205663293
line_10711_10768,1.717385639622,116.456080326851
line_10711_11016,0.0682853678394748,2928.885152528722
line_10711_10750,0.0684817207380202,2920.487362826479
line_10711_10860,0.0988340166904871,2023.5947773561475
line_10711_74053,1.22636317285942,163.0838273899524
line_10711_13504,0.244316078288775,818.6116992415268
line_10750_74235,0.622548224821379,321.26025266136423
line_10750_13684,0.348065539617103,574.6044271432739
line_10750_13265,0.699336877621505,285.98520455579916
line_10750_10768,1.83750709815167,108.84311696057011
line_10750_11016,0.0390908141972654,5116.291489625484
line_10750_10860,0.136579083137794,1464.3530722652526
line_10750_74053,0.69785240989733,286.5935506756
line_10750_13504,0.31308870143236,638.7966064729046
line_10768_74235,1.17244122037862,170.58424467148413
line_10768_13446,0.423402759154982,472.36347821435
line_10768_74001,1.02744967849037,194.6567352027008
line_10768_13684,0.305538855269065,654.5812309988368
line_10768_13265,1.15916921079916,172.53736394716267
line_10768_11016,1.87309269917448,106.77528137723516
line_10768_13504,0.371218608141755,538.7660952697371
line_10860_13693,1.9170755706686,104.3255691429253
line_10860_13684,0.419995606541094,476.19545748850885
line_10860_13265,0.465512760875317,429.6337647628268
line_10860_13175,1.90128276566389,105.19213849296318
line_10860_13177,1.65679527952543,120.71497454850773
line_10860_11016,0.155441845914938,1286.6548182234367
line_10860_13504,0.340272676226218,587.7639139824357
line_11016_74235,0.516874805265996,386.94089547869385
line_11016_13684,0.392176835879678,509.9740262613601
line_11016_13265,0.79782607253443,250.68120344157973
line_11016_74053,0.506216257185068,395.08806199181754
line_11016_13504,0.354396588406464,564.339518332542
line_13000_20000,2.02788253741492,98.62504179110572
line_13000_20007,0.36672224039829,545.3718863158772
line_13000_13684,0.958952312702766,208.56094442935182
line_13000_13265,1.15611186416858,172.99364032029064
line_13000_13504,0.790975489843985,252.85233558810876
line_13175_20393,2.12465559277153,94.13290355408043
line_13175_13693,0.530932497346292,376.6957212068209
line_13175_13684,0.378055231228614,529.0232312089286
line_13175_13265,0.0539802520917895,3705.0586510769626
line_13175_13177,0.0950835128478477,2103.414083154871
line_13175_13504,0.218238982673327,916.4265593162694
line_13177_13693,0.456779510869725,437.8480103435302
line_13177_13684,0.379077344796434,527.5968156509083
line_13177_13265,0.0388597141329966,5146.718252108185
line_13177_13504,0.216455243668231,923.9785399079886
line_13265_20393,0.582071024675953,343.60068019421306
line_13265_20007,1.26866277104562,157.6463064610636
line_13265_13693,0.136051339881903,1470.0332990002637
line_13265_13684,0.0982867446816185,2034.862388085622
line_13265_13366,1.52757131344214,130.92678439301906
line_13265_13504,0.0560368018954789,3569.083053187877
line_13366_21597,2.04518743865932,97.79054780969409
line_13366_20490,1.76035909035974,113.61318329610171
line_13366_20136,1.45974243388534,137.01047209244152
line_13366_20393,0.439655976078529,454.90112925083287
line_13366_20007,0.314058193699108,636.8246522859882
line_13366_13684,0.586267550210864,341.14117339099806
line_13366_13504,0.597703353013044,334.61415096936105
line_13366_30392,2.04682497692338,97.7123116313656
line_13420_74001,0.472972670996398,422.8574128366988
line_13420_13684,1.42877187654845,139.98035885417147
line_13420_13504,1.72388647658387,116.01692032315776
line_13446_74235,1.91241602058778,104.57975557981894
line_13446_74001,0.76723494935413,260.6763419319767
line_13446_13684,0.56661833864771,352.9712795341561
line_13446_13504,0.689734781413753,289.96652827925965
line_13504_21647,1.4294267182377,139.91623176497941
line_13504_74235,1.64915855153308,121.27396714771743
line_13504_21597,0.941924413940236,212.331262509021
line_13504_21165,2.00472592601564,99.76426074236329
line_13504_20490,0.733887215305363,272.5214390289958
line_13504_20136,0.798512779058876,250.46562214786246
line_13504_20393,0.17538066233893,1140.376580477796
line_13504_74001,1.27456642017403,156.91610639851305
line_13504_20007,0.518785669006467,385.5156607988469
line_13504_13693,0.313525470909414,637.9067047403795
line_13504_13684,0.0255782489376426,7819.143542139318
line_13504_30392,0.833638666058667,239.91209638292506
line_13504_30001,1.94086845483546,103.04665393562456
line_13684_21647,1.29924277812952,153.93581812933675
line_13684_74235,1.45784625768193,137.18867743846525
line_13684_21597,0.856826522321349,233.4194784939102
line_13684_21497,1.97599159979567,101.21500517546798
line_13684_21165,1.82209652372365,109.76366915583513
line_13684_20026,2.04827890601732,97.64295253563911
line_13684_20490,0.663694985461396,301.34324408216133
line_13684_20136,0.727749762130346,274.819739431503
line_13684_20393,0.158296637570152,1263.4507155047208
line_13684_74001,1.04846613645347,190.75484943797784
line_13684_20007,0.570733274558043,350.4263881493039
line_13684_13693,0.564687390136709,354.17826481228957
line_13684_30392,0.760615014097687,262.94511190692026
line_13684_30001,1.75729465800925,113.81130596878377
line_20000_20007,0.337718566334109,592.2090756542464
line_20007_20136,2.03545249666875,98.25824986204434
line_20007_20393,0.566439620068724,353.08264625933964
line_20026_21647,1.62143200238511,123.34775661625157
line_20026_21597,1.09375142788504,182.85690413838822
line_20026_21165,1.9001032629715,105.25743726539763
line_20026_20490,0.823616812072802,242.83137141974876
line_20026_20136,1.02750483512785,194.6462859954469
line_20026_20393,0.341881482409609,584.9980484183683
line_20026_30392,1.94913630234474,102.60955057858565
line_20136_23230,1.43389943102994,139.47979591312355
line_20136_23060,0.789670644145924,253.27014684243701
line_20136_23054,0.465888850899298,429.2869417543328
line_20136_23017,1.4292727488204,139.93130433996097
line_20136_21140,0.40476397040361,494.11512541635113
line_20136_21647,0.229563330568525,871.2192818630488
line_20136_21597,0.143721579472276,1391.5794742471512
line_20136_21497,0.305822538366219,653.9740369315172
line_20136_21165,0.265668252854356,752.8185918008182
line_20136_21121,0.432191917038684,462.75738188342547
line_20136_21131,0.72946398830104,274.173918394259
line_20136_20490,0.263307408743038,759.5684487373472
line_20136_26163,1.46402043445267,136.61011505947377
line_20136_20393,0.150549055065276,1328.4706430955862
line_20136_25289,1.79129568833728,111.65102517811809
line_20136_23377,0.489058050617146,408.9494074325502
line_20136_30392,0.214302412433286,933.2606092909083
line_20136_30001,0.277961898318953,719.5230756789045
line_20393_23230,1.64584973473055,121.51777636780612
line_20393_23060,1.07544690056543,185.9692002411718
line_20393_23054,0.629085174087941,317.92197342746726
line_20393_23017,1.74966460086481,114.30762210148484
line_20393_21140,0.454785275631688,439.76797560607883
line_20393_21647,0.222867387804193,897.3946433819028
line_20393_21597,0.151467385005611,1320.4162730649318
line_20393_21497,0.362598692925174,551.5739684182261
line_20393_21165,0.31552303544228,633.8681412583801
line_20393_21121,0.471464227886104,424.21033913163797
line_20393_21131,0.842107387305593,237.4994009254806
line_20393_20490,0.0952602126745669,2099.512423757134
line_20393_26163,1.77129799747164,112.91154864143753
line_20393_25289,1.9588403781414,102.10122388316567
line_20393_23377,0.611950173804926,326.8239941112507
line_20393_30392,0.188008322437779,1063.7826953973786
line_20393_30001,0.444240220053176,450.20687225497005
line_20490_23060,1.27322329730774,157.0816371510831
line_20490_23054,0.593326056282278,337.0827859022071
line_20490_23017,1.66401980640461,120.1908770738331
line_20490_21140,0.227073068639474,880.7737579727776
line_20490_21647,0.107377740788179,1862.5834230814587
line_20490_21597,0.0946951056492445,2112.041574152842
line_20490_21497,0.252106712442082,793.314854898785
line_20490_21165,0.159038776647545,1257.5549448750571
line_20490_21121,0.212421394443985,941.5247485946596
line_20490_21131,0.395944774917659,505.1209478432748
line_20490_23377,0.781945896550847,255.77217155585487
line_20490_30392,0.49107930251701,407.26619707836784
line_20490_30001,1.12850147487479,177.2261751117255
line_21121_23060,1.93910371566904,103.14043461620356
line_21121_23054,0.777113099704914,257.36279580918676
line_21121_23017,1.85205666893411,107.98805638874074
line_21121_21140,0.100739310521599,1985.3223033238748
line_21121_21647,0.216770945381203,922.6328724464876
line_21121_21597,0.169747753124735,1178.218835409473
line_21121_21497,0.260379845592419,768.1086051224812
line_21121_21165,0.0961916976776019,2079.1815180383255
line_21121_21131,0.0117415174751603,17033.573422098878
line_21121_23377,1.03694913527752,192.8734912792745
line_21121_30392,1.12858414789983,177.21319262916978
line_21131_23054,1.35862970530028,147.207144978327
line_21131_21140,0.155415336183851,1286.8742873831118
line_21131_21647,0.393229038294999,508.60943756132457
line_21131_21597,0.306289185977447,652.9776732461153
line_21131_21497,0.418254176117423,478.1781304769349
line_21131_21165,0.0621989265794794,3215.4895751204776
line_21131_23377,1.71743587709505,116.45267381876825
line_21131_30392,1.96234534517722,101.91885974175354
line_21140_23060,1.56074469399869,128.14395638763446
line_21140_23054,0.623467690970637,320.7864704081663
line_21140_23017,1.5039649873712,132.98181917757447
line_21140_21647,0.173432496053567,1153.186424407034
line_21140_21597,0.130840274830492,1528.5813199269628
line_21140_21497,0.205889612952454,971.3943172363237
line_21140_21165,0.0860407328599298,2324.4804333034963
line_21140_23377,0.846875300175622,236.16227791567982
line_21140_30392,0.99728640857633,200.5441950076395
line_21165_23060,1.13384189120377,176.39143654117885
line_21165_23054,0.457754699366124,436.91523053056596
line_21165_23017,1.15668447105619,172.90800127832293
line_21165_21647,0.123623724034499,1617.8124511455994
line_21165_21597,0.0975643404172064,2049.9292994218627
line_21165_21497,0.161846910927861,1235.7356643596659
line_21165_23377,0.633853699563385,315.530224305333
line_21165_30392,0.688146991958746,290.6355798064578
line_21165_30001,1.47592307651376,135.50841719503083
line_21497_23230,1.01758848627557,196.54310430733258
line_21497_23060,0.311632853336169,641.7808580158048
line_21497_23054,0.145898476075141,1370.8162372922627
line_21497_23017,0.0948257351253803,2109.1320803952262
line_21497_21647,0.151263646345513,1322.1947561885725
line_21497_21597,0.103610776214858,1930.3011453679237
line_21497_26163,0.69541004628526,287.6001016498965
line_21497_26133,0.926928343684619,215.7664088736169
line_21497_25289,1.16635325280458,171.47463645262334
line_21497_23377,0.0548739726824855,3644.7151577169366
line_21497_30392,0.57536255635733,347.60690940025233
line_21497_30001,1.40553737677912,142.29433048469545
line_21597_23230,1.77469964604442,112.69512587427096
line_21597_23060,0.507968275235914,393.72537567846075
line_21597_23054,0.241116926156619,829.4730825744217
line_21597_23017,0.709809119411178,281.7658924499448
line_21597_21647,0.0492663078798872,4059.569482811788
line_21597_26163,1.74506244750826,114.60907905363274
line_21597_23377,0.345509969797557,578.8544976493299
line_21597_30392,0.294659290247461,678.7500228892693
line_21597_30001,0.711380072338483,281.14366395244997
line_21647_23060,0.819873749806894,243.93999691672806
line_21647_23054,0.368084962076326,543.3528141758968
line_21647_23017,1.05562394727393,189.46140859771614
line_21647_23377,0.529286814122088,377.86696109506136
line_21647_30392,0.482591186460697,414.42945004195246
line_21647_30001,1.14379199773844,174.85696734672868
line_23017_23230,1.27160873580121,157.28108369276407
line_23017_23060,1.74290858750705,114.75071121547906
line_23017_23054,0.909299885832433,219.94943925117377
line_23017_26163,0.713089943772869,280.4695280679814
line_23017_26133,0.95451096551387,209.53138017888367
line_23017_25289,1.29236905326698,154.7545567532896
line_23017_23377,0.0442216309390993,4522.673536745715
line_23017_30392,1.8381741654149,108.80361815707349
line_23054_23230,1.24267108411492,160.94363388397983
line_23054_23060,0.119449913553512,1674.34194006681
line_23054_26163,1.37295487260769,145.67121177124682
line_23054_26133,2.03250955972817,98.40052118955258
line_23054_25289,2.04255599128737,97.91653244910323
line_23054_23377,0.345514050196098,578.8476615827609
line_23054_30392,0.811098148888273,246.57928300555096
line_23054_30001,1.99415802937255,100.2929542464239
line_23060_23230,1.68997283473381,118.34509755980915
line_23060_26163,1.88706855916263,105.98449061583023
line_23060_23377,0.576891108165654,346.6858774023088
line_23060_30392,1.24340322703449,160.84886676464475
line_23230_26163,0.31050230487891,644.1176018902538
line_23230_26133,0.405029109487996,493.79166907984296
line_23230_25595,2.12159289924899,94.26879212821498
line_23230_25830,0.82801398969939,241.54181268436042
line_23230_25598,1.84211415317892,108.57090460700374
line_23230_25400,2.0228639862227,98.86972201895819
line_23230_25403,1.71926730417199,116.32862412649747
line_23230_25439,1.35827342308716,147.2457581813158
line_23230_25289,0.3256874220489,614.0857351561191
line_23230_23377,0.33880199505682,590.3152960078003
line_23230_30392,0.429883801916665,465.2420005319739
line_23230_30001,1.99497778331716,100.2517429880592
line_23230_26201,0.792454898149635,252.3802937769653
line_23263_30174,1.49189240914311,134.05792453550512
line_23263_30190,2.0970682751468,95.37123915815258
line_23263_30182,0.895044433251047,223.45259360314117
line_23263_30220,1.18344064260696,168.99875904162545
line_23263_30207,0.754650827886744,265.02323009445564
line_23263_30124,1.09020557211242,183.45163987051828
line_23263_30374,1.64424707939151,121.63622031429388
line_23377_28013,2.11029483587089,94.7734869082702
line_23377_26163,0.169917275862319,1177.0433523313811
line_23377_26133,0.265686985426292,752.7655134447106
line_23377_25830,0.628233405877494,318.3530167751063
line_23377_25598,1.74041381324153,114.91519917754441
line_23377_25400,1.96831793726475,101.60960087470812
line_23377_25403,1.57373233531029,127.08641457796972
line_23377_25439,1.28350562994103,155.82323546893122
line_23377_25289,0.312960318395837,639.0586545449412
line_23377_30392,0.534129665317809,374.44091385749806
line_23377_30001,1.53646718926567,130.1687412508866
line_23377_26201,0.637126469680745,313.909419114571
line_25160_28099,1.55852761964883,128.326246823309
line_25160_28078,1.78177551112634,112.24758604610692
line_25160_28013,0.758259820346136,263.76183286185795
line_25160_26163,0.697002470849838,286.9430287042525
line_25160_26133,1.12667104489843,177.5141030788007
line_25160_25375,0.777160634993734,257.34705412815015
line_25160_25385,0.107787091435222,1855.509758514972
line_25160_25595,1.24550471837918,160.5774727696473
line_25160_25830,0.384375783393447,520.3241427810763
line_25160_25714,1.71136339467771,116.86588635820665
line_25160_25618,0.811808843778638,246.36341613264747
line_25160_25598,0.127799175124805,1564.9553277999312
line_25160_25400,0.331604878905923,603.1274348552043
line_25160_25403,0.0781131740117102,2560.3875726521796
line_25160_25439,0.323686245650468,617.882294003835
line_25160_25289,0.152482351562148,1311.6272011222557
line_25160_26100,1.05335643874412,189.8692528413772
line_25160_26201,0.755999735621481,264.5503570653857
line_25289_28549,1.86807166495446,107.06227376179147
line_25289_28474,1.28322963881904,155.85674921291607
line_25289_28365,1.08060104365125,185.08218289723158
line_25289_28302,0.331535490612216,603.253665635249
line_25289_28401,0.323695126443392,617.8653419886324
line_25289_28122,2.06912052957259,96.65942468866866
line_25289_28060,0.783022129290642,255.42062288991073
line_25289_28099,0.109374289184397,1828.5833123250268
line_25289_28078,0.263909567686781,757.8353515298409
line_25289_28064,0.533869595066996,374.62331971705885
line_25289_25730,0.152924657299947,1307.8335667460037
line_25289_28013,0.0640345013864776,3123.3162696607606
line_25289_26163,0.0448853580475399,4455.796025692207
line_25289_26133,0.0884690735065944,2260.6770035304166
line_25289_25375,0.290439775583488,688.6109163188953
line_25289_25385,0.153005230894535,1307.1448527002194
line_25289_25675,0.142217481584395,1406.2968755449067
line_25289_25595,0.0523786267654821,3818.351345778341
line_25289_25830,0.0482147563039948,4148.107661044616
line_25289_25714,0.0837331904064404,2388.53910891489
line_25289_25618,0.0567738300943924,3522.7498244786234
line_25289_25598,0.0336645634418585,5940.965203526748
line_25289_25400,0.0321924955358879,6212.628026213185
line_25289_25403,0.0342377570903639,5841.504146201485
line_25289_25439,0.0238336339252451,8391.502555896677
line_25289_30392,0.441992758719245,452.4961010210589
line_25289_28667,0.955246224475639,209.37010257202067
line_25289_30374,1.42401827229014,140.44763602531253
line_25289_26100,0.184674870106046,1082.9843816061916
line_25289_26116,0.175254800514231,1141.1955587702125
line_25289_26201,0.0398153729392871,5023.185398890327
line_25375_28365,1.46257773866067,136.74486812793043
line_25375_28060,1.00284143941398,199.43332229756274
line_25375_28099,0.324259167791906,616.7905794674414
line_25375_28078,0.318420454916648,628.100352574251
line_25375_28064,0.561833916216843,355.97708544674055
line_25375_25730,0.748438268690788,267.2231075915609
line_25375_28013,0.126922218598386,1575.7682319819082
line_25375_26163,1.23210858640421,162.3233554306124
line_25375_25385,0.0492502639357479,4060.8919428517347
line_25375_25675,0.552979619994646,361.67698187853006
line_25375_25595,1.55184860786034,128.87855103066806
line_25375_25830,0.35364245690019,565.542954748917
line_25375_25714,2.00733207769776,99.63473519009524
line_25375_25618,1.95789591291507,102.15047627441247
line_25375_25598,0.0901145802926241,2219.396676437387
line_25375_25400,1.16912389542511,171.0682681130875
line_25375_25403,0.190696978418957,1048.784315609891
line_25375_25439,0.191945294735878,1041.9635463073241
line_25375_26100,0.183057346877012,1092.5538002818919
line_25375_26201,1.58115295628469,126.48997632079156
line_25385_28365,2.1249625643803,94.11930513624166
line_25385_28060,1.45998549084301,136.98766272294802
line_25385_28099,0.428398947884573,466.8545545865524
line_25385_28078,0.392901092664151,509.03396232333347
line_25385_28064,0.888577162657395,225.0789333836539
line_25385_25730,1.02431337609673,195.25274653946644
line_25385_28013,0.174271920412484,1147.6318131264077
line_25385_26163,0.812961484861304,246.01411472047926
line_25385_26133,1.52017142586499,131.56410954521021
line_25385_25675,0.67443908441422,296.5427191600392
line_25385_25595,1.03265271237856,193.67595475475014
line_25385_25830,0.304920831452833,655.9079582955197
line_25385_25714,1.35015599765975,148.13103104134905
line_25385_25618,0.768191256722435,260.35183067992733
line_25385_25598,0.0518487872733995,3857.370837728504
line_25385_25400,0.396226505773674,504.7617892434503
line_25385_25403,0.0446138162763128,4482.916206076451
line_25385_25439,0.115208907404633,1735.9768832592647
line_25385_26100,0.22359494093264,894.4746207842503
line_25385_26201,0.91915536538787,217.59107059730098
line_25400_28302,1.89081135568358,105.77469793526521
line_25400_28401,1.80973968274601,110.51313175413706
line_25400_28099,0.619012041247859,323.0954919662344
line_25400_28078,1.41556128148072,141.28671263938074
line_25400_25730,0.875581603788705,228.41960033717646
line_25400_28013,0.358003549713026,558.6536786026817
line_25400_26163,0.283074224466956,706.5284745603764
line_25400_26133,0.544818996622071,367.09439509271664
line_25400_25675,0.756062121651736,264.5285278451309
line_25400_25595,0.292967465827298,682.6696590190613
line_25400_25830,0.283601741415643,705.214287478167
line_25400_25714,0.381734919208104,523.9237752073956
line_25400_25618,0.0863600988666122,2315.8843334455964
line_25400_25598,0.12069832181608,1657.0238673637884
line_25400_25403,0.145299686854589,1376.4654579066867
line_25400_25439,0.142315698610544,1405.3263410336253
line_25400_26100,0.972781246218088,205.5960687745022
line_25400_26116,0.99899237166262,200.20172893526765
line_25400_26201,0.254460069271969,785.9779358396636
line_25403_28302,1.47343801135613,135.7369624365283
line_25403_28401,1.49153325658747,134.09020490604874
line_25403_28060,1.37813268334232,145.12390745639198
line_25403_28099,0.285572002875723,700.3487666367535
line_25403_28078,0.241543174778324,828.0093204188022
line_25403_28064,0.852920904250469,234.4883318058153
line_25403_25730,0.596122027396021,335.5017778384059
line_25403_28013,0.131926599526908,1515.9945054083473
line_25403_26163,0.216120706233878,925.4087842169424
line_25403_26133,0.413564721803128,483.60024309618785
line_25403_25675,0.520147651292104,384.50620608048115
line_25403_25595,0.288114261808213,694.1690381614383
line_25403_25830,0.0983987014708038,2032.5471475794081
line_25403_25714,0.432780245460548,462.1283020604781
line_25403_25618,0.283849228387678,704.5994140482295
line_25403_25598,0.0584552620415368,3421.4199545951083
line_25403_25439,0.0873803620038986,2288.8438021242882
line_25403_26100,0.138396366954348,1445.1246402007996
line_25403_26116,1.07717716461849,185.67047888620544
line_25403_26201,0.234976802471547,851.1478490487065
line_25439_28365,1.57015694739166,127.37580171984679
line_25439_28302,1.0565455390964,189.29614730194024
line_25439_28401,1.07367966969506,186.27529760044987
line_25439_28060,1.11636927645366,179.1521893502252
line_25439_28099,0.242626631158569,824.3118203676895
line_25439_28078,0.321066326444752,622.9242481285726
line_25439_28064,0.741318369047442,269.7896185372963
line_25439_25730,0.433806655339815,461.03488164176144
line_25439_28013,0.117230682350328,1706.038009762044
line_25439_26163,0.1818406519782,1099.8640723306305
line_25439_26133,0.357778211941248,559.0055328266963
line_25439_25675,0.335780083034704,595.6279425284713
line_25439_25595,0.204784732662752,976.6353057645578
line_25439_25830,0.143516443276338,1393.5685377521797
line_25439_25714,0.31943422196964,626.1069924405551
line_25439_25618,0.238382338911711,838.9883282170221
line_25439_25598,0.0214515854567126,9323.320199506104
line_25439_30392,1.7975601242897,111.2619251492516
line_25439_26100,0.192062741637107,1041.3263826978482
line_25439_26116,0.792660934894699,252.3146924435843
line_25439_26201,0.175542872396832,1139.3228176640532
line_25595_28302,0.655345064241433,305.1827364130705
line_25595_28401,0.583868790304593,342.542713912939
line_25595_28060,2.05906120720514,97.1316439259566
line_25595_28099,0.257169303365353,777.6977943431522
line_25595_28078,0.94039035813284,212.67763782383219
line_25595_28064,1.45602715369912,137.36007566334777
line_25595_25730,0.271931775020669,735.4785956322993
line_25595_28013,0.175516883243365,1139.491519586111
line_25595_26163,0.31488589811646,635.1507044181138
line_25595_26133,0.627218207870757,318.86829414431077
line_25595_25675,0.663482625731266,301.4396944902173
line_25595_25830,0.379425971650672,527.1120454140525
line_25595_25714,0.0152582664979747,13107.64889488245
line_25595_25618,0.269070238132376,743.3003419040527
line_25595_25598,0.246687975808381,810.7407722026684
line_25595_28667,2.02277694731348,98.87397632528238
line_25595_26100,0.847766678917229,235.91396662987606
line_25595_26116,0.623058816496491,320.99698247529153
line_25595_26201,0.277010440730106,721.9944471149446
line_25598_28365,1.47149727531591,135.91598391309475
line_25598_28302,1.10365393693551,181.21622485698308
line_25598_28401,1.1253922440134,177.71581514259893
line_25598_28060,0.976847464132202,204.74025612348106
line_25598_28099,0.213809587119587,935.4117497459873
line_25598_28078,0.317948681690905,629.0323297972682
line_25598_28064,0.553731348884659,361.185980174042
line_25598_25730,0.35645272731477,561.0842186750546
line_25598_28013,0.0984983422475845,2030.491025902567
line_25598_26163,0.24613517108819,812.5616469835601
line_25598_26133,0.479279687094837,417.29287801096643
line_25598_25675,0.131944456188254,1515.7893387702973
line_25598_25830,0.180184367908405,1109.9742020998629
line_25598_25714,0.342216899019601,584.4246750320319
line_25598_25618,0.198343659065185,1008.3508640640266
line_25598_26100,0.192517166489894,1038.8683962398688
line_25598_26116,1.00756671576728,198.49802188800612
line_25598_26201,0.236078707756086,847.175087922956
line_25618_28302,2.10857482591869,94.85079568511946
line_25618_28401,1.92313595726884,103.9968075289029
line_25618_28099,0.751677062806986,266.0717080459266
line_25618_28078,2.01147801846703,99.42937390507616
line_25618_25730,1.0078822018309,198.43588827809813
line_25618_28013,0.448770748561872,445.661845476602
line_25618_26163,0.428263902104647,467.0017692762013
line_25618_26133,0.839319838134649,238.28818397107244
line_25618_25675,1.01317513848383,197.39923770661292
line_25618_25830,0.482224687160139,414.7444237619117
line_25618_25714,0.258422658400316,773.9259445670785
line_25618_26100,1.46845422631379,136.1976399509933
line_25618_26116,1.10742308077596,180.59945062718222
line_25618_26201,0.373033082766385,536.1454767411383
line_25675_28099,0.386718779488665,517.1716777355575
line_25675_28078,1.03611877980856,193.02806193412815
line_25675_28064,1.32573267549411,150.85997629609497
line_25675_25730,0.514601697772459,388.65009747487045
line_25675_28013,0.196636140358652,1017.1070263849389
line_25675_26163,1.00120549273373,199.75919174585462
line_25675_26133,1.98316393956959,100.84894950409718
line_25675_25830,0.852819530142043,234.51620528283237
line_25675_25714,0.883352289897303,226.41023551685328
line_25675_26100,0.714791235372366,279.8019758815471
line_25675_26201,0.938679705266274,213.06522222430098
line_25714_28302,0.542175596285792,368.8841795353988
line_25714_28401,0.458470172043545,436.23339574859887
line_25714_28099,0.290680895062482,688.0397143300728
line_25714_28078,1.1237975982619,177.96799024070364
line_25714_28064,1.66939437806014,119.80392568016364
line_25714_25730,0.516441759727376,387.2653522549722
line_25714_28013,0.207970948208741,961.6727803695902
line_25714_26163,0.449210090494029,445.22597384231835
line_25714_26133,0.896972054019672,222.97238704787307
line_25714_25830,0.562871229131852,355.32105684007206
line_25714_28667,1.73758396248043,115.10235149413828
line_25714_26100,1.08950120936608,183.5702413918098
line_25714_26116,0.746267433756156,268.00043919020897
line_25714_26201,0.396881607976842,503.9286174522604
line_25730_28302,1.05280796889564,189.96816694861576
line_25730_28401,1.00666166680008,198.67648346613697
line_25730_28122,1.66265008509696,120.28989249914042
line_25730_28060,0.946999466334842,211.19336083055785
line_25730_28099,0.167663479672256,1192.8656162388766
line_25730_28078,0.454305041518011,440.23284296322515
line_25730_28064,0.313556765326,637.8430386984735
line_25730_28013,0.0816066869170527,2450.7795568675097
line_25730_26163,0.904982287787839,220.99880041728213
line_25730_26133,1.79757712260636,111.26087303003396
line_25730_25830,0.759446802666893,263.34958458930214
line_25730_26100,0.385315284147318,519.0554546586161
line_25730_26201,0.83903664504833,238.368611407288
line_25830_28302,1.45350384071323,137.5985356198719
line_25830_28401,1.49379416963841,133.8872543922248
line_25830_28060,1.43822810714519,139.05999959699707
line_25830_28099,0.295930403839661,675.8345793640137
line_25830_28078,0.202729205408358,986.5376801390773
line_25830_28064,0.911111973475292,219.51198735445408
line_25830_28013,0.135304096838624,1478.1518422057704
line_25830_26163,0.0743955406314987,2688.333175648985
line_25830_26133,0.132133360369973,1513.622293719017
line_25830_30392,1.55952122521266,128.24448732509396
line_25830_26100,0.114535201050367,1746.188055426294
line_25830_26116,0.936451815960116,213.57212041384744
line_25830_26201,0.167583648571978,1193.4338564904738
line_26100_28474,2.1250029547409,94.11751619158846
line_26100_28365,1.027526869148,194.64211205088495
line_26100_28302,1.48841156082521,134.37143681490576
line_26100_28401,1.65503457629481,120.84339678736364
line_26100_28060,0.473821487187179,422.0998950201508
line_26100_28099,0.0926189448499636,2159.3854294495195
line_26100_28078,0.0634347766735493,3152.844708971679
line_26100_28064,0.263990530426628,757.6029324869546
line_26100_28013,0.0332898014245736,6007.845990104513
line_26100_26163,0.532294346875464,375.73196329058925
line_26100_26133,0.974704309418241,205.19043372176262
line_26100_26201,0.843225732011245,237.18441267555255
line_26116_28099,1.70296147239251,117.4424690413094
line_26116_28013,1.13261831115468,176.58199415485726
line_26116_26163,0.589118750782178,339.4901278128701
line_26116_26133,1.17505375172835,170.20497973460894
line_26116_26201,0.556297192091771,359.5200602181118
line_26133_28302,2.11114492565206,94.73532469033451
line_26133_28099,0.946380350440671,211.33152215900543
line_26133_28078,1.52954198746877,130.75809728569715
line_26133_28013,0.562746775379916,355.3996375456403
line_26133_26163,0.0356435038436371,5611.120637223858
line_26133_30392,1.19906259387219,166.79696374659682
line_26133_26201,0.183529736404644,1089.7416621306672
line_26163_28302,1.03626893179604,193.00009279769114
line_26163_28401,1.05556358926761,189.4722421590608
line_26163_28099,0.479173978462473,417.3849353041678
line_26163_28078,0.823366599944136,242.90516522478524
line_26163_28013,0.289225552448334,691.5018341463006
line_26163_30392,0.705949109319825,283.30654059851145
line_26163_26201,0.0903038602306843,2214.744746117089
line_26201_28302,0.87199417856223,229.35932935901698
line_26201_28401,0.89139391601356,224.36769693743074
line_26201_28099,0.460631247257828,434.18678431090996
line_26201_28078,1.15791614891297,172.72407867163463
line_26201_28013,0.299692075727424,667.3516459003876
line_26201_30392,1.25439102430697,159.43991636140464
line_28013_28549,0.977749857205586,204.5512955344233
line_28013_28474,0.662711400272359,301.7904926907922
line_28013_28365,0.358851404456594,557.333752957881
line_28013_28302,0.314951157558444,635.019098041851
line_28013_28401,0.329937844316943,606.1747794165653
line_28013_28122,0.420808857210028,475.2751672719163
line_28013_28060,0.149090672572822,1341.465542737503
line_28013_28099,0.0195226766197995,10244.49689430209
line_28013_28078,0.0567051441361797,3527.0168702806204
line_28013_28064,0.069186525448762,2890.7362915357785
line_28013_40917,2.12143404226163,94.27585115339382
line_28013_28667,0.781197453234396,256.01721968234654
line_28013_30374,1.70712257106346,117.15620388957136
line_28060_28549,1.4173396852858,141.10943345220093
line_28060_28474,0.951123973186034,210.27753020465738
line_28060_28365,0.354277029344314,564.5299678902536
line_28060_28302,0.774926862330643,258.08887228207186
line_28060_28401,1.09799507924111,182.15017879518362
line_28060_28122,1.75991833152784,113.64163689707907
line_28060_28099,0.0476087470589052,4200.908705968352
line_28060_28078,0.0399547618543136,5005.661170732459
line_28060_28064,0.186739908066729,1071.0083456211871
line_28060_28667,1.59714528533583,125.2234232140918
line_28064_28365,1.63488426195644,122.3328186918034
line_28064_28302,1.7856621655586,112.00326907157994
line_28064_28401,1.90093816187295,105.21120781906166
line_28064_28122,1.52037053304036,131.54687995698663
line_28064_28099,0.150392930511718,1329.8497430663258
line_28064_28078,0.0780901752345541,2561.141646811186
line_28078_28365,1.38022029988593,144.9044040408109
line_28078_28302,1.35478210387186,147.6252154707505
line_28078_28401,1.50944964619345,132.4986232593864
line_28078_28122,1.28959943121462,155.0869170371984
line_28078_28099,0.0129425202927802,15452.940808720783
line_28099_28549,1.4234497972866,140.50372579436436
line_28099_28474,0.965698083780733,207.1040663319894
line_28099_28365,0.567873080967746,352.19137286657116
line_28099_28302,0.364109366077628,549.2855131811141
line_28099_28401,0.403853378871287,495.22923532043154
line_28099_28122,0.434184306423526,460.6338760777539
line_28099_28667,0.959760563515293,208.38530733901442
line_28302_28549,0.921648276795647,217.00252149914792
line_28302_28474,0.63370700172701,315.6032668961366
line_28302_28365,0.633027301331462,315.94213958755813
line_28302_28401,0.0442534501819466,4519.421631030046
line_28302_40917,1.30137843076421,153.6831987314818
line_28302_40004,1.86526686464243,107.22326321833837
line_28302_30220,1.55501311189577,128.61627884035855
line_28302_30207,2.1111214224547,94.73637938240928
line_28302_30124,1.8635574043725,107.32162021450813
line_28302_28667,0.343200987392561,582.7489061715185
line_28302_30374,0.9088553655148,220.05701631822868
line_28365_28549,0.10493717860481,1905.902204148193
line_28365_28474,0.0659064508966114,3034.6043107941514
line_28365_28401,0.854132820320474,234.15561987766634
line_28365_40994,1.91236420938567,104.58258893281014
line_28365_40917,0.632742463084826,316.0843655488755
line_28365_40004,0.744764670407694,268.54120227066807
line_28365_28667,0.408073606724361,490.1076587761109
line_28365_40844,1.45436244888232,137.51730193095975
line_28401_28549,1.20738461220821,165.647299110609
line_28401_28474,0.831640157136699,240.48862754366183
line_28401_40917,1.64374365953082,121.67347313576057
line_28401_30220,1.26318940206392,158.32938407591197
line_28401_30207,1.72912274838892,115.66558833740781
line_28401_30124,1.47790032713959,135.32712343808126
line_28401_28667,0.483663892241695,413.51029756022524
line_28401_30374,0.74356431317646,268.97471604791326
line_28474_28549,0.0202906867491659,9856.738831583485
line_28474_40994,1.08377969244742,184.53935001158283
line_28474_40961,1.71485018476325,116.62826395975327
line_28474_40917,0.372130861021967,537.445347721897
line_28474_40168,1.739218286019,114.99419113042555
line_28474_40008,1.4994712595912,133.38034905352296
line_28474_40004,0.400525349893185,499.3441739788442
line_28474_28667,0.290984842730739,687.3210237451053
line_28474_40844,0.847315700381015,236.03953037818775
line_28549_40994,1.44425074251083,138.48010882950976
line_28549_40917,0.501405171128582,398.8790134529972
line_28549_40008,2.1093873837506,94.81425817783628
line_28549_40004,0.526677059450399,379.739341995843
line_28549_28667,0.414656395814231,482.32705926861286
line_28549_40844,1.13838699181443,175.6871797008396
line_28667_40917,0.863794159774059,231.5366430033674
line_28667_40004,0.932178920458796,214.55108628884764
line_28667_40844,1.99106630445905,100.44868900251804
line_30001_30392,0.135882632166155,1471.8584473359579
line_30124_40787,0.671588982623167,297.8011926562847
line_30124_40008,1.69149819281167,118.23837639906236
line_30124_30221,0.485766886290894,411.72011852663235
line_30124_30174,0.0741462924529279,2697.370204005424
line_30124_30190,0.140312140971119,1425.393402279898
line_30124_30146,0.267529836507526,747.5801675465597
line_30124_30172,0.0489706636009933,4084.0777986913636
line_30124_30182,0.256906784897879,778.4924795952759
line_30124_30205,0.314810705966884,635.302409381969
line_30124_30220,0.0888591974983222,2250.751814450905
line_30124_30207,0.0800527092792449,2498.3539195700096
line_30124_30374,0.14856929643465,1346.1731649780843
line_30146_40787,1.29274228093703,154.70987755968824
line_30146_30221,0.0647854940426482,3087.1108255860527
line_30146_30174,0.150679712146118,1327.3187023748417
line_30146_30190,0.0901461966722099,2218.6182821138987
line_30146_30172,0.0798359904668318,2505.1358269688008
line_30146_30182,0.659735382535093,303.1518473838433
line_30146_30205,0.329597935420768,606.7999174347922
line_30146_30220,0.159989695394266,1250.0805099174404
line_30146_30207,0.130992148307125,1526.809068976247
line_30146_30374,0.191245299268141,1045.7773381377822
line_30172_40787,0.558061737142657,358.3832875266166
line_30172_30221,0.0296667128024212,6741.562549649158
line_30172_30174,0.0850194758161192,2352.4021770324907
line_30172_30190,0.304054697026275,657.7763868016053
line_30172_30182,0.658053745807008,303.92654289161266
line_30172_30205,0.255129540377802,783.9154952571746
line_30172_30220,0.143857382193797,1390.2658101380619
line_30172_30207,0.198817058983614,1005.9498969677624
line_30172_30374,0.0539955468062237,3704.0091605655775
line_30174_40787,0.784405026627155,254.9703191729601
line_30174_30221,0.0334200637494626,5984.429039373571
line_30174_30190,0.132654767779732,1507.672911780239
line_30174_30182,0.308515545636186,648.2655504038947
line_30174_30205,0.341933812787966,584.9085189010556
line_30174_30220,0.0929871783162405,2150.8341646825666
line_30174_30207,0.101216952912808,1975.9535754083345
line_30174_30374,0.152797183247514,1308.9246525966569
line_30182_40787,1.28803417209132,155.27538347470198
line_30182_40008,1.48925669679378,134.29518257703987
line_30182_30221,1.60942433488388,124.26803526270156
line_30182_30190,0.272213733246173,734.7167889547019
line_30182_30205,0.33013553000208,605.811800985916
line_30182_30220,0.0919504757653713,2175.08390614897
line_30182_30207,0.031843815349168,6280.654431857379
line_30182_30374,0.338017284255768,591.6857193866623
line_30190_40787,0.917662093916005,217.9451470491995
line_30190_30221,0.69253414240691,288.7944257952363
line_30190_30205,0.0871987250349927,2293.611516908537
line_30190_30220,0.0583225675895391,3429.204307457009
line_30190_30207,0.0477823110298889,4185.649368756893
line_30190_30374,0.202730193067639,986.5328739329514
line_30205_50000,1.66372740638817,120.21200061504385
line_30205_40787,1.7751428847709,112.66698681881712
line_30205_30221,0.0317384001199336,6301.514860365886
line_30205_30220,0.103251621303366,1937.015588475607
line_30205_30207,0.0593849786410432,3367.855046457362
line_30205_30374,0.3359695690928,595.292009749719
line_30207_50385,2.13905093968335,93.49940961649403
line_30207_50000,1.43981421972068,138.90680982356142
line_30207_40787,0.501922997028588,398.46749637695643
line_30207_40008,1.05481932180941,189.60593142807164
line_30207_30221,0.471255465425575,424.3982609716509
line_30207_30220,0.038892594525089,5142.367138067458
line_30207_30374,0.115600626481825,1730.0944301668164
line_30220_50385,2.11900831886693,94.38377292777378
line_30220_40787,0.338059048118042,591.612622449806
line_30220_40008,1.51753626010097,131.79256750457674
line_30220_30221,0.37421027924371,534.4588620179164
line_30220_30374,0.0736027501241704,2717.289770594075
line_30221_50385,1.45372670849522,137.5774406779826
line_30221_50024,1.47521296748425,135.57364557408235
line_30221_40787,1.03228482954456,193.74497645987807
line_30221_30374,0.144948819974396,1379.797365962195
line_30374_50385,1.31214867477847,152.4217520806215
line_30374_40787,0.164656018765691,1214.6534423658345
line_30374_40008,1.3186580235018,151.669345983187
line_30392_74104,1.60708616325653,124.44883452591529
line_40001_40003,0.146014592571983,1369.7261107748736
line_40001_40004,0.0399282625729017,5008.983289338888
line_40003_40917,1.85631894785167,107.74010588614703
line_40003_40004,0.0184661422648597,10830.6324694894
line_40003_40050,1.03601924114021,193.0466076864425
line_40004_40994,0.807173424983372,247.77822684650462
line_40004_40961,1.62469143655784,123.10029800103514
line_40004_40917,0.394594331929812,506.84965245667735
line_40004_40168,1.46219866177987,136.78031941059828
line_40004_40299,2.11616874402129,94.51042151768398
line_40004_40844,0.803837652155715,248.806459194396
line_40006_40008,0.0593198914579721,3371.5503363943135
line_40008_40917,1.60417143184571,124.67495432822051
line_40008_40787,1.55205833471956,128.86113590320548
line_40050_40994,1.93052614409102,103.59870059888215
line_40050_40917,2.08437973448522,95.95180604142367
line_40145_40994,0.185351848087276,1079.028895928929
line_40145_40961,0.872378125170261,229.2583849015772
line_40145_40917,0.503626429416705,397.11974653839746
line_40145_40367,1.84326388911613,108.5031835001676
line_40145_40369,1.92182207328541,104.0679065872598
line_40145_40160,0.177941861240121,1123.9626168128755
line_40145_40168,0.0843680332464966,2370.5661054781676
line_40145_40169,0.172450331557538,1159.7542213670379
line_40145_40310,1.47822656958355,135.29725693967504
line_40145_40299,0.533879939937248,374.6160607261399
line_40145_40281,1.19223505397724,167.75215535964105
line_40145_40279,0.633830503926781,315.54177143721637
line_40145_40208,0.730900013952412,273.63523899593434
line_40145_40162,0.0392837815057431,5091.1595659588165
line_40145_40844,0.401303903147659,498.3754168132533
line_40160_40994,0.202485943836609,987.7228819467341
line_40160_40961,0.747241750083136,267.65099778986996
line_40160_40917,0.470371536326532,425.19579641647357
line_40160_40367,1.13505257858306,176.2032911723521
line_40160_40369,1.24551494467824,160.57615434848674
line_40160_40829,1.8413846573759,108.61391681465065
line_40160_40168,0.0166849030174568,11986.884178514394
line_40160_40169,0.104026563284203,1922.5858635125273
line_40160_40310,0.721508073041694,277.19717557261833
line_40160_40309,1.62000070586018,123.45673633136165
line_40160_40299,0.312600483441903,639.794276060901
line_40160_40281,0.528280335306995,378.58687260008594
line_40160_40279,0.143126587883105,1397.3644097723122
line_40160_40208,0.512428379056119,390.29844593774305
line_40160_40162,0.165183153509074,1210.7772236532182
line_40160_40844,0.37507535711104,533.2261803080562
line_40162_40994,0.282959055588615,706.8160429923597
line_40162_40961,0.887953098598148,225.23712155039397
line_40162_40917,0.575616188954038,347.4537440710683
line_40162_40367,1.194565036494,167.42495710990497
line_40162_40369,1.35255110036604,147.86872004013313
line_40162_40829,2.10176074404392,95.15830979656961
line_40162_40168,0.0678350419050752,2948.3286865197124
line_40162_40169,0.51488346899233,388.4374077719309
line_40162_40787,1.61554487150407,123.79724235935355
line_40162_40310,0.650836860703652,307.29666998849774
line_40162_40309,1.29786349899683,154.09941041919114
line_40162_40299,0.312640725370767,639.7119241673199
line_40162_40281,0.424027178226158,471.66787948985797
line_40162_40279,0.14418847627738,1387.0733997858024
line_40162_40208,0.559576545179953,357.413121980805
line_40162_40844,0.466792640808985,428.45576925417186
line_40168_40994,0.0675659197496719,2960.0721893669065
line_40168_40518,0.915298771437845,218.50788643124642
line_40168_40961,0.223592929781144,894.482666315804
line_40168_40563,1.43813526762471,139.0689766827909
line_40168_40917,0.145576816736014,1373.8451250976032
line_40168_40391,0.640870706168142,312.0754281246973
line_40168_40367,0.300274053727245,666.0582142127761
line_40168_40369,0.333342197494836,599.9840449335801
line_40168_40881,0.794678519690216,251.67409844922526
line_40168_40519,2.13262857706428,93.78098096918251
line_40168_40829,0.523480151225984,382.05842099571964
line_40168_40169,0.0113508086721884,17619.889981058117
line_40168_40787,0.950066781069218,210.51151770080548
line_40168_40310,0.181480113439407,1102.049123783342
line_40168_40309,0.432237400746324,462.7086866029395
line_40168_40299,0.0802809557359873,2491.2508597645733
line_40168_40281,0.134660138272907,1485.2205156263315
line_40168_40279,0.0203922659694233,9807.63983266427
line_40168_40208,0.114517120085282,1746.4637588777823
line_40168_40595,1.49367511830804,133.89792569253612
line_40168_40844,0.115979380787769,1724.4444541912203
line_40169_40994,0.204032853148532,980.2342951818835
line_40169_40961,0.704371365214647,283.94112804266666
line_40169_40917,0.460297152496086,434.50192753843
line_40169_40367,1.19560264313478,167.27965695660816
line_40169_40369,1.28523013730704,155.6141536013641
line_40169_40829,1.81456231878673,110.21941651126423
line_40169_40310,0.782797678870533,255.49385926715047
line_40169_40299,0.267719197561456,747.0513949754732
line_40169_40281,0.670822935253068,298.14126722508377
line_40169_40279,0.285564374170194,700.3674760942051
line_40169_40208,0.196024757866248,1020.2792860301063
line_40169_40844,0.367058440054366,544.8723641128576
line_40208_40994,0.159879514288022,1250.94200398746
line_40208_40518,1.7831195426576,112.162979102296
line_40208_40961,0.366121184730626,546.2672151767185
line_40208_40917,0.290231683835641,689.104639978799
line_40208_40391,1.45609727678014,137.3534606439612
line_40208_40367,0.649966533590212,307.70815059548147
line_40208_40369,0.723553099145394,276.4137148140542
line_40208_40881,1.74391361023258,114.68458003107543
line_40208_40829,0.998892790872796,200.22168727962017
line_40208_40310,0.263856393324467,757.9880763171727
line_40208_40309,1.03434100243644,193.35982961991297
line_40208_40299,0.0328066174653076,6096.3310286864025
line_40208_40281,0.300815395480073,664.8595883226617
line_40208_40279,0.506560230598802,394.819782365428
line_40208_40844,0.234185398520754,854.0242101485057
line_40279_40994,0.323169308914841,618.8706491701611
line_40279_40961,0.970477503363785,206.0841176707109
line_40279_40917,0.644795928162224,310.17565599403423
line_40279_40367,1.25981529137829,158.75343105352508
line_40279_40369,1.43025530450859,139.83517444021396
line_40279_40310,0.558205429394174,358.2910331364244
line_40279_40309,1.41315655794772,141.52713574103447
line_40279_40299,0.27464819295251,728.2043178583099
line_40279_40281,0.405151673933237,493.6422897094016
line_40279_40844,0.520004962988478,384.6117138009537
line_40281_40994,0.30664503975485,652.2199092471598
line_40281_40518,1.62443879879939,123.11944294104427
line_40281_40961,0.653963288180702,305.82756496376345
line_40281_40917,0.49678859018914,402.5857355617909
line_40281_40391,0.666533873220202,300.05976895629766
line_40281_40367,0.288287389856326,693.7521620341221
line_40281_40369,0.453460467265328,441.0527806451016
line_40281_40881,1.23935434586583,161.3743483993492
line_40281_40829,1.00446031807339,199.11189760448772
line_40281_40310,0.0481654660610064,4152.35263677673
line_40281_40309,0.0601865532655645,3323.0013873286416
line_40281_40299,0.0702582354639248,2846.641374913168
line_40281_40844,0.408378238837507,489.7420601286732
line_40299_40994,0.107199534602423,1865.6797414443201
line_40299_40518,0.885239295938425,225.92761179674463
line_40299_40961,0.235958688713866,847.6059987031413
line_40299_40563,1.40427439569747,142.42230764356046
line_40299_40917,0.185156160240784,1080.1693000109342
line_40299_40391,0.579144380172794,345.33702967182006
line_40299_40367,0.241324608152046,828.759244784479
line_40299_40369,0.300426483154582,665.7202717281473
line_40299_40881,0.793813893098626,251.94822330371
line_40299_40519,2.04024443752468,98.0274698078086
line_40299_40829,0.517490120504694,386.4808081842132
line_40299_40310,0.0575437194347159,3475.618224972451
line_40299_40309,0.013013599996689,15368.537533878807
line_40299_40844,0.150432518285399,1329.499780230775
line_40309_40994,0.784628500396303,254.89769986558386
line_40309_40518,1.47256573684953,135.81736624396038
line_40309_40961,1.0616763555461,188.38132633850074
line_40309_40917,0.913070918127268,219.04103616639676
line_40309_40391,0.633015495026211,315.94803219108985
line_40309_40367,0.216752307007096,922.7122089798677
line_40309_40369,0.367174898975894,544.6995438899285
line_40309_40881,1.27805335402646,156.48798962101807
line_40309_40829,0.952967985204696,209.8706389984762
line_40309_40310,0.0725837664516091,2755.4370595157534
line_40309_40844,0.78415363855102,255.05205889188414
line_40310_40994,0.329792134310143,606.4426018478539
line_40310_40518,0.948737359240336,210.80649776471554
line_40310_40961,0.539608805370931,370.638873957067
line_40310_40563,1.55315793927885,128.76990481268277
line_40310_40917,0.445483911675582,448.94999518107727
line_40310_40391,0.478511499210566,417.96278737283023
line_40310_40367,0.162029908571329,1234.3400163800977
line_40310_40369,0.24960185654579,801.2760913231011
line_40310_40881,0.840755653001902,237.8812432433892
line_40310_40519,2.05665696904018,97.24519110901507
line_40310_40829,0.60318537142049,331.57302792175454
line_40310_40844,0.375287302792768,532.9250377288654
line_40367_53217,1.66699983694827,119.97601653407142
line_40367_53297,1.12526139196473,177.7364809884713
line_40367_40994,0.370962593992407,539.137916433951
line_40367_40518,0.465339982173393,429.79328590225646
line_40367_40961,0.397998083168577,502.51498300630647
line_40367_40535,1.31498223134617,152.09330988089212
line_40367_40563,0.764941431136459,261.45792587396375
line_40367_40917,0.358940076535216,557.1960699695728
line_40367_40391,0.0116535019045094,17162.223135914937
line_40367_40369,0.0235203263116512,8503.283387736274
line_40367_40881,0.338626511426695,590.6212102453635
line_40367_40564,1.40983575475417,141.8604963915627
line_40367_40519,0.877764315229264,227.8515958441097
line_40367_40829,0.308994919507097,647.2598330064335
line_40367_40595,1.16246278807018,172.0485180708646
line_40367_40844,0.313802052347326,637.3444612740573
line_40369_53217,1.74326756647614,114.72708139937589
line_40369_53297,1.16133399949261,172.21574507194362
line_40369_40994,0.375209532841692,533.0354974866372
line_40369_40518,0.19944633865597,1002.7759915161191
line_40369_40961,0.297032731375142,673.326468346032
line_40369_40535,0.646111163187627,309.5442570799866
line_40369_40563,0.364721307896367,548.3639032596051
line_40369_40917,0.300189562522155,666.2456826267546
line_40369_40391,0.0433636550989557,4612.157336451477
line_40369_40881,0.318128560581723,628.6766571171238
line_40369_40564,0.612345751303377,326.61286466722487
line_40369_40519,0.338526508742843,590.79568315853
line_40369_40829,0.166573421683009,1200.6717397004795
line_40369_40595,1.26486705426684,158.11938442489262
line_40369_40844,0.266939862877357,749.2324220301564
line_40391_53297,2.06472282916795,96.8653018093459
line_40391_40994,0.797480462450892,250.78984303307092
line_40391_40518,0.68687841498027,291.1723467183706
line_40391_40961,0.785186620331008,254.7165155663081
line_40391_40535,2.09073160661768,95.66029392149179
line_40391_40563,1.19281230371912,167.6709733596908
line_40391_40917,0.744710676979486,268.56067219445714
line_40391_40881,0.634864377862994,315.02791300595027
line_40391_40564,2.09560416989257,95.43787079324856
line_40391_40519,0.924411159211391,216.35394381285775
line_40391_40829,0.510468821307806,391.7967007027107
line_40391_40595,2.13586292185794,93.63896809727115
line_40391_40844,0.653192909089928,306.18825957350543
line_40518_80007,1.18894977357352,168.21568450185907
line_40518_53297,2.03941926833712,98.06713269070654
line_40518_40994,0.813328026972916,245.9032436695558
line_40518_40961,0.367739182967653,543.8637198951745
line_40518_40534,0.195725524369885,1021.8391323455444
line_40518_40535,0.0204405696727004,9784.463114406832
line_40518_40563,0.050888298010541,3930.176638223821
line_40518_40917,0.51526771193499,388.1477441094417
line_40518_40881,0.401621475056959,497.98133919914386
line_40518_40564,0.0434446908909958,4603.554448155858
line_40518_40519,0.0440970119822325,4535.454694313159
line_40518_40829,0.168254888705895,1188.672742517423
line_40518_40844,0.466410081565477,428.8071975818195
line_40519_40994,2.04957751837367,97.58108595897316
line_40519_40961,1.05405703394728,189.74305332514226
line_40519_40535,0.301762717678405,662.7723979247307
line_40519_40563,0.246246070420756,812.1957018776534
line_40519_40917,1.38722107138963,144.1731272144336
line_40519_40881,1.05328402099942,189.88230715797607
line_40519_40564,0.212579402713941,940.8249221074886
line_40519_40829,0.455974810353846,438.62072083498606
line_40519_40844,1.24988190129842,160.01511806214106
line_40534_40535,0.0445172555292072,4492.6399352894205
line_40534_40564,1.31418960253533,152.18504210820169
line_40535_80007,2.08166502352129,96.07693732668153
line_40535_40994,1.99901427952409,100.04931032689495
line_40535_40961,0.876889919128342,228.07879944475437
line_40535_40563,0.0324441698275957,6164.43573877141
line_40535_40917,1.26142969230754,158.55025549155968
line_40535_40881,0.923213898250273,216.63452031977775
line_40535_40564,0.152756522438329,1309.2730628294069
line_40535_40829,0.429871598337714,465.25520823749986
line_40535_40844,1.14240440969559,175.06935223866375
line_40563_80007,0.740622782940303,270.04300246610256
line_40563_80046,1.35265060774861,147.857842117031
line_40563_80050,2.04890923562209,97.61291350676936
line_40563_40994,1.25648293892727,159.17446532998787
line_40563_40961,0.549750059856377,363.8016884477471
line_40563_40917,0.781131632015685,256.03879269862165
line_40563_40881,0.457426948003989,437.22828502499135
line_40563_40564,0.0548996351318845,3643.0114611789904
line_40563_40829,0.261248029380446,765.5560138551219
line_40563_40844,0.707931410929161,282.51324480361694
line_40564_40961,1.09679487931477,182.34950196426095
line_40564_40917,1.54132777129668,129.75825371117855
line_40564_40881,1.18916889352637,168.1846885575005
line_40564_40829,0.502713716856779,397.84074572403034
line_40564_40844,1.39587874588344,143.27892060095925
line_40595_53217,1.28022694810177,156.2223012853665
line_40595_53297,0.857214485713246,233.3138360740484
line_40595_40881,0.309998039414866,645.1653706504344
line_40602_53217,2.00211065622071,99.89457844329674
line_40602_53297,1.21546023074203,164.54672472327738
line_40691_53217,0.408939098400007,489.0703793853637
line_40691_53297,0.256087912625174,780.9818040601248
line_40691_40881,0.750016375887938,266.6608442558627
line_40787_50399,1.0947411766453,182.69158433674292
line_40787_50385,0.403160054579274,496.0808932539562
line_40787_50024,0.908184483127573,220.2195740134727
line_40787_50000,1.27674586528865,156.64824569828036
line_40787_40994,1.79638766668148,111.33454304407795
line_40829_53297,1.92383541590768,103.95899688001037
line_40829_40994,0.436881537521468,457.79000214714307
line_40829_40961,0.175913121469975,1136.924854318705
line_40829_40917,0.260248364983245,768.4966628431121
line_40829_40881,0.425729649348506,469.7817037316052
line_40829_40844,0.236491984564034,845.6946241484426
line_40844_40994,0.0663774681219036,3013.0706346421025
line_40844_40961,0.0802626382343075,2491.819411868172
line_40844_40917,0.0434575717848039,4602.189947251846
line_40844_40881,0.525555227138572,380.54992067896694
line_40881_80007,1.03485529214559,193.26373601987893
line_40881_53217,0.322285631312899,620.5675356523265
line_40881_60872,1.72023136075614,116.26343093296974
line_40881_53297,0.177704125205842,1125.466275857872
line_40881_60663,0.979150261105758,204.25874142559005
line_40881_40994,0.834544681853198,239.65163801161378
line_40881_40961,0.615291775009091,325.0490387215804
line_40881_40917,0.584774069359628,342.01242920879713
line_40917_40994,0.0854510738883682,2340.5206148874913
line_40917_40961,0.088086993921895,2270.4827477406716
line_40961_40994,0.152952863250297,1307.5923899032446
line_50000_50399,1.12927819142907,177.10427910319032
line_50000_50385,0.375357100200369,532.8259406662035
line_50000_50024,0.446816670215932,447.6108733887356
line_50007_50099,0.477372439856776,418.9600892334822
line_50007_50399,1.51420987268399,132.08208690747273
line_50007_50385,1.94098655961958,103.04038377225993
line_50007_50365,1.08608864613315,184.14703137913185
line_50007_50077,0.769860497538038,259.7873259370841
line_50024_50099,0.721244545640418,277.2984575188892
line_50024_50399,0.316829481035514,631.2543875220425
line_50024_50385,0.178028135864311,1123.417930705265
line_50024_50365,1.13854374250411,175.6629917091464
line_50024_50077,1.37103302632193,145.8754064710899
line_50075_50099,0.118746809387888,1684.2557794264383
line_50075_50399,0.387976558972439,515.4950611699393
line_50075_50385,1.11169116390831,179.90608047730746
line_50075_50365,0.267033494141067,748.9697149914277
line_50075_50316,0.425882797318169,469.612769662034
line_50075_50077,0.0400360684416736,4995.495506542288
line_50075_50196,0.894776374807049,223.51953586518007
line_50075_70155,0.609282121345686,328.255159626663
line_50077_50099,0.0473294208537145,4225.701400787448
line_50077_50399,0.156175155858089,1280.613417038835
line_50077_50385,0.442425835969001,452.05316629387175
line_50077_70000,1.01802926796084,196.4580059673621
line_50077_50365,0.10621242413332,1883.0188806250756
line_50077_50316,0.245443690308928,814.8508513226385
line_50077_50196,0.305152034025811,655.4110007442493
line_50077_70155,0.254758543757662,785.0570860157262
line_50099_50399,0.0814413297165088,2455.7555813023323
line_50099_50385,0.230056878076347,869.3502305704927
line_50099_50365,0.0548012270850845,3649.553315466451
line_50099_50316,0.195259940594557,1024.2756368306257
line_50099_50196,0.787304822622382,254.0312141539196
line_50099_70155,0.413623935879963,483.53101126633453
line_50196_70000,0.572468312621835,349.3643151775937
line_50196_50365,1.7071350181704,117.1553496772314
line_50196_50316,1.29444211374163,154.50671596421802
line_50196_70155,0.678563090548777,294.74046376181946
line_50316_50399,0.700892633447853,285.3504095429763
line_50316_50385,1.99361284512761,100.32038090484821
line_50316_50365,0.507102982356341,394.3972071918522
line_50316_70155,0.264394271766767,756.4460404665203
line_50365_50399,0.12244854963114,1633.339068551432
line_50365_50385,0.379654823664381,526.7943077072614
line_50365_70155,0.867648133808222,230.50818898459866
line_50385_50399,0.173026609834304,1155.8915717734203
line_50399_70155,1.22718420138281,162.9747186890419
line_53000_53002,0.670134975317067,298.4473387698832
line_53002_60663,1.14403329478038,174.82008689125956
line_53002_60577,0.247113167013153,809.3457844330677
line_53012_80007,0.606039267080994,330.01161948351285
line_53217_60872,0.440630906138685,453.8946252150811
line_53217_60000,1.52971859964865,130.74300073617235
line_53217_53297,0.0252706438517936,7914.321501777046
line_53217_60003,1.32082553723903,151.42045210457343
line_53217_60663,1.006304628356,198.7469741908472
line_53297_60872,0.176915502340356,1130.4831818255998
line_53297_60000,0.634164705967712,315.3754822965232
line_53297_60003,0.530959889699224,376.6762873807571
line_53297_60663,0.418850607343294,477.4972185633673
line_53297_60403,1.64579555073071,121.52177705864062
line_60000_60872,1.1452811938246,174.6296028245357
line_60000_60003,1.70830350219609,117.07521511423016
line_60003_60872,0.185234671796782,1079.7114711840602
line_60003_60663,1.62709627273998,122.91835667671106
line_60003_60403,2.10904012148306,94.82986974157781
line_60194_70172,0.525415329177561,380.6512465349316
line_60194_70098,0.533137059864455,375.1380555890226
line_60194_60872,0.274701632476914,728.062655458766
line_60194_60494,0.677851358138271,295.0499362416312
line_60194_60514,0.167332845933214,1195.2226048902805
line_60194_60663,0.365185973801638,547.6661601155474
line_60194_60403,0.0720001424927402,2777.7722803835572
line_60403_70172,0.308744018420658,647.7858292545241
line_60403_70098,0.307516647781386,650.3712935313351
line_60403_60872,0.175337488003117,1140.6573818169709
line_60403_60494,0.214922223733454,930.5691916162169
line_60403_60514,0.0419495002128547,4767.637253964553
line_60403_60663,0.148532818190587,1346.5037722732352
line_60403_70063,1.82989021893557,109.29617412586539
line_60494_60872,1.37398548892587,145.56194487639928
line_60494_60514,0.0173464387519619,11529.744108275814
line_60494_60663,0.643439540385985,310.82951458038224
line_60514_70172,0.586990448994011,340.72104638629406
line_60514_70098,0.583869207169393,342.5424693478924
line_60514_60872,0.344608181371963,580.3692738917423
line_60514_60663,0.175389847968973,1140.3168559412893
line_60577_60663,0.419289301187057,476.9976229628961
line_60663_70172,1.39804027008178,143.05739561300388
line_60663_70098,1.38924866090039,143.96270849768348
line_60663_60872,0.161300169289268,1239.9243031253711
line_60872_70172,1.23693387174185,161.69013119380426
line_60872_70098,1.22983923831004,162.62288091801832
line_70000_70016,1.00494749865985,199.01537171514977
line_70000_70155,1.9045878229555,105.00959713668867
line_70016_77001,2.13887480889612,93.5071090501181
line_70016_77261,0.537980644910639,371.7605863557059
line_70063_70172,0.896993415224163,222.9670771329119
line_70063_77001,1.23692794732977,161.6909056277303
line_70063_70098,0.211850689098869,944.0611255536753
line_70063_77261,0.24210042552912,826.1034633164817
line_70098_70172,0.152812652124962,1308.7921531291186
line_70098_77001,1.52438411310315,131.20052766285073
line_70098_77261,0.264602086046887,755.8519397483524
line_70172_77261,1.13476501008802,176.24794404304612
line_74001_74104,1.41446471665356,141.3962452687926
line_74053_74235,0.186528492560962,1072.2222500920882
line_74053_77173,0.470143940549504,425.4016328834104
line_74132_77001,2.0314652897281,98.45110374825497
line_74132_77261,0.779369480195659,256.6176955630729
line_74132_74235,0.218888077872443,913.7089691862978
line_74235_77173,0.278916788841963,717.0597396821529
line_77001_77261,0.123330637492123,1621.6570680807013
line_80007_80046,0.0503830093375288,3969.592182557979
line_80007_80050,0.0291430093172518,6862.709263233359
line_80007_80047,0.199798244485441,1001.0097962325874
line_80046_80047,0.0287356760572815,6959.989373534187
line_80046_80050,0.0616248911164182,3245.44183976198
line_80047_80050,0.256908743584007,778.4865443265916
