ORISPL,PLNOXRTA,PLSO2RTA,PLCO2RTA,PLN2ORTA
57310,,,,
58918,,,,
58920,,,,
58919,,,,
57871,,,,
52162,,,,
52163,,,,
293,,,,
61501,59.790,0.078,0.000,0.003
61502,57.110,0.074,0.000,0.003
61503,52.182,0.066,0.000,0.002
58699,62.348,0.073,0.000,0.003
62874,,,,
59440,,,,
57305,,,,
59441,,,,
60027,,,,
57811,,,,0.002
57651,,,,
55184,1.731,0.018,651.977,0.001
55185,,,,
57697,,,,
57698,,,,
61718,,,,
315,0.104,0.008,"1,576.744",0.003
62115,,,,
61204,,,,
335,0.161,0.007,"1,399.571",0.003
62116,,,,
356,0.089,0.008,"1,557.284",0.003
50748,2.981,0.031,"1,120.486",0.002
55951,0.209,0.008,"1,307.454",0.003
52158,0.003,0.001,237.303,
7450,4.627,0.048,"1,759.545",0.003
905,,,,
59469,,,,
57564,0.110,0.004,852.395,0.002
60242,,,,
59412,,,,
62546,,,,
7315,0.104,0.006,"1,236.097",0.002
58003,,,,
58002,,,,
57295,,,,
55352,,,,
214,,,,
57282,,,,
57291,,,,
57292,,,,
57293,,,,
57294,,,,
57835,,,,
58394,,,,
58395,,,,
50300,0.000,0.000,0.000,0.000
50299,3.101,0.032,"1,179.610",0.002
50571,0.000,0.605,0.000,0.000
50001,,,,
50485,,,,
54242,,,,
61377,,,,
59800,,,,0.002
50964,,,,
57771,0.000,0.304,0.000,0.000
56898,0.000,0.478,0.000,0.000
58437,0.000,0.324,0.000,0.000
58397,0.000,0.358,0.000,0.000
56897,0.000,0.342,0.000,0.000
56895,0.000,0.344,0.000,0.000
58436,0.000,0.333,0.000,0.000
56428,0.000,0.398,0.000,0.000
58435,0.000,0.335,0.000,0.000
62687,,,,
60777,,,,
56706,0.729,0.005,1.051,0.169
7693,0.180,0.006,"1,073.758",0.002
59416,,,,
215,,,,
59331,,,,
60279,,,,
60186,,,,
60187,,,,
61265,,,,
62320,,,,
61264,,,,
62673,,,,
62674,,,,
59610,,,,
62577,,,,
59557,,,,0.000
59473,,,,
62547,,,,
10684,1.198,0.002,"1,148.578",0.019
58445,,,,
58446,,,,
58447,,,,
59737,,,,
58889,,,,
61154,,,,0.001
61153,,,,0.001
62573,,,,
62574,,,,0.001
58366,,,,
59414,,,,
57378,,,,
57359,,,,
60085,,,,
58039,,,,
6449,,,,
50200,1.698,0.017,637.591,0.001
10650,11.674,0.004,809.167,0.002
59428,,,,
59948,,,,
57655,,,,
61118,,,,
61117,,,,
217,,,,
218,,,,
56474,0.124,0.006,"1,209.116",0.002
60481,,,,
60474,,,,
60475,,,,
61431,0.000,0.000,0.000,0.000
59309,,,,
59308,,,,
10469,,,,
50156,,,,
58508,,,,
10649,11.596,0.004,803.689,0.002
457,,,,
56346,379.750,0.450,"16,316.500",0.031
414,,,,
219,,,,
58890,,,,
50170,1.680,0.017,634.850,0.001
50622,2.019,0.021,763.162,0.001
62176,4.145,0.043,"1,567.081",0.003
52096,1.733,0.018,655.058,0.001
10880,,,,
317,,,,
318,,,,
322,,,,
319,,,,
320,,,,
321,,,,
10282,,,,
391,,,,
10288,,,,
54296,13.911,0.017,606.487,0.001
323,,,,
324,,,,
325,,,,
326,,,,
327,,,,
7229,,,,
57477,,,,
57478,,,,
57479,,,,
56090,2.743,0.011,"1,885.768",0.004
59524,,,,
10764,,,,
62077,,,,
55295,0.054,0.004,890.354,0.002
60093,,,,
60092,,,,
60094,,,,
60095,,,,
61845,,,,
56862,,,,
59531,,,,
328,0.000,0.000,0.000,0.000
60565,0.000,0.000,0.000,0.000
902,,,,
59461,0.000,0.348,0.000,0.000
50546,,,,
50179,,,,
50540,,,,
383,,,,
58007,0.000,0.316,0.000,0.000
56820,,,,
57580,29.709,0.035,"1,292.192",0.002
420,,,,
57962,,,,
57180,,,,
220,,,,
58472,,,,
56446,,,,
60154,,,,
60151,,,,
60153,,,,
10706,,,,
10652,1.215,0.266,57.258,0.099
221,,,,
57970,,,,
52147,1.768,0.018,658.665,0.001
58251,,,,
60428,,,,
60033,,,,
60034,,,,
56011,,,,
302,0.251,0.011,"2,073.782",0.003
57163,0.000,0.523,0.000,0.000
10262,1.655,0.017,623.789,0.001
59283,,,,
57544,,,,0.001
57439,,,,
59088,,,,
50066,0.003,0.001,237.303,
55510,0.123,0.007,"1,291.837",0.002
55513,0.147,0.007,"1,266.857",0.002
55508,0.064,0.004,714.632,0.002
55499,0.111,0.007,"1,264.603",0.002
10034,0.166,0.004,848.902,0.002
55112,0.081,0.004,886.231,0.002
56768,,,,
57460,,,,0.002
537,,,,
10586,,,,
430,,,,
531,,,,
58467,,,,
57522,,,,
60568,0.000,0.000,0.000,0.000
57027,0.092,0.006,"1,271.966",0.002
222,,,,
223,,,,
59002,2.994,0.031,"1,134.991",0.002
7527,0.059,0.005,888.283,0.002
10169,,,,
61801,,,,
58590,,,,
392,,,,
57870,,,,
60277,,,,
59334,,,,
57708,,,,
58440,,,,0.002
58253,,,,
57573,1.826,0.019,692.984,0.001
61620,,,,
59748,,,,
61619,,,,
61621,,,,
10631,0.000,0.935,160.340,
55984,0.000,0.935,160.340,
60670,,,,
60077,,,,
60078,,,,
60079,,,,
60080,,,,
60081,,,,
56475,0.109,0.007,"1,444.758",0.003
224,,,,
58430,,,,
60281,,,,
59963,,,,
10048,,,,
58258,1.576,0.016,595.917,0.001
58978,202.658,0.100,0.000,0.004
55934,4.923,0.051,"1,847.791",0.003
10677,,,,
62378,,,,
62150,,,,
50003,2.214,0.023,841.288,0.002
56821,,,,
412,,,,
10175,2.230,0.024,843.211,0.002
225,,,,
56185,28.145,0.033,"1,212.288",0.002
58506,,,,
57011,,,,
55540,0.274,0.013,"2,319.935",0.004
59183,,,,
59738,,,,
62052,,,,
58525,32.102,0.049,8.639,0.002
57682,,,,
57714,34.581,0.052,"1,500.645",0.003
59329,,,,
59395,,,,
10623,1.588,0.017,637.774,0.001
50128,,,,
56356,2.183,0.023,825.417,0.002
60813,,,,
58949,,,,
6060,4.961,0.052,"1,924.857",0.004
226,,,,
52086,1.595,0.016,603.190,0.001
52083,,,,
50131,,,,
50750,1.701,0.017,634.565,0.001
57807,,,,0.002
58379,0.000,0.400,0.000,0.000
227,,,,
454,,,,
60825,,,,
54555,,,,
10661,1.098,0.144,0.000,0.053
59798,,,,
59597,,,,
59598,,,,
58502,,,,
59979,,,,
56532,0.033,0.004,858.080,0.002
846,,,,
10090,3.053,2.170,"1,523.207",0.128
58545,,,,
59264,,,,
59263,,,,
393,,,,
329,,,,
294,,,,
295,,,,
54299,,,,
54298,,,,
54750,,,,
60450,,,,
58374,,,,
59413,,,,
59900,,,,
61475,,,,
61476,,,,
61464,,,,
61482,,,,
61474,,,,
480,,,,
10635,,,,
59638,,,,
59536,,,,
59537,,,,
10875,0.000,0.935,160.340,
10873,0.000,0.935,160.340,
10874,0.000,0.935,160.340,
55970,0.043,0.004,836.348,0.001
394,,,,
59087,,,,
59086,,,,
59703,,,,
62242,,,,
10840,,,,
10837,,,,
50632,3.852,0.204,"1,900.216",0.177
10707,,,,
229,,,,
483,,,,
58170,,,,
61285,,,,
55625,0.248,0.008,"1,528.054",0.003
231,,,,
55084,1.839,0.019,700.020,0.001
58527,,,,
59130,,,,
59129,,,,
57042,,,,0.001
56813,,,,
62028,,,,
58422,,,,0.002
50851,2.134,0.022,805.131,0.002
60979,,,,
60978,,,,
58169,1.524,0.016,574.647,0.001
54300,,,,
60043,,,,
55512,0.128,0.007,"1,328.748",0.003
52081,1.606,0.017,604.318,0.001
52104,1.650,0.017,621.282,0.001
52082,1.597,0.016,601.551,0.001
232,,,,
7507,,,,
233,,,,
10632,0.000,0.935,160.340,
58122,0.114,0.007,"1,446.856",0.003
61116,,,,
55333,0.054,0.004,851.165,0.002
58119,,,,
60861,,,,
57959,,,,
62177,,,,
58514,,,,
59871,,,,
58542,,,,
57993,,,,
10300,1.211,0.397,17.963,0.147
60699,,,,
62460,,,,
436,,,,
58593,13.627,1.265,715.401,0.008
6099,,,,
62175,,,,
56271,,,,
7942,,,,
59405,,,,
54681,,,,
54682,,,,
54685,,,,
54686,,,,
10815,,,,
54687,,,,
56791,,,,
10005,,,,
60100,,,,
57827,,,,
380,,,,
62571,,,,
300,,,,
59094,,,,
59095,,,,
59096,,,,
54449,1.960,0.020,737.591,0.001
52064,,,,0.000
62872,,,,
439,,,,
56026,0.049,0.005,944.164,0.002
415,,,,
50493,3.185,0.033,"1,209.931",0.002
55935,6.734,0.069,"2,510.178",0.005
585,,,,
385,,,,
386,,,,
387,,,,
314,,,,
235,,,,
236,,,,
59746,,,,
54238,0.260,0.001,48.096,0.063
60182,,,,
237,,,,
413,,,,
57301,,,,
50818,,,,
6211,15.234,0.009,"2,709.679",0.023
10776,2.348,0.024,884.147,0.002
60446,,,,
59132,,,,
59133,,,,
586,,,,
50375,,,,
50820,,,,
54453,,,,
50553,,,,
62892,,,,
437,,,,
58076,,,,
301,,,,
57001,0.133,0.007,"1,333.628",0.002
60569,0.000,0.000,0.000,0.000
389,0.105,0.005,955.662,0.002
238,,,,
56707,0.911,0.005,2.918,0.168
330,0.042,0.005,"1,013.945",0.002
10213,3.090,0.032,"1,235.434",0.002
56814,,,,
61168,,,,
61169,,,,
239,,,,
59964,,,,
55950,,,,
55400,0.030,0.003,666.686,0.001
62564,,,,
8076,4.446,0.046,"1,688.832",0.003
10634,0.000,0.935,160.340,
10026,41.683,0.061,92.894,0.002
58168,21.907,0.030,"1,110.145",0.002
60646,,,,
59122,,,,
59978,,,,
50530,0.858,0.002,662.276,0.001
62671,,,,
62704,,,,
62702,,,,
62703,,,,
62705,,,,
60223,,,,0.002
55538,0.093,0.006,"1,248.415",0.002
60570,0.000,0.000,0.000,0.000
50819,,,,
745,,,,
331,,,,
409,,,,
58306,,,,
58761,,,,
58762,,,,
58763,,,,
50270,,,,
58261,,,,
10052,3.007,0.508,133.703,0.189
296,,,,
61365,,,,
6512,,,,
59203,,,,
55847,0.913,0.007,"1,464.839",0.003
59523,,,,
57498,,,,
62575,,,,
441,,,,
61698,,,,
332,,,,
396,0.000,0.000,0.000,0.000
6645,,,,
59799,,,,
417,,,,
59651,,,,
50350,,,,
10342,1.825,0.019,692.907,0.001
57791,,,,
61442,,,,
61066,,,,
58102,,,,
58112,,,,
58101,,,,
62654,,,,
57792,,,,
61443,,,,
58114,,,,
58113,,,,
61444,,,,
61067,,,,
57626,,,,
58104,,,,
58105,,,,
55845,,,,
57201,,,,
62287,,,,
50219,,,,
397,0.000,0.000,0.000,0.000
57809,,,,0.002
60183,,,,
424,,,,
10156,0.022,0.001,271.491,0.002
60083,,,,
50393,,,,
10110,2.207,0.023,823.956,0.002
62275,,,,
60039,,,,
57506,,,,
58083,1.777,0.018,667.674,0.001
58320,0.000,0.350,0.000,0.000
57133,0.000,0.361,0.000,0.000
56909,,,,
58528,,,,
57302,,,,
50492,32.614,0.048,0.000,0.002
55875,,,,
57892,,,,
56476,0.047,0.004,874.837,0.002
61993,,,,
50623,,,,
57566,,,,
60844,,,,
60231,,,,
57394,,,,
54038,,,,
10763,0.000,0.935,160.340,
7368,0.003,0.001,237.303,
7369,0.003,0.001,237.303,
286,0.003,0.001,237.303,
7231,4.531,0.047,"1,709.504",0.003
57521,,,,
59522,,,,
55810,0.366,0.007,"1,404.614",0.003
422,0.137,0.004,869.306,0.002
60974,,,,
54749,0.108,0.004,879.319,0.002
59328,,,,
60590,,,,
61222,,,,
60049,,,,
57796,,,,
57797,,,,
55627,0.246,0.008,"1,440.299",0.003
10128,,,,
50552,,,,
60516,,,,
56472,0.178,0.008,"1,523.797",0.003
58217,,,,
58204,,,,
377,0.000,0.000,"1,480.109",0.003
59940,,,,
57849,,,,
57850,,,,
61339,,,,
61215,,,,
61216,,,,
55396,,,,
10350,0.758,0.004,808.908,0.002
6643,,,,
58370,,,,
58371,,,,
7338,,,,
10115,1.759,0.018,668.294,0.001
10392,,,,
10388,,,,
62690,,,,
57891,,,,
56039,4.269,0.044,"1,612.595",0.003
240,,,,
398,,,,
241,,,,
242,,,,
59300,,,,
55698,3.122,0.008,"1,388.850",0.003
50541,,,,
399,0.416,0.010,"1,729.548",0.003
243,,,,
244,,,,
10882,,,,
56654,,,,
400,0.052,0.004,864.493,0.002
10253,,,,
59009,,,,
54689,0.000,0.000,0.000,
58398,,,,
61722,,,,
61723,,,,
61721,,,,
59315,,,,
59316,,,,
59317,,,,
62889,,,,
57831,,,,
62689,,,,
56955,,,,
6100,0.000,0.000,0.000,0.000
56275,,,,
52165,,,,
60641,,,,
55807,0.139,0.007,"1,246.032",0.002
58975,,,,
59182,,,,
162,,,,
55518,0.064,0.004,889.743,0.002
57977,16.653,0.020,734.865,0.001
50495,2.824,0.029,"1,072.779",0.002
56075,,,,
10777,1.393,0.348,2.098,0.129
62655,,,,
58223,22.977,0.027,996.835,0.002
59268,,,,
58300,,,,0.002
58452,,,,
58432,24.784,0.030,"1,081.153",0.002
58211,,,,
246,23.255,0.028,"1,027.007",0.002
50049,3.798,0.627,10.098,0.232
247,,,,
57523,,,,
62515,,,,
60960,4.619,0.059,210.956,0.002
58028,,,,
57490,,,,
57491,,,,
59657,,,,
58062,,,,
56917,,,,
57895,,,,
50129,,,,
55541,0.237,0.007,"1,274.928",0.002
57860,,,,
58609,,,,
52115,4.314,0.045,"1,638.926",0.003
55853,0.045,0.004,864.590,0.002
248,,,,
58086,,,,
58954,,,,
61152,,,,
60224,,,,0.002
297,,,,
58513,,,,
10139,,,,
57841,,,,
57840,,,,
58307,,,,
57074,0.020,0.001,218.533,0.000
57073,0.020,0.001,217.090,0.000
57075,0.015,0.001,163.844,0.000
61692,,,,
104,,,,
57101,,,,
58216,,,,
60947,,,,
249,,,,
431,,,,
57475,0.000,0.935,160.340,
534,,,,
442,,,,
58301,,,,0.002
62699,,,,
58128,,,,0.002
62698,,,,
62701,,,,
58132,,,,0.002
62700,,,,
54653,,,,
10718,,,,
337,,,,
336,,,,
338,,,,
10042,5.036,0.055,"2,023.432",0.004
303,,,,
62441,,,,
54654,,,,
59280,,,,0.002
418,,,,
250,,,,
682,,,,
7911,,,,
50494,3.205,0.033,"1,217.491",0.002
58100,4.407,0.045,"1,651.391",0.003
340,,,,
339,,,,
10496,1.806,0.019,679.649,0.001
52107,1.544,0.016,583.424,0.001
52094,,,,
52092,,,,
52095,,,,
443,,,,
59098,,,,
59099,,,,
57921,,,,
59633,,,,
58510,,,,
55766,0.000,0.456,0.000,0.000
253,,,,
61628,,,,
55811,3.470,0.036,"1,312.986",0.002
10294,0.003,0.000,27.643,0.002
59868,,,,
60091,,,,
6518,39.941,3.587,"2,021.285",0.016
254,,,,
10405,0.188,0.007,"1,165.394",0.002
58304,,,,
61802,,,,
57009,,,,
56295,,,,
10720,31.210,0.037,"1,366.683",0.003
57836,,,,
440,,,,
58118,,,,
55151,0.059,0.005,895.003,0.002
58960,20.655,0.032,115.143,0.001
7987,0.205,0.007,"1,345.028",0.002
57729,0.000,0.000,0.000,0.000
6644,,,,
7489,,,,
60973,,,,
55626,0.239,0.008,"1,449.056",0.003
62056,,,,
58634,,,,
58750,,,,
59262,,,,
59167,,,,
59169,,,,
59739,,,,
55542,0.191,0.006,"1,229.520",0.002
58963,,,,
57312,,,,
61792,,,,
60142,,,,
62274,,,,
59279,,,,0.002
58302,,,,0.002
255,,,,
57988,0.000,0.383,0.000,0.000
60060,,,,
60984,,,,
50148,,,,
58308,,,,
62463,,,,
62464,,,,
62465,,,,
59870,,,,
59885,,,,
60026,,,,
54768,12.148,0.004,841.886,0.002
57808,,,,0.002
7451,4.958,0.051,"1,881.773",0.004
57978,0.042,0.004,843.476,0.002
10206,1.912,0.019,705.354,0.001
60988,,,,
58417,,,,
59237,,,,
341,0.570,0.011,"2,101.408",0.004
60485,,,,
432,,,,
57730,,,,
57314,,,,
54451,0.678,0.002,617.246,0.001
55748,0.050,0.005,998.641,0.002
55217,0.047,0.004,786.743,0.001
10708,,,,
52077,2.069,0.021,778.372,0.001
58711,,,,
365,0.000,0.000,0.000,0.000
342,,,,
58451,,,,
57308,,,,
59409,,,,
61421,,,,
58522,,,,
375,,,,
56046,0.039,0.005,874.620,0.002
56239,0.168,0.007,"1,250.123",0.002
56041,0.066,0.005,985.457,0.002
62688,,,,
10480,0.000,0.000,0.000,
10481,0.000,0.000,0.000,
344,,,,
345,,,,
61115,,,,
57484,,,,
56676,,,,
57005,,,,
59607,,,,
61013,,,,
10748,0.000,0.355,0.000,0.000
57483,0.134,0.007,"1,281.877",0.002
57267,0.083,0.007,"1,397.799",0.003
54912,1.437,0.016,716.905,0.001
52063,,,,0.000
62178,,,,
59802,,,,0.002
58914,1.804,0.018,659.071,0.001
535,3.959,0.040,"1,474.933",0.003
151,10.929,4.743,"2,546.421",0.014
58462,,,,
56471,0.116,0.006,"1,192.463",0.002
52076,3.559,0.037,"1,345.454",0.003
50612,10.573,0.003,732.773,0.002
410,,,,
61420,,,,
258,,,,
59265,,,,
57982,,,,
50535,,,,
50363,,,,
57154,,,,
55393,0.055,0.004,872.505,0.002
57313,,,,
62459,,,,0.000
425,,,,
401,,,,
10501,,,,
56639,0.212,0.007,"1,348.989",0.002
60336,,,,
60237,,,,
60315,,,,
52169,1.584,0.016,598.754,0.001
7147,,,,
58056,17.120,0.042,646.474,0.002
60760,0.000,0.000,0.000,0.000
58698,,,,
60661,,,,
56473,0.148,0.006,"1,209.555",0.002
305,,,,
56232,0.191,0.006,"1,200.197",0.002
62697,,,,
60650,,,,
59267,,,,
59411,,,,
55161,0.000,0.335,0.000,0.000
55094,0.000,0.271,0.000,0.000
55602,0.000,0.352,0.000,0.000
55160,0.000,0.432,0.000,0.000
54015,0.000,0.000,0.000,0.000
54567,0.000,0.346,0.000,0.000
6212,,,,
381,,,,
751,,,,
50821,,,,
50823,,,,
52143,,,,
52142,,,,
52144,,,,
7072,,,,
57331,,,,
54951,14.509,0.022,288.686,0.001
58633,,,,
57701,,,,
55009,,,,
7646,,,,
60007,,,,
59942,,,,
260,0.060,0.004,821.061,0.002
61353,,,,
61202,,,,
55719,,,,
56112,,,,
57459,,,,
358,0.092,0.004,864.292,0.002
54626,1.076,0.381,17.149,0.141
10458,,,,
50674,29.580,0.035,"1,292.883",0.002
60412,,,,
261,,,,
57833,,,,
62015,,,,
50352,,,,
455,,,,
262,,,,
61894,,,,
58610,,,,
57764,,,,
50963,2.083,0.021,776.233,0.001
306,,,,
10811,3.187,0.033,"1,217.875",0.002
6707,,,,
7449,0.154,0.005,"1,024.717",0.002
60826,,,,
50223,,,,
50755,,,,
6158,,,,
58226,,,,
632,,,,
10427,1.779,0.018,672.329,0.001
60981,,,,
58034,,,,
59600,,,,
56569,0.063,0.006,"1,119.738",0.002
444,,,,
59652,,,,
58748,,,,
56832,0.000,0.000,0.000,
60571,0.000,0.385,0.000,0.000
60192,,,,
57854,,,,
307,,,,
10812,3.111,0.033,"1,188.828",0.002
59962,,,,
52078,,,,
57743,,,,
57722,,,,
59879,,,,
58154,,,,
58713,,,,
50831,0.000,0.881,0.001,0.000
54337,15.746,0.019,698.226,0.001
56939,,,,
57455,,,,
59528,,,,
10810,3.190,0.033,"1,218.882",0.002
58448,,,,
50754,,,,
626,,,,
57552,,,,
58376,,,,
56302,,,,
57311,,,,
57514,,,,
10648,,,,
6013,,,,
10884,1.741,0.018,656.413,0.001
50850,2.101,0.022,793.694,0.001
50180,,,,
58581,,,,
58582,,,,
58607,12.900,0.018,653.718,0.001
61419,,,,
446,0.000,0.000,0.000,0.000
62497,,,,
62499,,,,
56914,0.126,0.007,"1,324.638",0.002
61372,,,,
58718,,,,
58721,,,,
50766,0.000,0.000,0.000,
50764,,,,
50762,,,,
54724,0.000,0.000,0.000,
350,0.090,0.007,"1,386.517",0.003
62801,,,,
59915,,,,
54477,14.772,0.018,642.209,0.001
60567,0.000,0.000,0.000,0.000
52204,0.000,0.401,0.000,0.000
55345,0.074,0.005,899.200,0.002
58612,,,,
60953,,,,
426,,,,
50464,2.054,0.021,770.461,0.001
57585,1.761,0.018,654.402,0.001
50224,26.055,0.038,171.909,0.002
59456,2.055,0.021,774.543,0.001
57309,,,,
61989,,,,
61027,4.509,0.045,"1,647.006",0.003
59447,58.973,0.090,0.000,0.003
61795,,,,
57757,,,,
50560,2.877,0.400,0.000,0.148
50533,,,,
62729,,,,
60566,0.000,0.000,0.000,0.000
57773,,,,
55985,0.047,0.004,859.439,0.002
10473,,,,
56803,0.103,0.006,"1,112.414",0.002
57340,,,,
58058,,,,
376,,,,
59539,,,,
428,,,,
447,,,,
58198,1.802,0.019,681.201,0.001
55656,0.045,0.004,851.502,0.002
56213,,,,
50849,1.747,0.018,662.566,0.001
61167,,,,
6704,32.368,2.859,"1,664.091",0.014
481,,,,
62611,,,,
50388,0.000,0.000,"2,058.619",0.000
50119,0.806,0.002,625.391,0.001
264,,,,
55339,,,,
58248,,,,
388,,,,
7907,,,,
57306,,,,
56433,,,,
57834,,,,
57837,,,,
57555,0.125,0.006,"1,182.324",0.002
265,,,,
266,,,,
267,,,,
268,,,,
269,,,,
270,,,,
10478,2.994,0.031,"1,130.103",0.002
59803,,,,0.002
50696,36.613,0.057,134.745,0.002
52099,35.341,0.055,105.292,0.002
402,,,,
10479,0.000,0.000,0.000,
272,,,,
61390,,,,
10709,,,,
353,,,,
61319,,,,
354,,,,
60309,,,,
60310,,,,
60311,,,,
59219,,,,
58309,,,,
6524,,,,
59952,0.000,0.360,0.000,0.000
274,,,,
57696,2.928,0.039,0.000,0.001
58611,,,,
58085,,,,
62578,,,,
55601,0.000,0.377,0.000,0.000
10472,0.000,0.000,0.000,0.000
59322,,,,
59550,,,,
60790,,,,
59457,1.685,0.017,635.298,0.001
59339,,,,
382,,,,
50147,,,,
58354,,,,
58355,,,,
427,,,,
58909,,,,
58911,,,,
60995,,,,
59540,,,,
56615,,,,
529,,,,
60226,,,,
62458,,,,0.004
60426,,,,
55820,,,,
58984,,,,
59976,,,,
59977,,,,
60389,,,,
57783,,,,
57784,,,,
57785,,,,
58983,,,,
58990,,,,
57777,,,,
57779,,,,
57781,,,,
57806,,,,
60233,,,,
60386,,,,
61445,,,,
61446,,,,
61447,,,,
61448,,,,
61449,,,,
57778,,,,
57780,,,,
57782,,,,
58985,,,,
58148,,,,
58991,,,,
57816,,,,
57817,,,,
57818,,,,
57819,,,,
57820,,,,
57821,,,,
59150,,,,
58986,,,,
59939,,,,
58202,,,,
56184,28.027,0.033,"1,207.212",0.002
484,,,,
58831,,,,
7307,0.051,0.005,990.193,0.002
60490,,,,
56134,50.760,0.102,264.006,0.003
57650,,,,
62545,,,,
54936,,,,
52109,1.246,0.014,603.310,0.001
52105,,,,
54931,,,,
10597,,,,
10767,0.908,0.376,13.273,0.139
50037,,,,
10772,1.547,0.384,12.604,0.142
59249,,,,
59250,,,,
58500,,,,
482,,,,
56135,0.121,0.006,"1,361.405",0.003
57621,,,,
59235,,,,
59236,,,,
56143,0.112,0.007,"1,295.239",0.002
59877,,,,0.002
55963,0.222,0.007,"1,372.368",0.003
10881,,,,
433,,,,
57579,,,,
275,,,,
56822,,,,
50892,,,,
7824,6.476,1.763,"2,052.471",0.007
58751,,,,
58752,,,,
57713,29.931,0.036,"1,334.028",0.003
58297,,,,0.002
58296,,,,0.002
58298,,,,0.002
34,,,,
58498,,,,
58499,,,,
56469,2.045,0.138,0.000,0.051
7452,4.873,0.049,"1,781.183",0.003
56298,0.055,0.005,999.004,0.002
62114,,,,
57419,,,,
59410,,,,
57960,,,,
357,,,,
56467,0.055,0.004,870.829,0.002
58449,,,,
59323,,,,
58636,,,,
7552,0.075,0.005,959.276,0.002
61209,,,,
56875,,,,
54800,1.595,0.017,604.887,0.001
50610,,,,
50865,0.065,0.004,776.557,0.001
279,,,,
10879,0.000,0.935,160.340,
10759,0.000,0.935,160.340,
54996,0.000,0.935,160.340,
10878,0.000,0.935,160.340,
55983,0.000,0.935,160.340,
50234,31.648,0.038,"1,383.244",0.003
57904,,,,
62754,,,,
50061,2.015,0.020,735.947,0.001
6646,,,,
50233,,,,
403,,,,
56305,,,,
56306,,,,
6479,,,,
6480,,,,
54017,,,,
7148,,,,
50281,,,,
50690,,,,
54454,,,,
60972,,,,
276,,,,
277,,,,
60678,,,,
10548,2.261,0.023,854.323,0.002
360,,,,
62004,,,,
50400,,,,
57361,,,,
361,,,,
363,,,,
50534,,,,
7232,2.810,0.029,"1,060.375",0.002
57876,0.000,0.394,0.000,0.000
58913,,,,
58912,,,,
50076,,,,
10733,,,,
56284,3.840,0.008,"2,639.821",0.005
57100,,,,
60946,,,,
58625,,,,0.001
60385,,,,0.002
62039,,,,
50864,,,,
59074,42.160,4.025,"2,264.400",0.018
7551,0.053,0.004,798.679,0.002
404,0.041,0.005,882.941,0.002
61006,,,,
59359,,,,
59360,,,,
59423,,,,
59422,,,,
59421,,,,
839,,,,
59138,,,,
59139,,,,
61843,,,,
54111,0.000,0.000,0.000,
10439,0.000,0.000,0.000,0.000
10440,0.000,0.000,0.000,0.000
10446,0.013,0.004,147.487,0.000
10441,0.000,0.000,0.000,0.000
10442,0.090,0.010,350.079,0.001
10443,0.075,0.012,439.372,0.001
10444,0.015,0.005,170.645,0.000
57482,0.106,0.006,"1,218.579",0.002
316,,,,
58073,,,,
59730,,,,
58074,,,,
58234,,,,
60745,,,,
60744,,,,
59740,,,,
59273,,,,
58227,,,,
59722,,,,
59723,,,,
57971,41.301,0.085,0.000,0.003
57043,,,,0.001
62649,,,,
59408,,,,
445,,,,
58814,,,,
62806,,,,
56362,,,,
57586,,,,
57725,,,,
56874,,,,
61803,,,,
58585,1.603,0.016,590.824,0.001
55049,,,,
50110,0.718,0.138,0.000,0.051
10144,0.554,0.139,0.000,0.051
50111,3.924,0.417,0.000,0.154
50112,2.917,0.497,0.000,0.184
54517,1.914,0.431,"3,561.982",0.159
59431,,,,
57323,,,,
57702,2.264,0.007,"1,556.511",0.003
60249,23.705,0.035,51.041,0.001
309,,,,
57364,,,,
50322,,,,
56080,9.710,0.011,387.997,0.001
50536,,,,
50961,,,,
776,,,,
57671,,,,
57669,,,,
57753,,,,
57670,,,,
61834,,,,
58621,,,,
50985,18.899,0.022,814.040,0.002
7526,,,,
60558,,,,
58592,,,,
56976,,,,
56996,,,,
57217,,,,
57218,,,,
57219,,,,
57220,,,,
57221,,,,
57222,,,,
57223,,,,
57224,,,,
57225,,,,
57226,,,,
57227,,,,
57228,,,,
57229,,,,
57230,,,,
57231,,,,
57232,,,,
57233,,,,
57234,,,,
57235,,,,
57237,,,,
57236,,,,
57127,,,,
57528,,,,
57245,,,,
57246,,,,
57247,,,,
57532,,,,
57533,,,,
57534,,,,
57535,,,,
57538,,,,
57539,,,,
57441,,,,
57540,,,,
57541,,,,
57543,,,,
57900,,,,
58388,,,,
58389,,,,
57933,,,,
60591,,,,
60869,,,,
62732,,,,
60185,,,,
510,0.003,0.001,237.303,
55752,0.000,0.444,0.000,0.000
55753,0.000,0.383,0.000,0.000
55880,0.000,0.604,0.001,0.000
57793,,,,0.001
58578,,,,
280,,,,
57770,,,,0.002
50752,1.804,0.019,678.564,0.001
50751,1.690,0.017,639.030,0.001
50837,2.933,3.105,"1,720.202",0.147
57304,,,,
10471,,,,
281,,,,
282,,,,
283,,,,
59658,0.597,0.135,1.041,0.050
54554,,,,
57916,0.915,0.018,650.923,0.001
450,,,,
284,,,,
60491,,,,
59532,,,,
59840,,,,
56144,4.318,0.045,"1,641.222",0.003
56125,,,,
57537,,,,
57545,,,,
50537,1.844,0.019,696.762,0.001
61791,,,,
7066,,,,
62020,,,,
285,,,,
60698,,,,
57683,,,,
59804,,,,0.002
58646,,,,
61607,,,,
7151,,,,
60219,,,,
62113,,,,
57497,,,,
58757,,,,
58753,,,,
58754,,,,
58755,,,,
58756,,,,
60280,,,,
57360,,,,
59687,,,,
60791,,,,
59916,,,,
60032,,,,
57010,,,,
57007,,,,
57008,,,,
57004,,,,
57012,,,,
57557,0.000,0.153,512.448,0.002
10437,,,,
10438,,,,
55182,0.038,0.004,831.816,0.002
61754,24.761,0.030,"1,080.150",0.002
57559,,,,
58429,0.000,0.427,0.000,0.000
54650,,,,
50134,1.865,0.019,701.620,0.001
10387,0.000,0.740,0.000,0.000
59443,,,,
52085,1.619,0.017,608.026,0.001
58149,,,,
58232,,,,
55603,0.000,0.369,0.000,0.000
61824,,,,
62246,,,,
59330,,,,
58303,,,,0.002
59661,,,,
58291,,,,
10191,,,,
54909,,,,
57594,,,,
55846,,,,
479,,,,
57656,,,,
60035,,,,
54343,,,,
59541,,,,
52161,,,,
56570,,,,
55937,,,,
10601,,,,0.000
10502,,,,
438,,,,
7129,,,,
58190,,,,
54308,,,,
56051,3.231,0.033,"1,224.853",0.002
57923,,,,
287,,,,
714,,,,
61366,,,,
57695,,,,
50624,0.794,0.002,546.074,0.001
10091,5.018,0.067,19.510,0.002
54647,,,,
55933,0.076,0.005,985.874,0.002
58619,15.710,0.018,663.398,0.001
50826,,,,
451,,,,
59599,,,,
58642,,,,
10222,,,,
61846,,,,
289,,,,
57913,,,,
416,,,,
56631,,,,
161,,,,
59872,,,,
61995,,,,
62016,,,,
57122,1.610,0.018,646.782,0.001
60120,,,,0.001
52073,1.094,0.017,617.257,0.001
57735,,,,0.002
6612,,,,
50064,1.900,0.020,716.271,0.001
57856,,,,
50089,19.236,0.023,839.946,0.002
57584,1.878,0.019,712.409,0.001
489,,,,
407,,,,
50115,1.664,0.017,630.565,0.001
60846,,,,
61682,,,,
61683,,,,
61250,,,,
60086,,,,
57420,,,,
58249,,,,
59256,0.000,0.000,0.000,0.000
57041,,,,
59058,,,,
61418,,,,
62288,,,,
55851,1.426,0.015,595.945,0.001
55852,,,,
60509,,,,
58906,,,,
58907,,,,
408,0.083,0.004,872.420,0.002
60824,,,,
487,,,,
57307,,,,
61107,0.000,0.000,0.000,0.000
61463,,,,
57700,,,,
59555,,,,
58289,,,,
58290,,,,
72,,,,
59261,,,,0.002
7436,,,,
60918,66.831,0.098,0.000,0.004
62418,,,,
62419,,,,
58418,,,,
58419,,,,
59269,,,,
59270,,,,
59271,,,,
59272,,,,
57254,,,,
62726,,,,
50532,,,,
52160,,,,
58450,,,,
58509,,,,
61661,0.000,0.000,0.000,0.000
58053,,,,
290,,,,
180,,,,
60594,,,,
61582,,,,
61583,,,,
61584,,,,
50210,0.000,0.935,160.340,
6196,,,,
59458,1.825,0.019,687.811,0.001
448,0.000,0.000,0.000,0.000
50293,1.376,0.343,5.640,0.127
58233,,,,
57006,,,,
4256,265.600,2.760,"121,798.400",0.425
57515,0.110,0.006,"1,170.931",0.002
56078,0.057,0.005,993.601,0.002
54261,,,,
57164,,,,
59299,0.000,0.379,0.000,0.000
60466,,,,
57715,55.016,0.066,"2,416.150",0.005
50216,1.417,0.015,657.324,0.002
58454,,,,
54447,1.946,0.020,731.983,0.001
10199,,,,
58206,,,,
291,,,,
58244,,,,
10685,,,,
59961,,,,
58626,,,,
58627,,,,
54410,2.239,0.023,846.220,0.002
58616,,,,
61249,,,,
60914,,,,
61593,,,,
61348,,,,
61349,,,,
61594,,,,
60275,,,,
57499,,,,
54258,,,,
60255,,,,
50298,,,,
50950,,,,
50876,,,,
50881,2.704,0.451,0.000,0.167
7189,,,,
58373,,,,
58973,,,,
435,,,,
60193,,,,
56012,,,,
10162,,,,
60975,,,,
57102,,,,
57181,,,,
62875,,,,
59380,,,,
59253,,,,
60325,,,,
60324,,,,
55557,,,,0.000
59878,,,,
59969,,,,
50386,,,,
10027,,,,
60321,,,,
62902,,,,
57774,,,,
50276,,,,
292,,,,
61750,,,,
55855,0.196,0.006,"1,429.548",0.003
10836,0.894,0.445,8.377,0.165
7266,0.050,0.004,864.810,0.002
419,,,,
59008,,,,
50218,,,,
59525,,,,
56036,22.899,0.037,7.656,0.001
62286,,,,
58299,,,,0.001
59805,,,,0.002
59257,0.000,0.000,0.000,0.000
57422,,,,
6647,,,,
52186,2.428,0.024,883.181,0.002
10349,0.102,0.001,143.200,0.002
55813,3.774,0.037,"1,360.753",0.003
56276,,,,
60220,14.744,0.038,0.000,0.001
