,eGRID2016 Generator file sequence number,Plant state abbreviation,Plant name,DOE/EIA ORIS plant or facility code,Generator ID,Number of associated boilers,Generator status,Generator prime mover type,Generator primary fuel,Generator nameplate capacity (MW),Generator capacity factor,Generator annual net generation (MWh),Generator ozone season net generation (MWh),Generation data source,Generator year on-line,Generator planned or actual retirement year,area,utility,latitude,longitude,state,NGCC,NGCT,Coal,Oil,Wind,SolarPV,SolarCSP,Hydro,Nuclear,Other
0,1240,AZ,Actus Lend Lease DMAFB,58632,1,0,OP,PV,SUN,3,0.171,4481,2210,Distributed from 923 Generation And Fuel,2009,,TEPC,Tucson Electric Power Co,32.1825,-110.863333,Arizona,0.0,0.0,0.0,0.0,0.0,3.0,0.0,0.0,0.0,0.0
1,1241,AZ,Agua Caliente Solar Project,57373,AGU1,0,OP,PV,SUN,90.7,0.244,193955.833,90641.829,Distributed from 923 Generation And Fuel,2012,,CISO,San Diego Gas & Electric Co,32.9774,-113.4945,Arizona,0.0,0.0,0.0,0.0,0.0,90.7,0.0,0.0,0.0,0.0
2,1242,AZ,Agua Caliente Solar Project,57373,AGU2,0,OP,PV,SUN,136,0.244,290826.828,135912.775,Distributed from 923 Generation And Fuel,2012,,CISO,San Diego Gas & Electric Co,32.9774,-113.4945,Arizona,0.0,0.0,0.0,0.0,0.0,136.0,0.0,0.0,0.0,0.0
3,1243,AZ,Agua Caliente Solar Project,57373,AGU3,0,OP,PV,SUN,121,0.244,258750.339,120922.396,Distributed from 923 Generation And Fuel,2014,,CISO,San Diego Gas & Electric Co,32.9774,-113.4945,Arizona,0.0,0.0,0.0,0.0,0.0,121.0,0.0,0.0,0.0,0.0
4,1245,AZ,Agua Fria,141,AF1,1,OP,ST,NG,113.6,0.02,19839,20818,EIA-923 Generator File,1958,,SRP,Salt River Project,33.5561,-112.2153,Arizona,113.6,0.0,0.0,0.0,0.0,0.0,0.0,0.0,0.0,0.0
5,1246,AZ,Agua Fria,141,AF2,1,OP,ST,NG,113.6,0.027,26480,22830,EIA-923 Generator File,1957,,SRP,Salt River Project,33.5561,-112.2153,Arizona,113.6,0.0,0.0,0.0,0.0,0.0,0.0,0.0,0.0,0.0
6,1247,AZ,Agua Fria,141,AF3,1,OP,ST,NG,163.2,0.027,38612,32860,EIA-923 Generator File,1961,,SRP,Salt River Project,33.5561,-112.2153,Arizona,163.2,0.0,0.0,0.0,0.0,0.0,0.0,0.0,0.0,0.0
7,1248,AZ,Agua Fria,141,AF4,0,OP,GT,NG,80.5,,-83.064,128.569,Data from EIA-923 Generator File overwritten with distributed data from EIA-923 Generation and Fuel,1975,,SRP,Salt River Project,33.5561,-112.2153,Arizona,0.0,80.5,0.0,0.0,0.0,0.0,0.0,0.0,0.0,0.0
8,1249,AZ,Agua Fria,141,AF5,0,OP,GT,NG,71.2,,-73.468,113.716,Data from EIA-923 Generator File overwritten with distributed data from EIA-923 Generation and Fuel,1974,,SRP,Salt River Project,33.5561,-112.2153,Arizona,0.0,71.2,0.0,0.0,0.0,0.0,0.0,0.0,0.0,0.0
9,1250,AZ,Agua Fria,141,AF6,0,OP,GT,NG,71.2,,-73.468,113.716,Data from EIA-923 Generator File overwritten with distributed data from EIA-923 Generation and Fuel,1974,,SRP,Salt River Project,33.5561,-112.2153,Arizona,0.0,71.2,0.0,0.0,0.0,0.0,0.0,0.0,0.0,0.0
10,1251,AZ,Agua Fria,141,PV-3,0,OP,PV,SUN,0.2,0.087,153,115,Distributed from 923 Generation And Fuel,2001,,SRP,Salt River Project,33.5561,-112.2153,Arizona,0.0,0.0,0.0,0.0,0.0,0.2,0.0,0.0,0.0,0.0
11,1252,AZ,Amonix UASTP Solar Power Station,57930,UAST,0,OP,PV,SUN,1.9,0.062,1036,511,Distributed from 923 Generation And Fuel,2011,,TEPC,Tucson Electric Power Co,32.108147,-110.824662,Arizona,0.0,0.0,0.0,0.0,0.0,1.9,0.0,0.0,0.0,0.0
12,1253,AZ,Amphitheater High School Solar,60684,AHS1,0,OP,PV,SUN,1,0.009,77,0,Distributed from 923 Generation And Fuel,2016,,TEPC,Tucson Electric Power Co,32.269,-110.975,Arizona,0.0,0.0,0.0,0.0,0.0,1.0,0.0,0.0,0.0,0.0
13,1260,AZ,Apache Station,160,ST2,1,OP,ST,SUB,204,0.5,893348,432914,EIA-923 Generator File,1979,,WALC,Arizona Electric Pwr Coop Inc,32.0603,-109.8931,Arizona,0.0,0.0,204.0,0.0,0.0,0.0,0.0,0.0,0.0,0.0
14,1261,AZ,Apache Station,160,ST3,1,OP,ST,SUB,204,0.593,1060251,502337,EIA-923 Generator File,1979,,WALC,Arizona Electric Pwr Coop Inc,32.0603,-109.8931,Arizona,0.0,0.0,204.0,0.0,0.0,0.0,0.0,0.0,0.0,0.0
15,1262,AZ,Arizona State University CHP,58199,G1,0,OP,CS,NG,9.2,0.623,50187,30132.072,EIA-923 Generator File,2006,,AZPS,Arizona Public Service Co,33.417222,-111.928333,Arizona,0.0,9.2,0.0,0.0,0.0,0.0,0.0,0.0,0.0,0.0
16,1263,AZ,Arizona Western College PV,57765,SFC,0,OP,PV,SUN,1,0.239,2096.596,1033.83,Distributed from 923 Generation And Fuel,2011,,AZPS,Arizona Public Service Co,32.687778,-114.49611,Arizona,0.0,0.0,0.0,0.0,0.0,1.0,0.0,0.0,0.0,0.0
17,1264,AZ,Arizona Western College PV,57765,SHP,0,OP,PV,SUN,0.9,0.239,1886.936,930.447,Distributed from 923 Generation And Fuel,2011,,AZPS,Arizona Public Service Co,32.687778,-114.49611,Arizona,0.0,0.0,0.0,0.0,0.0,0.9,0.0,0.0,0.0,0.0
18,1265,AZ,Arizona Western College PV,57765,SOLEG,0,OP,PV,SUN,1,0.239,2096.596,1033.83,Distributed from 923 Generation And Fuel,2015,,AZPS,Arizona Public Service Co,32.687778,-114.49611,Arizona,0.0,0.0,0.0,0.0,0.0,1.0,0.0,0.0,0.0,0.0
19,1266,AZ,Arizona Western College PV,57765,STE,0,OP,PV,SUN,0.9,0.239,1886.936,930.447,Distributed from 923 Generation And Fuel,2011,,AZPS,Arizona Public Service Co,32.687778,-114.49611,Arizona,0.0,0.0,0.0,0.0,0.0,0.9,0.0,0.0,0.0,0.0
20,1267,AZ,Arizona Western College PV,57765,SWD,0,OP,PV,SUN,0.9,0.239,1886.936,930.447,Distributed from 923 Generation And Fuel,2011,,AZPS,Arizona Public Service Co,32.687778,-114.49611,Arizona,0.0,0.0,0.0,0.0,0.0,0.9,0.0,0.0,0.0,0.0
21,1270,AZ,Arlington Valley Energy Facility,55282,CTG1,0,OP,CT,NG,198,0.327,567682,468372,EIA-923 Generator File,2002,,DEAA,Salt River Project,33.3417,-112.8897,Arizona,198.0,0.0,0.0,0.0,0.0,0.0,0.0,0.0,0.0,0.0
22,1271,AZ,Arlington Valley Energy Facility,55282,CTG2,0,OP,CT,NG,198,0.33,571560,472849,EIA-923 Generator File,2002,,DEAA,Salt River Project,33.3417,-112.8897,Arizona,198.0,0.0,0.0,0.0,0.0,0.0,0.0,0.0,0.0,0.0
23,1272,AZ,Arlington Valley Energy Facility,55282,STG1,2,OP,CA,NG,317,0.269,746587,617816,EIA-923 Generator File,2002,,DEAA,Salt River Project,33.3417,-112.8897,Arizona,317.0,0.0,0.0,0.0,0.0,0.0,0.0,0.0,0.0,0.0
24,1274,AZ,Arlington Valley Solar Energy II,57680,AVSE1,0,OP,PV,SUN,19,0.322,53670.729,27253.07,Distributed from 923 Generation And Fuel,2013,,AZPS,Salt River Project,33.305,-112.833888,Arizona,0.0,0.0,0.0,0.0,0.0,19.0,0.0,0.0,0.0,0.0
25,1275,AZ,Arlington Valley Solar Energy II,57680,AVSE2,0,OP,PV,SUN,28,0.322,79093.705,40162.419,Distributed from 923 Generation And Fuel,2013,,AZPS,Salt River Project,33.305,-112.833888,Arizona,0.0,0.0,0.0,0.0,0.0,28.0,0.0,0.0,0.0,0.0
26,1276,AZ,Arlington Valley Solar Energy II,57680,AVSE3,0,OP,PV,SUN,28,0.322,79093.705,40162.419,Distributed from 923 Generation And Fuel,2013,,AZPS,Salt River Project,33.305,-112.833888,Arizona,0.0,0.0,0.0,0.0,0.0,28.0,0.0,0.0,0.0,0.0
27,1277,AZ,Arlington Valley Solar Energy II,57680,AVSE4,0,OP,PV,SUN,26,0.322,73444.155,37293.674,Distributed from 923 Generation And Fuel,2013,,AZPS,Salt River Project,33.305,-112.833888,Arizona,0.0,0.0,0.0,0.0,0.0,26.0,0.0,0.0,0.0,0.0
28,1278,AZ,Arlington Valley Solar Energy II,57680,AVSE5,0,OP,PV,SUN,28,0.322,79093.705,40162.419,Distributed from 923 Generation And Fuel,2013,,AZPS,Salt River Project,33.305,-112.833888,Arizona,0.0,0.0,0.0,0.0,0.0,28.0,0.0,0.0,0.0,0.0
29,1279,AZ,Avalon Solar,59168,AS,0,OP,PV,SUN,29,0.314,79764,38340,Distributed from 923 Generation And Fuel,2014,,TEPC,Tucson Electric Power Co,32.001389,-110.960556,Arizona,0.0,0.0,0.0,0.0,0.0,29.0,0.0,0.0,0.0,0.0
30,1280,AZ,Avalon Solar II,60062,ASII,0,OP,PV,SUN,16,0.273,38231,21628,Distributed from 923 Generation And Fuel,2016,,TEPC,Tucson Electric Power Co,32.000854,-110.958427,Arizona,0.0,0.0,0.0,0.0,0.0,16.0,0.0,0.0,0.0,0.0
31,1281,AZ,Avra Valley Solar,57657,1,0,OP,PV,SUN,26.5,0.322,74846,37175,Distributed from 923 Generation And Fuel,2013,,TEPC,Tucson Electric Power Co,32.371667,-111.282777,Arizona,0.0,0.0,0.0,0.0,0.0,26.5,0.0,0.0,0.0,0.0
32,1282,AZ,Badger 1,58262,1,0,OP,PV,SUN,14.8,0.319,41342,20386,Distributed from 923 Generation And Fuel,2013,,AZPS,Arizona Public Service Co,33.498003,-112.813458,Arizona,0.0,0.0,0.0,0.0,0.0,14.8,0.0,0.0,0.0,0.0
33,1283,AZ,Black Mountain Generating Station,56482,1,0,OP,GT,NG,60.5,0.054,28434,17071.5,Distributed from 923 Generation And Fuel,2008,,TEPC,"UNS Electric, Inc",35.0361,-114.1594,Arizona,0.0,60.5,0.0,0.0,0.0,0.0,0.0,0.0,0.0,0.0
34,1284,AZ,Black Mountain Generating Station,56482,2,0,OP,GT,NG,60.5,0.054,28434,17071.5,Distributed from 923 Generation And Fuel,2008,,TEPC,"UNS Electric, Inc",35.0361,-114.1594,Arizona,0.0,60.5,0.0,0.0,0.0,0.0,0.0,0.0,0.0,0.0
35,1285,AZ,Black Mountain Solar LLC,58042,1,0,OP,PV,SUN,9,0.262,20652,10183,Distributed from 923 Generation And Fuel,2012,,AZPS,"UNS Electric, Inc",35.0227,-114.1627,Arizona,0.0,0.0,0.0,0.0,0.0,9.0,0.0,0.0,0.0,0.0
36,1286,AZ,Bonnybrooke PV,60413,AZPV1,0,OP,PV,SUN,50,0.028,12278,0,Distributed from 923 Generation And Fuel,2016,,SRP,Salt River Project,33.053,-111.34,Arizona,0.0,0.0,0.0,0.0,0.0,50.0,0.0,0.0,0.0,0.0
37,1293,AZ,Buckeye Union HS District 201,58037,PV1,0,OP,PV,SUN,3.3,0.256,7398,3648,Distributed from 923 Generation And Fuel,2011,,AZPS,Arizona Public Service Co,33.419167,-112.576111,Arizona,0.0,0.0,0.0,0.0,0.0,3.3,0.0,0.0,0.0,0.0
38,1294,AZ,Canyon Del Oro High School Solar,60685,CDO1,0,OP,PV,SUN,1,0.001,10,0,Distributed from 923 Generation And Fuel,2016,,TEPC,Tucson Electric Power Co,32.374,-110.974,Arizona,0.0,0.0,0.0,0.0,0.0,1.0,0.0,0.0,0.0,0.0
39,1295,AZ,Canyon Del Oro High School Solar,60685,CDO2,0,OP,PV,SUN,0.1,0.001,1,0,Distributed from 923 Generation And Fuel,2016,,TEPC,Tucson Electric Power Co,32.374,-110.974,Arizona,0.0,0.0,0.0,0.0,0.0,0.1,0.0,0.0,0.0,0.0
40,1296,AZ,Canyon Del Oro High School Solar,60685,CDO3,0,OP,PV,SUN,0.2,0.001,2,0,Distributed from 923 Generation And Fuel,2016,,TEPC,Tucson Electric Power Co,32.374,-110.974,Arizona,0.0,0.0,0.0,0.0,0.0,0.2,0.0,0.0,0.0,0.0
41,1297,AZ,Canyon Del Oro High School Solar,60685,CDO4,0,OP,PV,SUN,0.2,0.001,2,0,Distributed from 923 Generation And Fuel,2016,,TEPC,Tucson Electric Power Co,32.374,-110.974,Arizona,0.0,0.0,0.0,0.0,0.0,0.2,0.0,0.0,0.0,0.0
42,1301,AZ,Chino Solar Valley,57560,PV1,0,OP,PV,SUN,19,0.275,45734,22551,Distributed from 923 Generation And Fuel,2012,,AZPS,Arizona Public Service Co,34.71843,-112.42899,Arizona,0.0,0.0,0.0,0.0,0.0,19.0,0.0,0.0,0.0,0.0
43,1302,AZ,Cholla,113,1,1,OP,ST,SUB,113.6,0.124,123185,70323,EIA-923 Generator File,1962,,AZPS,Arizona Public Service Co,34.9394,-110.3033,Arizona,0.0,0.0,113.6,0.0,0.0,0.0,0.0,0.0,0.0,0.0
44,1303,AZ,Cholla,113,3,1,OP,ST,SUB,312.3,0.208,568885,200444,EIA-923 Generator File,1980,,AZPS,Arizona Public Service Co,34.9394,-110.3033,Arizona,0.0,0.0,312.3,0.0,0.0,0.0,0.0,0.0,0.0,0.0
45,1304,AZ,Cholla,113,4,1,OP,ST,SUB,414,0.48,1740097,918229,EIA-923 Generator File,1981,,AZPS,Arizona Public Service Co,34.9394,-110.3033,Arizona,0.0,0.0,414.0,0.0,0.0,0.0,0.0,0.0,0.0,0.0
46,1306,AZ,Cogeneration 1,56229,CT1,0,OP,CS,NG,9,0.689,54338.43,0,EIA-923 Generator File,2002,,TEPC,Tucson Electric Power Co,32.229922,-110.952797,Arizona,0.0,9.0,0.0,0.0,0.0,0.0,0.0,0.0,0.0,0.0
47,1307,AZ,Cogeneration 2,59233,CT2,0,OP,CS,NG,6,0.7,36816.35,0,EIA-923 Generator File,2002,,TEPC,Tucson Electric Power Co,32.240833,-110.948333,Arizona,0.0,6.0,0.0,0.0,0.0,0.0,0.0,0.0,0.0,0.0
48,1308,AZ,Cogenra - TEP,58832,CTEP,0,OP,PV,SUN,1,0.24,2100,1036,Distributed from 923 Generation And Fuel,2014,,TEPC,Tucson Electric Power Co,32.101944,-110.813333,Arizona,0.0,0.0,0.0,0.0,0.0,1.0,0.0,0.0,0.0,0.0
49,1311,AZ,Coolidge Generation Station,56948,1,0,OP,GT,NG,60.5,0.026,13974.667,7643.5,Distributed from 923 Generation And Fuel,2011,,SRP,Salt River Project,32.917399,-111.503327,Arizona,0.0,60.5,0.0,0.0,0.0,0.0,0.0,0.0,0.0,0.0
50,1312,AZ,Coolidge Generation Station,56948,10,0,OP,GT,NG,60.5,0.026,13974.667,7643.5,Distributed from 923 Generation And Fuel,2011,,SRP,Salt River Project,32.917399,-111.503327,Arizona,0.0,60.5,0.0,0.0,0.0,0.0,0.0,0.0,0.0,0.0
51,1313,AZ,Coolidge Generation Station,56948,11,0,OP,GT,NG,60.5,0.026,13974.667,7643.5,Distributed from 923 Generation And Fuel,2011,,SRP,Salt River Project,32.917399,-111.503327,Arizona,0.0,60.5,0.0,0.0,0.0,0.0,0.0,0.0,0.0,0.0
52,1314,AZ,Coolidge Generation Station,56948,12,0,OP,GT,NG,60.5,0.026,13974.667,7643.5,Distributed from 923 Generation And Fuel,2011,,SRP,Salt River Project,32.917399,-111.503327,Arizona,0.0,60.5,0.0,0.0,0.0,0.0,0.0,0.0,0.0,0.0
53,1315,AZ,Coolidge Generation Station,56948,2,0,OP,GT,NG,60.5,0.026,13974.667,7643.5,Distributed from 923 Generation And Fuel,2011,,SRP,Salt River Project,32.917399,-111.503327,Arizona,0.0,60.5,0.0,0.0,0.0,0.0,0.0,0.0,0.0,0.0
54,1316,AZ,Coolidge Generation Station,56948,3,0,OP,GT,NG,60.5,0.026,13974.667,7643.5,Distributed from 923 Generation And Fuel,2011,,SRP,Salt River Project,32.917399,-111.503327,Arizona,0.0,60.5,0.0,0.0,0.0,0.0,0.0,0.0,0.0,0.0
55,1317,AZ,Coolidge Generation Station,56948,4,0,OP,GT,NG,60.5,0.026,13974.667,7643.5,Distributed from 923 Generation And Fuel,2011,,SRP,Salt River Project,32.917399,-111.503327,Arizona,0.0,60.5,0.0,0.0,0.0,0.0,0.0,0.0,0.0,0.0
56,1318,AZ,Coolidge Generation Station,56948,5,0,OP,GT,NG,60.5,0.026,13974.667,7643.5,Distributed from 923 Generation And Fuel,2011,,SRP,Salt River Project,32.917399,-111.503327,Arizona,0.0,60.5,0.0,0.0,0.0,0.0,0.0,0.0,0.0,0.0
57,1319,AZ,Coolidge Generation Station,56948,6,0,OP,GT,NG,60.5,0.026,13974.667,7643.5,Distributed from 923 Generation And Fuel,2011,,SRP,Salt River Project,32.917399,-111.503327,Arizona,0.0,60.5,0.0,0.0,0.0,0.0,0.0,0.0,0.0,0.0
58,1320,AZ,Coolidge Generation Station,56948,7,0,OP,GT,NG,60.5,0.026,13974.667,7643.5,Distributed from 923 Generation And Fuel,2011,,SRP,Salt River Project,32.917399,-111.503327,Arizona,0.0,60.5,0.0,0.0,0.0,0.0,0.0,0.0,0.0,0.0
59,1321,AZ,Coolidge Generation Station,56948,8,0,OP,GT,NG,60.5,0.026,13974.667,7643.5,Distributed from 923 Generation And Fuel,2011,,SRP,Salt River Project,32.917399,-111.503327,Arizona,0.0,60.5,0.0,0.0,0.0,0.0,0.0,0.0,0.0,0.0
60,1322,AZ,Coolidge Generation Station,56948,9,0,OP,GT,NG,60.5,0.026,13974.667,7643.5,Distributed from 923 Generation And Fuel,2011,,SRP,Salt River Project,32.917399,-111.503327,Arizona,0.0,60.5,0.0,0.0,0.0,0.0,0.0,0.0,0.0,0.0
61,1332,AZ,Copper Crossing Solar LLC,57318,1,0,OP,PV,SUN,20,0.309,54194,26723,Distributed from 923 Generation And Fuel,2011,,SRP,Salt River Project,33.160601,-111.484011,Arizona,0.0,0.0,0.0,0.0,0.0,20.0,0.0,0.0,0.0,0.0
62,1333,AZ,Coronado,6177,CO1,1,OP,ST,RC,410.9,0.684,2463371,1050464,EIA-923 Generator File,1979,,SRP,Salt River Project,34.5789,-109.2708,Arizona,0.0,0.0,0.0,0.0,0.0,0.0,0.0,0.0,0.0,410.9
63,1334,AZ,Coronado,6177,CO2,1,OP,ST,RC,410.9,0.684,2461578,1119063,EIA-923 Generator File,1980,,SRP,Salt River Project,34.5789,-109.2708,Arizona,0.0,0.0,0.0,0.0,0.0,0.0,0.0,0.0,0.0,410.9
64,1335,AZ,Cotton Center Solar,57561,PV1,0,OP,PV,SUN,17,0.262,38993,19227,Distributed from 923 Generation And Fuel,2011,,AZPS,Arizona Public Service Co,33.034722,-112.661667,Arizona,0.0,0.0,0.0,0.0,0.0,17.0,0.0,0.0,0.0,0.0
65,1341,AZ,Davis Dam,152,1,0,OP,HY,WAT,51.7,0.501,227020.828,102875.695,Distributed from 923 Generation And Fuel,1951,,WALC,WAPA-- Western Area Power Administration,35.197044,-114.570669,Arizona,0.0,0.0,0.0,0.0,0.0,0.0,0.0,51.7,0.0,0.0
66,1342,AZ,Davis Dam,152,2,0,OP,HY,WAT,51.7,0.501,227020.828,102875.695,Distributed from 923 Generation And Fuel,1951,,WALC,WAPA-- Western Area Power Administration,35.197044,-114.570669,Arizona,0.0,0.0,0.0,0.0,0.0,0.0,0.0,51.7,0.0,0.0
67,1343,AZ,Davis Dam,152,3,0,OP,HY,WAT,48,0.501,210773.689,95513.218,Distributed from 923 Generation And Fuel,1951,,WALC,WAPA-- Western Area Power Administration,35.197044,-114.570669,Arizona,0.0,0.0,0.0,0.0,0.0,0.0,0.0,48.0,0.0,0.0
68,1344,AZ,Davis Dam,152,4,0,OP,HY,WAT,51.7,0.501,227020.828,102875.695,Distributed from 923 Generation And Fuel,1951,,WALC,WAPA-- Western Area Power Administration,35.197044,-114.570669,Arizona,0.0,0.0,0.0,0.0,0.0,0.0,0.0,51.7,0.0,0.0
69,1345,AZ,Davis Dam,152,5,0,OP,HY,WAT,51.7,0.501,227020.828,102875.695,Distributed from 923 Generation And Fuel,1951,,WALC,WAPA-- Western Area Power Administration,35.197044,-114.570669,Arizona,0.0,0.0,0.0,0.0,0.0,0.0,0.0,51.7,0.0,0.0
70,1346,AZ,Davis Monthan AFB (AZ) West Airfield,59779,1,0,OP,PV,SUN,12.6,,,,,2014,,TEPC,Tucson Electric Power Co,32.17356,-110.899734,Arizona,0.0,0.0,0.0,0.0,0.0,12.6,0.0,0.0,0.0,0.0
71,1347,AZ,Demoss Petrie,124,GT2,0,OP,GT,NG,85,0.007,5324,3197,Distributed from 923 Generation And Fuel,2001,,TEPC,Tucson Electric Power Co,32.252273,-110.992148,Arizona,0.0,85.0,0.0,0.0,0.0,0.0,0.0,0.0,0.0,0.0
72,1349,AZ,Desert Basin,55129,CTG1,0,OP,CT,NG,187,0.263,430642,259416,EIA-923 Generator File,2001,,SRP,Salt River Project,32.9042,-111.7889,Arizona,187.0,0.0,0.0,0.0,0.0,0.0,0.0,0.0,0.0,0.0
73,1350,AZ,Desert Basin,55129,CTG2,0,OP,CT,NG,187,0.149,243294,111463,EIA-923 Generator File,2001,,SRP,Salt River Project,32.9042,-111.7889,Arizona,187.0,0.0,0.0,0.0,0.0,0.0,0.0,0.0,0.0,0.0
74,1351,AZ,Desert Basin,55129,STG,2,OP,CA,NG,272.1,0.202,480792,270499,EIA-923 Generator File,2001,,SRP,Salt River Project,32.9042,-111.7889,Arizona,272.1,0.0,0.0,0.0,0.0,0.0,0.0,0.0,0.0,0.0
75,1353,AZ,Douglas,114,1,0,OP,GT,DFO,26.1,0,84,27,Distributed from 923 Generation And Fuel,1972,,AZPS,Arizona Public Service Co,31.364122,-109.5538,Arizona,0.0,0.0,0.0,26.1,0.0,0.0,0.0,0.0,0.0,0.0
76,1355,AZ,Dry Lake Wind II LLC,57379,1,0,OP,WT,WND,65.1,0.204,116380,48256,Distributed from 923 Generation And Fuel,2010,,AZPS,Arizona Public Service Co,34.6062,-110.1734,Arizona,0.0,0.0,0.0,0.0,65.1,0.0,0.0,0.0,0.0,0.0
77,1356,AZ,Dry Lake Wind LLC,57098,1,0,OP,WT,WND,63,0.204,112321,46496,Distributed from 923 Generation And Fuel,2009,,SRP,Salt River Project,34.6596,-110.2842,Arizona,0.0,0.0,0.0,0.0,63.0,0.0,0.0,0.0,0.0,0.0
78,1363,AZ,Foothills Solar Plant,57997,PV1,0,OP,PV,SUN,17,0.316,47073,23651.371,Distributed from 923 Generation And Fuel,2013,,AZPS,Arizona Public Service Co,32.64856,-114.428741,Arizona,0.0,0.0,0.0,0.0,0.0,17.0,0.0,0.0,0.0,0.0
79,1364,AZ,Foothills Solar Plant,57997,PV2,0,OP,PV,SUN,18,0.316,49842,25042.629,Distributed from 923 Generation And Fuel,2013,,AZPS,Arizona Public Service Co,32.64856,-114.428741,Arizona,0.0,0.0,0.0,0.0,0.0,18.0,0.0,0.0,0.0,0.0
80,1365,AZ,Fort Huachuca Solar PV Project,58972,FHUAC,0,OP,PV,SUN,13.6,0.262,31257,15413,Distributed from 923 Generation And Fuel,2014,,TEPC,Tucson Electric Power Co,31.555278,-110.35,Arizona,0.0,0.0,0.0,0.0,0.0,13.6,0.0,0.0,0.0,0.0
81,1367,AZ,"Gato Montes Solar, LLC",58842,1,0,OP,PV,SUN,5,0.228,9973,4918,Distributed from 923 Generation And Fuel,2012,,TEPC,Tucson Electric Power Co,32.102778,-110.819722,Arizona,0.0,0.0,0.0,0.0,0.0,5.0,0.0,0.0,0.0,0.0
82,1368,AZ,Gila Bend,59020,PV1,0,OP,PV,SUN,32,0.367,102975,50097,Distributed from 923 Generation And Fuel,2014,,AZPS,Arizona Public Service Co,32.940833,-112.881389,Arizona,0.0,0.0,0.0,0.0,0.0,32.0,0.0,0.0,0.0,0.0
83,1373,AZ,Gila River Power Station,55306,CTG7,0,OP,CT,NG,174,0.581,885233,415415,EIA-923 Generator File,2003,,GRMA,Arizona Public Service Co,32.975,-112.6944,Arizona,174.0,0.0,0.0,0.0,0.0,0.0,0.0,0.0,0.0,0.0
84,1374,AZ,Gila River Power Station,55306,CTG8,0,OP,CT,NG,174,0.545,831160,409149,EIA-923 Generator File,2003,,GRMA,Arizona Public Service Co,32.975,-112.6944,Arizona,174.0,0.0,0.0,0.0,0.0,0.0,0.0,0.0,0.0,0.0
85,1375,AZ,Gila River Power Station,55306,ST12,2,OP,CA,NG,271,0.474,1124831,542973,EIA-923 Generator File,2003,,GRMA,Arizona Public Service Co,32.975,-112.6944,Arizona,271.0,0.0,0.0,0.0,0.0,0.0,0.0,0.0,0.0,0.0
86,1376,AZ,Gila River Power Station,55306,CTG1,0,OP,CT,NG,174,0.232,510666,392287.5,Data from EIA-923 Generator File overwritten with distributed data from EIA-923 Generation and Fuel,2003,,GRMA,Arizona Public Service Co,32.975,-112.6944,Arizona,174.0,0.0,0.0,0.0,0.0,0.0,0.0,0.0,0.0,0.0
87,1377,AZ,Gila River Power Station,55306,CTG2,0,OP,CT,NG,174,0.11,510666,392287.5,Data from EIA-923 Generator File overwritten with distributed data from EIA-923 Generation and Fuel,2003,,GRMA,Arizona Public Service Co,32.975,-112.6944,Arizona,174.0,0.0,0.0,0.0,0.0,0.0,0.0,0.0,0.0,0.0
88,1378,AZ,Gila River Power Station,55306,ST9,2,OP,CA,NG,271,0.135,659648,508426,Data from EIA-923 Generator File overwritten with distributed data from EIA-923 Generation and Fuel,2003,,GRMA,Arizona Public Service Co,32.975,-112.6944,Arizona,271.0,0.0,0.0,0.0,0.0,0.0,0.0,0.0,0.0,0.0
89,1379,AZ,Gila River Power Station,55306,CTG5,0,OP,CT,NG,174,0.425,647756,338501,EIA-923 Generator File,2003,,GRMA,Arizona Public Service Co,32.975,-112.6944,Arizona,174.0,0.0,0.0,0.0,0.0,0.0,0.0,0.0,0.0,0.0
90,1380,AZ,Gila River Power Station,55306,CTG6,0,OP,CT,NG,174,0.512,781011,324368,EIA-923 Generator File,2003,,GRMA,Arizona Public Service Co,32.975,-112.6944,Arizona,174.0,0.0,0.0,0.0,0.0,0.0,0.0,0.0,0.0,0.0
91,1381,AZ,Gila River Power Station,55306,ST11,2,OP,CA,NG,271,0.404,958134,449290,EIA-923 Generator File,2003,,GRMA,Arizona Public Service Co,32.975,-112.6944,Arizona,271.0,0.0,0.0,0.0,0.0,0.0,0.0,0.0,0.0,0.0
92,1382,AZ,"Gilbert Solar Facility I, LLC",58543,1,0,OP,PV,SUN,2.5,0.195,4261,2101,Distributed from 923 Generation And Fuel,2011,,AZPS,Arizona Public Service Co,33.355862,-111.802355,Arizona,0.0,0.0,0.0,0.0,0.0,2.5,0.0,0.0,0.0,0.0
93,1383,AZ,Gillespie 1,58501,GILL1,0,OP,PV,SUN,15,0.336,44136,21763,Distributed from 923 Generation And Fuel,2013,,AZPS,Arizona Public Service Co,33.026389,-112.665833,Arizona,0.0,0.0,0.0,0.0,0.0,15.0,0.0,0.0,0.0,0.0
94,1384,AZ,Glen Canyon Dam,153,1,0,OP,HY,WAT,165,0.349,505089.272,228754.893,Distributed from 923 Generation And Fuel,1964,,WALC,WAPA-- Western Area Power Administration,36.936614,-111.483872,Arizona,0.0,0.0,0.0,0.0,0.0,0.0,0.0,165.0,0.0,0.0
95,1385,AZ,Glen Canyon Dam,153,2,0,OP,HY,WAT,165,0.349,505089.272,228754.893,Distributed from 923 Generation And Fuel,1964,,WALC,WAPA-- Western Area Power Administration,36.936614,-111.483872,Arizona,0.0,0.0,0.0,0.0,0.0,0.0,0.0,165.0,0.0,0.0
96,1386,AZ,Glen Canyon Dam,153,3,0,OP,HY,WAT,165,0.349,505089.272,228754.893,Distributed from 923 Generation And Fuel,1964,,WALC,WAPA-- Western Area Power Administration,36.936614,-111.483872,Arizona,0.0,0.0,0.0,0.0,0.0,0.0,0.0,165.0,0.0,0.0
97,1387,AZ,Glen Canyon Dam,153,4,0,OP,HY,WAT,165,0.349,505089.272,228754.893,Distributed from 923 Generation And Fuel,1965,,WALC,WAPA-- Western Area Power Administration,36.936614,-111.483872,Arizona,0.0,0.0,0.0,0.0,0.0,0.0,0.0,165.0,0.0,0.0
98,1388,AZ,Glen Canyon Dam,153,5,0,OP,HY,WAT,165,0.349,505089.272,228754.893,Distributed from 923 Generation And Fuel,1965,,WALC,WAPA-- Western Area Power Administration,36.936614,-111.483872,Arizona,0.0,0.0,0.0,0.0,0.0,0.0,0.0,165.0,0.0,0.0
99,1389,AZ,Glen Canyon Dam,153,6,0,OP,HY,WAT,165,0.349,505089.272,228754.893,Distributed from 923 Generation And Fuel,1965,,WALC,WAPA-- Western Area Power Administration,36.936614,-111.483872,Arizona,0.0,0.0,0.0,0.0,0.0,0.0,0.0,165.0,0.0,0.0
100,1390,AZ,Glen Canyon Dam,153,7,0,OP,HY,WAT,157,0.349,480600.095,217663.747,Distributed from 923 Generation And Fuel,1966,,WALC,WAPA-- Western Area Power Administration,36.936614,-111.483872,Arizona,0.0,0.0,0.0,0.0,0.0,0.0,0.0,157.0,0.0,0.0
101,1391,AZ,Glen Canyon Dam,153,8,0,OP,HY,WAT,165,0.349,505089.272,228754.893,Distributed from 923 Generation And Fuel,1966,,WALC,WAPA-- Western Area Power Administration,36.936614,-111.483872,Arizona,0.0,0.0,0.0,0.0,0.0,0.0,0.0,165.0,0.0,0.0
102,1392,AZ,Glendale Energy Power Plant,57829,GLEN1,0,OP,IC,LFG,1.4,0.631,7737.5,3248.5,Distributed from 923 Generation And Fuel,2010,,AZPS,Arizona Public Service Co,33.540324,-112.306361,Arizona,0.0,0.0,0.0,0.0,0.0,0.0,0.0,0.0,0.0,1.4
103,1393,AZ,Glendale Energy Power Plant,57829,GLEN2,0,OP,IC,LFG,1.4,0.631,7737.5,3248.5,Distributed from 923 Generation And Fuel,2010,,AZPS,Arizona Public Service Co,33.540324,-112.306361,Arizona,0.0,0.0,0.0,0.0,0.0,0.0,0.0,0.0,0.0,1.4
104,1395,AZ,Griffith Energy LLC,55124,CTG1,0,OP,CT,NG,176.6,0.349,539813,406630,EIA-923 Generator File,2002,,GRIF,WAPA-- Western Area Power Administration,35.054029,-114.133272,Arizona,176.6,0.0,0.0,0.0,0.0,0.0,0.0,0.0,0.0,0.0
105,1396,AZ,Griffith Energy LLC,55124,CTG2,0,OP,CT,NG,176.6,0.441,682324,423581,EIA-923 Generator File,2002,,GRIF,WAPA-- Western Area Power Administration,35.054029,-114.133272,Arizona,176.6,0.0,0.0,0.0,0.0,0.0,0.0,0.0,0.0,0.0
106,1397,AZ,Griffith Energy LLC,55124,STG,2,OP,CA,NG,301.8,0.327,864595,650652,EIA-923 Generator File,2002,,GRIF,WAPA-- Western Area Power Administration,35.054029,-114.133272,Arizona,301.8,0.0,0.0,0.0,0.0,0.0,0.0,0.0,0.0,0.0
107,1398,AZ,H Wilson Sundt Generating Station,126,4,1,OP,ST,NG,173.3,0.337,511051,269477,EIA-923 Generator File,1967,,TEPC,Tucson Electric Power Co,32.16,-110.9047,Arizona,173.3,0.0,0.0,0.0,0.0,0.0,0.0,0.0,0.0,0.0
108,1399,AZ,H Wilson Sundt Generating Station,126,GT1,0,OP,GT,NG,27,0.01,2453.5,1430,Distributed from 923 Generation And Fuel,1972,,TEPC,Tucson Electric Power Co,32.16,-110.9047,Arizona,0.0,27.0,0.0,0.0,0.0,0.0,0.0,0.0,0.0,0.0
109,1400,AZ,H Wilson Sundt Generating Station,126,GT2,0,OP,GT,NG,27,0.01,2453.5,1430,Distributed from 923 Generation And Fuel,1972,,TEPC,Tucson Electric Power Co,32.16,-110.9047,Arizona,0.0,27.0,0.0,0.0,0.0,0.0,0.0,0.0,0.0,0.0
110,1401,AZ,H Wilson Sundt Generating Station,126,ST1,1,OP,ST,NG,108.8,0.028,26766,26183,EIA-923 Generator File,1958,,TEPC,Tucson Electric Power Co,32.16,-110.9047,Arizona,108.8,0.0,0.0,0.0,0.0,0.0,0.0,0.0,0.0,0.0
111,1402,AZ,H Wilson Sundt Generating Station,126,ST2,1,OP,ST,NG,108.8,0.057,54453,30172,EIA-923 Generator File,1960,,TEPC,Tucson Electric Power Co,32.16,-110.9047,Arizona,108.8,0.0,0.0,0.0,0.0,0.0,0.0,0.0,0.0,0.0
112,1403,AZ,H Wilson Sundt Generating Station,126,ST3,1,OP,ST,NG,113.6,0.181,180100,96802,EIA-923 Generator File,1962,,TEPC,Tucson Electric Power Co,32.16,-110.9047,Arizona,113.6,0.0,0.0,0.0,0.0,0.0,0.0,0.0,0.0,0.0
113,1404,AZ,Harquahala Generating Project,55372,CTG1,0,OP,CT,NG,281.7,0.368,907801,614660,EIA-923 Generator File,2004,,HGMA,Salt River Project,33.47596,-113.113434,Arizona,281.7,0.0,0.0,0.0,0.0,0.0,0.0,0.0,0.0,0.0
114,1405,AZ,Harquahala Generating Project,55372,CTG2,0,OP,CT,NG,281.7,0.252,621208,384285,EIA-923 Generator File,2004,,HGMA,Salt River Project,33.47596,-113.113434,Arizona,281.7,0.0,0.0,0.0,0.0,0.0,0.0,0.0,0.0,0.0
115,1406,AZ,Harquahala Generating Project,55372,CTG3,0,OP,CT,NG,281.7,0.283,697579,475567,EIA-923 Generator File,2004,,HGMA,Salt River Project,33.47596,-113.113434,Arizona,281.7,0.0,0.0,0.0,0.0,0.0,0.0,0.0,0.0,0.0
116,1407,AZ,Harquahala Generating Project,55372,STG1,1,OP,CA,NG,160,0.294,411587,363608,EIA-923 Generator File,2004,,HGMA,Salt River Project,33.47596,-113.113434,Arizona,160.0,0.0,0.0,0.0,0.0,0.0,0.0,0.0,0.0,0.0
117,1408,AZ,Harquahala Generating Project,55372,STG2,1,OP,CA,NG,160,0.228,319855,219529,EIA-923 Generator File,2004,,HGMA,Salt River Project,33.47596,-113.113434,Arizona,160.0,0.0,0.0,0.0,0.0,0.0,0.0,0.0,0.0,0.0
118,1409,AZ,Harquahala Generating Project,55372,STG3,1,OP,CA,NG,160,0.297,415702,276065,EIA-923 Generator File,2004,,HGMA,Salt River Project,33.47596,-113.113434,Arizona,160.0,0.0,0.0,0.0,0.0,0.0,0.0,0.0,0.0,0.0
119,1410,AZ,Headgate Rock,7179,1,0,OP,HY,WAT,6.5,0.443,25245,11156.333,Distributed from 923 Generation And Fuel,1993,,WALC,Colorado River Indian Irr Proj,34.168264,-114.277356,Arizona,0.0,0.0,0.0,0.0,0.0,0.0,0.0,6.5,0.0,0.0
120,1411,AZ,Headgate Rock,7179,2,0,OP,HY,WAT,6.5,0.443,25245,11156.333,Distributed from 923 Generation And Fuel,1993,,WALC,Colorado River Indian Irr Proj,34.168264,-114.277356,Arizona,0.0,0.0,0.0,0.0,0.0,0.0,0.0,6.5,0.0,0.0
121,1412,AZ,Headgate Rock,7179,3,0,OP,HY,WAT,6.5,0.443,25245,11156.333,Distributed from 923 Generation And Fuel,1993,,WALC,Colorado River Indian Irr Proj,34.168264,-114.277356,Arizona,0.0,0.0,0.0,0.0,0.0,0.0,0.0,6.5,0.0,0.0
122,1413,AZ,Hoover Dam (AZ),8902,A0,0,OP,HY,WAT,2.4,0.2,4199.22,1706.995,Distributed from 923 Generation And Fuel,1936,,WALC,WAPA-- Western Area Power Administration,36.01551,-114.738006,Arizona,0.0,0.0,0.0,0.0,0.0,0.0,0.0,2.4,0.0,0.0
123,1414,AZ,Hoover Dam (AZ),8902,A1,0,OP,HY,WAT,130,0.2,227457.726,92462.219,Distributed from 923 Generation And Fuel,1941,,WALC,WAPA-- Western Area Power Administration,36.01551,-114.738006,Arizona,0.0,0.0,0.0,0.0,0.0,0.0,0.0,130.0,0.0,0.0
124,1415,AZ,Hoover Dam (AZ),8902,A2,0,OP,HY,WAT,130,0.2,227457.726,92462.219,Distributed from 923 Generation And Fuel,1942,,WALC,WAPA-- Western Area Power Administration,36.01551,-114.738006,Arizona,0.0,0.0,0.0,0.0,0.0,0.0,0.0,130.0,0.0,0.0
125,1416,AZ,Hoover Dam (AZ),8902,A3,0,OP,HY,WAT,130,0.2,227457.726,92462.219,Distributed from 923 Generation And Fuel,1952,,WALC,WAPA-- Western Area Power Administration,36.01551,-114.738006,Arizona,0.0,0.0,0.0,0.0,0.0,0.0,0.0,130.0,0.0,0.0
126,1417,AZ,Hoover Dam (AZ),8902,A4,0,OP,HY,WAT,130,0.2,227457.726,92462.219,Distributed from 923 Generation And Fuel,1952,,WALC,WAPA-- Western Area Power Administration,36.01551,-114.738006,Arizona,0.0,0.0,0.0,0.0,0.0,0.0,0.0,130.0,0.0,0.0
127,1418,AZ,Hoover Dam (AZ),8902,A5,0,OP,HY,WAT,127,0.2,222208.701,90328.475,Distributed from 923 Generation And Fuel,1943,,WALC,WAPA-- Western Area Power Administration,36.01551,-114.738006,Arizona,0.0,0.0,0.0,0.0,0.0,0.0,0.0,127.0,0.0,0.0
128,1419,AZ,Hoover Dam (AZ),8902,A6,0,OP,HY,WAT,130,0.2,227457.726,92462.219,Distributed from 923 Generation And Fuel,1939,,WALC,WAPA-- Western Area Power Administration,36.01551,-114.738006,Arizona,0.0,0.0,0.0,0.0,0.0,0.0,0.0,130.0,0.0,0.0
129,1420,AZ,Hoover Dam (AZ),8902,A7,0,OP,HY,WAT,130,0.2,227457.726,92462.219,Distributed from 923 Generation And Fuel,1939,,WALC,WAPA-- Western Area Power Administration,36.01551,-114.738006,Arizona,0.0,0.0,0.0,0.0,0.0,0.0,0.0,130.0,0.0,0.0
130,1421,AZ,Hoover Dam (AZ),8902,A8,0,OP,HY,WAT,61.5,0.2,107605.001,43741.742,Distributed from 923 Generation And Fuel,1937,,WALC,WAPA-- Western Area Power Administration,36.01551,-114.738006,Arizona,0.0,0.0,0.0,0.0,0.0,0.0,0.0,61.5,0.0,0.0
131,1422,AZ,Hoover Dam (AZ),8902,A9,0,OP,HY,WAT,68.5,0.2,119852.725,48720.477,Distributed from 923 Generation And Fuel,1952,,WALC,WAPA-- Western Area Power Administration,36.01551,-114.738006,Arizona,0.0,0.0,0.0,0.0,0.0,0.0,0.0,68.5,0.0,0.0
132,1423,AZ,Horse Mesa,145,HM1,0,OP,HY,WAT,9.9,0.16,13900.667,7895,Distributed from 923 Generation And Fuel,1927,,SRP,Salt River Project,33.5907,-111.344,Arizona,0.0,0.0,0.0,0.0,0.0,0.0,0.0,9.9,0.0,0.0
133,1424,AZ,Horse Mesa,145,HM2,0,OP,HY,WAT,9.9,0.16,13900.667,7895,Distributed from 923 Generation And Fuel,1927,,SRP,Salt River Project,33.5907,-111.344,Arizona,0.0,0.0,0.0,0.0,0.0,0.0,0.0,9.9,0.0,0.0
134,1425,AZ,Horse Mesa,145,HM3,0,OP,HY,WAT,9.9,0.16,13900.667,7895,Distributed from 923 Generation And Fuel,1927,,SRP,Salt River Project,33.5907,-111.344,Arizona,0.0,0.0,0.0,0.0,0.0,0.0,0.0,9.9,0.0,0.0
135,1426,AZ,Horse Mesa,145,HM4,0,OP,PS,WAT,99.8,0.004,3727,21499,Distributed from 923 Generation And Fuel,1972,,SRP,Salt River Project,33.5907,-111.344,Arizona,0.0,0.0,0.0,0.0,0.0,0.0,0.0,99.8,0.0,0.0
136,1427,AZ,Hyder II,58383,PV1,0,OP,PV,SUN,14,0.303,37104,18296,Distributed from 923 Generation And Fuel,2013,,AZPS,Arizona Public Service Co,33.027,-113.3489,Arizona,0.0,0.0,0.0,0.0,0.0,14.0,0.0,0.0,0.0,0.0
137,1428,AZ,Hyder Solar,57563,PV1,0,OP,PV,SUN,17,0.211,31415.227,15490.864,Distributed from 923 Generation And Fuel,2011,,AZPS,Arizona Public Service Co,33.02566,-113.34397,Arizona,0.0,0.0,0.0,0.0,0.0,17.0,0.0,0.0,0.0,0.0
138,1429,AZ,Hyder Solar,57563,PV2,0,OP,PV,SUN,5,0.211,9239.773,4556.136,Distributed from 923 Generation And Fuel,2012,,AZPS,Arizona Public Service Co,33.02566,-113.34397,Arizona,0.0,0.0,0.0,0.0,0.0,5.0,0.0,0.0,0.0,0.0
139,1438,AZ,Jewish Community Center PV,58292,JCC,0,OP,PV,SUN,1.1,0.231,2227,1098,Distributed from 923 Generation And Fuel,2012,,AZPS,Arizona Public Service Co,33.603056,-111.924722,Arizona,0.0,0.0,0.0,0.0,0.0,1.1,0.0,0.0,0.0,0.0
140,1440,AZ,Kingman 1,57775,PV,0,OP,PV,SUN,0.5,0,0,0,Distributed from 923 Generation And Fuel,2011,,AZPS,"UNS Electric, Inc",35.145833,-114.0675,Arizona,0.0,0.0,0.0,0.0,0.0,0.5,0.0,0.0,0.0,0.0
141,1441,AZ,Kingman 1,57775,WGNS,0,OP,WT,WND,10,0.285,24935,9796,Distributed from 923 Generation And Fuel,2011,,AZPS,"UNS Electric, Inc",35.145833,-114.0675,Arizona,0.0,0.0,0.0,0.0,10.0,0.0,0.0,0.0,0.0,0.0
142,1444,AZ,Kyrene,147,KY4,0,OP,GT,NG,53.1,,-571.047,-110.663,Data from EIA-923 Generator File overwritten with distributed data from EIA-923 Generation and Fuel,1971,,SRP,Salt River Project,33.3556,-111.9353,Arizona,0.0,53.1,0.0,0.0,0.0,0.0,0.0,0.0,0.0,0.0
143,1445,AZ,Kyrene,147,KY5,0,OP,GT,NG,60.3,,-648.477,-125.668,Data from EIA-923 Generator File overwritten with distributed data from EIA-923 Generation and Fuel,1973,,SRP,Salt River Project,33.3556,-111.9353,Arizona,0.0,60.3,0.0,0.0,0.0,0.0,0.0,0.0,0.0,0.0
144,1446,AZ,Kyrene,147,KY6,0,OP,GT,NG,60.3,,-648.477,-125.668,Data from EIA-923 Generator File overwritten with distributed data from EIA-923 Generation and Fuel,1973,,SRP,Salt River Project,33.3556,-111.9353,Arizona,0.0,60.3,0.0,0.0,0.0,0.0,0.0,0.0,0.0,0.0
145,1447,AZ,Kyrene,147,KY7,0,OP,CT,NG,170,0.516,768549,439037,EIA-923 Generator File,2002,,SRP,Salt River Project,33.3556,-111.9353,Arizona,170.0,0.0,0.0,0.0,0.0,0.0,0.0,0.0,0.0,0.0
146,1448,AZ,Kyrene,147,KY7A,1,OP,CA,NG,122,0.404,431319,248557,EIA-923 Generator File,2002,,SRP,Salt River Project,33.3556,-111.9353,Arizona,122.0,0.0,0.0,0.0,0.0,0.0,0.0,0.0,0.0,0.0
147,1450,AZ,La Senita,57556,1,0,OP,PV,SUN,1,0.287,2511,1238,Distributed from 923 Generation And Fuel,2011,,TEPC,"UNS Electric, Inc",35.241675,-114.004591,Arizona,0.0,0.0,0.0,0.0,0.0,1.0,0.0,0.0,0.0,0.0
148,1451,AZ,Lake Pleasant WTP,58539,1,0,OP,PV,SUN,6.5,0.268,15235,7512,Distributed from 923 Generation And Fuel,2012,,AZPS,Arizona Public Service Co,33.820556,-112.24,Arizona,0.0,0.0,0.0,0.0,0.0,6.5,0.0,0.0,0.0,0.0
149,1453,AZ,Macys Goodyear,57673,1,0,OP,PV,SUN,3.5,0.173,5315,2621,Distributed from 923 Generation And Fuel,2010,,AZPS,Arizona Public Service Co,33.409063,-112.414596,Arizona,0.0,0.0,0.0,0.0,0.0,3.5,0.0,0.0,0.0,0.0
150,1456,AZ,Mesquite Generating Station,55481,GT3,0,OP,CT,NG,185.3,0.438,710620,439730,EIA-923 Generator File,2003,,SRP,Salt River Project,33.345,-112.864167,Arizona,185.3,0.0,0.0,0.0,0.0,0.0,0.0,0.0,0.0,0.0
151,1457,AZ,Mesquite Generating Station,55481,GT4,0,OP,CT,NG,185.3,0.457,741359,438863,EIA-923 Generator File,2003,,SRP,Salt River Project,33.345,-112.864167,Arizona,185.3,0.0,0.0,0.0,0.0,0.0,0.0,0.0,0.0,0.0
152,1458,AZ,Mesquite Generating Station,55481,ST2,2,OP,CA,NG,321,0.375,1055713,651056,EIA-923 Generator File,2003,,SRP,Salt River Project,33.345,-112.864167,Arizona,321.0,0.0,0.0,0.0,0.0,0.0,0.0,0.0,0.0,0.0
153,1459,AZ,Mesquite Generating Station,55481,GT1,0,OP,CT,NG,185.3,0.325,527264,353495,EIA-923 Generator File,2003,,SRP,Salt River Project,33.345,-112.864167,Arizona,185.3,0.0,0.0,0.0,0.0,0.0,0.0,0.0,0.0,0.0
154,1460,AZ,Mesquite Generating Station,55481,GT2,0,OP,CT,NG,185.3,0.357,579861,381651,EIA-923 Generator File,2003,,SRP,Salt River Project,33.345,-112.864167,Arizona,185.3,0.0,0.0,0.0,0.0,0.0,0.0,0.0,0.0,0.0
155,1461,AZ,Mesquite Generating Station,55481,ST1,2,OP,CA,NG,321,0.31,872875,601326,EIA-923 Generator File,2003,,SRP,Salt River Project,33.345,-112.864167,Arizona,321.0,0.0,0.0,0.0,0.0,0.0,0.0,0.0,0.0,0.0
156,1462,AZ,Mesquite Solar 1,57707,1,0,OP,PV,SUN,16,0.274,38423.529,18103.435,Distributed from 923 Generation And Fuel,2011,,SRP,Salt River Project,33.341833,-112.904028,Arizona,0.0,0.0,0.0,0.0,0.0,16.0,0.0,0.0,0.0,0.0
157,1463,AZ,Mesquite Solar 1,57707,10,0,OP,PV,SUN,12,0.274,28817.647,13577.576,Distributed from 923 Generation And Fuel,2012,,SRP,Salt River Project,33.341833,-112.904028,Arizona,0.0,0.0,0.0,0.0,0.0,12.0,0.0,0.0,0.0,0.0
158,1464,AZ,Mesquite Solar 1,57707,11,0,OP,PV,SUN,16,0.274,38423.529,18103.435,Distributed from 923 Generation And Fuel,2012,,SRP,Salt River Project,33.341833,-112.904028,Arizona,0.0,0.0,0.0,0.0,0.0,16.0,0.0,0.0,0.0,0.0
159,1465,AZ,Mesquite Solar 1,57707,12,0,OP,PV,SUN,16,0.274,38423.529,18103.435,Distributed from 923 Generation And Fuel,2012,,SRP,Salt River Project,33.341833,-112.904028,Arizona,0.0,0.0,0.0,0.0,0.0,16.0,0.0,0.0,0.0,0.0
160,1466,AZ,Mesquite Solar 1,57707,2,0,OP,PV,SUN,16,0.274,38423.529,18103.435,Distributed from 923 Generation And Fuel,2012,,SRP,Salt River Project,33.341833,-112.904028,Arizona,0.0,0.0,0.0,0.0,0.0,16.0,0.0,0.0,0.0,0.0
161,1467,AZ,Mesquite Solar 1,57707,3,0,OP,PV,SUN,10,0.274,24014.706,11314.647,Distributed from 923 Generation And Fuel,2011,,SRP,Salt River Project,33.341833,-112.904028,Arizona,0.0,0.0,0.0,0.0,0.0,10.0,0.0,0.0,0.0,0.0
162,1468,AZ,Mesquite Solar 1,57707,4,0,OP,PV,SUN,16,0.274,38423.529,18103.435,Distributed from 923 Generation And Fuel,2012,,SRP,Salt River Project,33.341833,-112.904028,Arizona,0.0,0.0,0.0,0.0,0.0,16.0,0.0,0.0,0.0,0.0
163,1469,AZ,Mesquite Solar 1,57707,5,0,OP,PV,SUN,16,0.274,38423.529,18103.435,Distributed from 923 Generation And Fuel,2012,,SRP,Salt River Project,33.341833,-112.904028,Arizona,0.0,0.0,0.0,0.0,0.0,16.0,0.0,0.0,0.0,0.0
164,1470,AZ,Mesquite Solar 1,57707,6,0,OP,PV,SUN,8,0.274,19211.765,9051.718,Distributed from 923 Generation And Fuel,2012,,SRP,Salt River Project,33.341833,-112.904028,Arizona,0.0,0.0,0.0,0.0,0.0,8.0,0.0,0.0,0.0,0.0
165,1471,AZ,Mesquite Solar 1,57707,7,0,OP,PV,SUN,16,0.274,38423.529,18103.435,Distributed from 923 Generation And Fuel,2012,,SRP,Salt River Project,33.341833,-112.904028,Arizona,0.0,0.0,0.0,0.0,0.0,16.0,0.0,0.0,0.0,0.0
166,1472,AZ,Mesquite Solar 1,57707,8,0,OP,PV,SUN,12,0.274,28817.647,13577.576,Distributed from 923 Generation And Fuel,2012,,SRP,Salt River Project,33.341833,-112.904028,Arizona,0.0,0.0,0.0,0.0,0.0,12.0,0.0,0.0,0.0,0.0
167,1473,AZ,Mesquite Solar 1,57707,9,0,OP,PV,SUN,16,0.274,38423.529,18103.435,Distributed from 923 Generation And Fuel,2012,,SRP,Salt River Project,33.341833,-112.904028,Arizona,0.0,0.0,0.0,0.0,0.0,16.0,0.0,0.0,0.0,0.0
168,1474,AZ,"Mesquite Solar 2, LLC",60307,1,0,OP,PV,SUN,100,0.015,13255,0,Distributed from 923 Generation And Fuel,2016,,CISO,San Diego Gas & Electric Co,33.332777,-112.911388,Arizona,0.0,0.0,0.0,0.0,0.0,100.0,0.0,0.0,0.0,0.0
169,1475,AZ,"Mesquite Solar 3, LLC",60308,1,0,OP,PV,SUN,150,0.016,21060,0,Distributed from 923 Generation And Fuel,2016,,CISO,San Diego Gas & Electric Co,33.347583,-112.936805,Arizona,0.0,0.0,0.0,0.0,0.0,150.0,0.0,0.0,0.0,0.0
170,1476,AZ,Mohave Electric at Fort Mohave,59819,PV1,0,OP,PV,SUN,4.4,0.116,4472.111,2205.194,Distributed from 923 Generation And Fuel,2015,,WALC,"Mohave Electric Cooperative, I",34.9843,-114.5565,Arizona,0.0,0.0,0.0,0.0,0.0,4.4,0.0,0.0,0.0,0.0
171,1477,AZ,Mohave Electric at Fort Mohave,59819,PV2,0,OP,PV,SUN,10,0.116,10163.889,5011.806,Distributed from 923 Generation And Fuel,2016,,WALC,"Mohave Electric Cooperative, I",34.9843,-114.5565,Arizona,0.0,0.0,0.0,0.0,0.0,10.0,0.0,0.0,0.0,0.0
172,1478,AZ,Mormon Flat,148,MF1,0,OP,HY,WAT,9.2,0.127,10265,6952,Distributed from 923 Generation And Fuel,1926,,SRP,Salt River Project,33.5536,-111.4431,Arizona,0.0,0.0,0.0,0.0,0.0,0.0,0.0,9.2,0.0,0.0
173,1479,AZ,Mormon Flat,148,MF2,0,OP,PS,WAT,54.3,0.025,12071,14909,Distributed from 923 Generation And Fuel,1971,,SRP,Salt River Project,33.5536,-111.4431,Arizona,0.0,0.0,0.0,0.0,0.0,0.0,0.0,54.3,0.0,0.0
174,1480,AZ,Navajo,4941,NAV1,1,OP,ST,BIT,803.1,0.593,4173047,1854454,EIA-923 Generator File,1974,2019,SRP,Salt River Project,36.9047,-111.3886,Arizona,0.0,0.0,0.0,0.0,0.0,0.0,0.0,0.0,0.0,803.1
175,1481,AZ,Navajo,4941,NAV2,1,OP,ST,BIT,803.1,0.547,3845433,1949149,EIA-923 Generator File,1975,,SRP,Salt River Project,36.9047,-111.3886,Arizona,0.0,0.0,0.0,0.0,0.0,0.0,0.0,0.0,0.0,803.1
176,1482,AZ,Navajo,4941,NAV3,1,OP,ST,BIT,803.1,0.574,4040103,1818884,EIA-923 Generator File,1976,,SRP,Salt River Project,36.9047,-111.3886,Arizona,0.0,0.0,0.0,0.0,0.0,0.0,0.0,0.0,0.0,803.1
177,1483,AZ,North Loop,6088,1,0,OP,GT,NG,27,0.001,233.933,140.51,Distributed from 923 Generation And Fuel,1972,,TEPC,Tucson Electric Power Co,32.401,-111.1262,Arizona,0.0,27.0,0.0,0.0,0.0,0.0,0.0,0.0,0.0,0.0
178,1484,AZ,North Loop,6088,2,0,OP,GT,NG,27,0.001,233.933,140.51,Distributed from 923 Generation And Fuel,1972,,TEPC,Tucson Electric Power Co,32.401,-111.1262,Arizona,0.0,27.0,0.0,0.0,0.0,0.0,0.0,0.0,0.0,0.0
179,1485,AZ,North Loop,6088,3,0,OP,GT,NG,27,0.001,233.933,140.51,Distributed from 923 Generation And Fuel,1972,,TEPC,Tucson Electric Power Co,32.401,-111.1262,Arizona,0.0,27.0,0.0,0.0,0.0,0.0,0.0,0.0,0.0,0.0
180,1486,AZ,North Loop,6088,4,0,OP,GT,NG,26.8,0.001,232.2,139.469,Distributed from 923 Generation And Fuel,2001,,TEPC,Tucson Electric Power Co,32.401,-111.1262,Arizona,0.0,26.8,0.0,0.0,0.0,0.0,0.0,0.0,0.0,0.0
181,1487,AZ,Northwest Regional,57403,GEN1,0,OP,IC,LFG,1.6,0.812,11383.5,4779.5,Distributed from 923 Generation And Fuel,2012,,AZPS,Arizona Public Service Co,33.681944,-112.476666,Arizona,0.0,0.0,0.0,0.0,0.0,0.0,0.0,0.0,0.0,1.6
182,1488,AZ,Northwest Regional,57403,GEN2,0,OP,IC,LFG,1.6,0.812,11383.5,4779.5,Distributed from 923 Generation And Fuel,2012,,AZPS,Arizona Public Service Co,33.681944,-112.476666,Arizona,0.0,0.0,0.0,0.0,0.0,0.0,0.0,0.0,0.0,1.6
183,1489,AZ,Novo BioPower Plant,56616,G3,1,OP,ST,WDS,27.2,0.741,176574,79021,EIA-923 Generator File,2008,,AZPS,Arizona Public Service Co,34.503158,-110.334953,Arizona,0.0,0.0,0.0,0.0,0.0,0.0,0.0,0.0,0.0,27.2
184,1490,AZ,Ocotillo,116,1,1,OP,ST,NG,113.6,0.068,67415,39680,EIA-923 Generator File,1960,,AZPS,Arizona Public Service Co,33.4225,-111.9122,Arizona,113.6,0.0,0.0,0.0,0.0,0.0,0.0,0.0,0.0,0.0
185,1491,AZ,Ocotillo,116,2,1,OP,ST,NG,113.6,0.066,65603,37512,EIA-923 Generator File,1960,,AZPS,Arizona Public Service Co,33.4225,-111.9122,Arizona,113.6,0.0,0.0,0.0,0.0,0.0,0.0,0.0,0.0,0.0
186,1492,AZ,Ocotillo,116,GT1,0,OP,GT,NG,53.1,0.003,1493.5,821,Distributed from 923 Generation And Fuel,1972,,AZPS,Arizona Public Service Co,33.4225,-111.9122,Arizona,0.0,53.1,0.0,0.0,0.0,0.0,0.0,0.0,0.0,0.0
187,1493,AZ,Ocotillo,116,GT2,0,OP,GT,NG,53.1,0.003,1493.5,821,Distributed from 923 Generation And Fuel,1973,,AZPS,Arizona Public Service Co,33.4225,-111.9122,Arizona,0.0,53.1,0.0,0.0,0.0,0.0,0.0,0.0,0.0,0.0
188,1502,AZ,Palo Verde,6008,1,1,OP,ST,NUC,1403.2,0.878,10792492.333,4525005.667,Distributed from 923 Generation And Fuel,1986,,SRP,Salt River Project,33.3881,-112.8617,Arizona,0.0,0.0,0.0,0.0,0.0,0.0,0.0,0.0,1403.2,0.0
189,1503,AZ,Palo Verde,6008,2,1,OP,ST,NUC,1403.2,0.878,10792492.333,4525005.667,Distributed from 923 Generation And Fuel,1986,,SRP,Salt River Project,33.3881,-112.8617,Arizona,0.0,0.0,0.0,0.0,0.0,0.0,0.0,0.0,1403.2,0.0
190,1504,AZ,Palo Verde,6008,3,1,OP,ST,NUC,1403.2,0.878,10792492.333,4525005.667,Distributed from 923 Generation And Fuel,1988,,SRP,Salt River Project,33.3881,-112.8617,Arizona,0.0,0.0,0.0,0.0,0.0,0.0,0.0,0.0,1403.2,0.0
191,1505,AZ,Paloma Solar,57562,PV1,0,OP,PV,SUN,17.6,0.244,37662,18571,Distributed from 923 Generation And Fuel,2011,,AZPS,Arizona Public Service Co,33.021111,-112.661389,Arizona,0.0,0.0,0.0,0.0,0.0,17.6,0.0,0.0,0.0,0.0
192,1506,AZ,Paradise Valley H.S. PV,58293,PVH,0,OP,PV,SUN,1.3,0.229,2607,1285,Distributed from 923 Generation And Fuel,2013,,AZPS,Arizona Public Service Co,33.6416,-111.9997,Arizona,0.0,0.0,0.0,0.0,0.0,1.3,0.0,0.0,0.0,0.0
193,1507,AZ,PB2 - Gila River,60768,CTG3,0,OP,CT,NG,174,0.04,61681,0,EIA-923 Generator File,2003,,GRMA,Arizona Public Service Co,32.975,-112.694444,Arizona,174.0,0.0,0.0,0.0,0.0,0.0,0.0,0.0,0.0,0.0
194,1508,AZ,PB2 - Gila River,60768,CTG4,0,OP,CT,NG,174,0.007,10104,0,EIA-923 Generator File,2003,,GRMA,Arizona Public Service Co,32.975,-112.694444,Arizona,174.0,0.0,0.0,0.0,0.0,0.0,0.0,0.0,0.0,0.0
195,1509,AZ,PB2 - Gila River,60768,ST10,2,OP,CA,NG,271,0.02,48106,0,EIA-923 Generator File,2003,,GRMA,Arizona Public Service Co,32.975,-112.694444,Arizona,271.0,0.0,0.0,0.0,0.0,0.0,0.0,0.0,0.0,0.0
196,1510,AZ,Perrin Ranch Wind LLC,58155,GEN1,0,OP,WT,WND,99.2,0.256,222162,85651,Distributed from 923 Generation And Fuel,2012,,AZPS,Arizona Public Service Co,35.415556,-112.271111,Arizona,0.0,0.0,0.0,0.0,99.2,0.0,0.0,0.0,0.0,0.0
197,1511,AZ,Phoenix Airport East Economy Lot,58708,PAEEL,0,OP,PV,SUN,1.1,0.215,2072,1022,Distributed from 923 Generation And Fuel,2012,,AZPS,Arizona Public Service Co,33.45,-111.98,Arizona,0.0,0.0,0.0,0.0,0.0,1.1,0.0,0.0,0.0,0.0
198,1512,AZ,Phoenix Airport Rental Car Center,58709,PARCC,0,OP,PV,SUN,1.6,0.463,6495,3203,Distributed from 923 Generation And Fuel,2012,,AZPS,Arizona Public Service Co,33.45,-111.98,Arizona,0.0,0.0,0.0,0.0,0.0,1.6,0.0,0.0,0.0,0.0
199,1513,AZ,"Picture Rocks Solar, LLC",58486,1,0,OP,PV,SUN,20,0.318,55748,27489,Distributed from 923 Generation And Fuel,2012,,TEPC,Tucson Electric Power Co,32.369722,-111.242778,Arizona,0.0,0.0,0.0,0.0,0.0,20.0,0.0,0.0,0.0,0.0
200,1516,AZ,Prairie Fire,58171,GEN1,0,OP,PV,SUN,4.5,0.225,8886,4382,Distributed from 923 Generation And Fuel,2012,,TEPC,Tucson Electric Power Co,32.116389,-110.82,Arizona,0.0,0.0,0.0,0.0,0.0,4.5,0.0,0.0,0.0,0.0
201,1517,AZ,Prescott Airport,56228,PV1,0,OP,PV,SUN,2.1,0.295,5432,2678,Distributed from 923 Generation And Fuel,2002,,AZPS,Arizona Public Service Co,34.6584,-112.4008,Arizona,0.0,0.0,0.0,0.0,0.0,2.1,0.0,0.0,0.0,0.0
202,1519,AZ,Prescott Solar Plant,58147,PV1,0,OP,PV,SUN,10.8,0.276,26142,12891,Distributed from 923 Generation And Fuel,2011,,AZPS,Arizona Public Service Co,34.649444,-112.4275,Arizona,0.0,0.0,0.0,0.0,0.0,10.8,0.0,0.0,0.0,0.0
203,1520,AZ,Queen Creek Solar Farm,57883,GEN1,0,OP,PV,SUN,19,0.313,52143,25711,Distributed from 923 Generation And Fuel,2012,,SRP,Salt River Project,33.2675,-111.612222,Arizona,0.0,0.0,0.0,0.0,0.0,19.0,0.0,0.0,0.0,0.0
204,1521,AZ,RE Ajo 1 LLC,57795,1,0,OP,PV,SUN,4.5,0.234,9224,4548,Distributed from 923 Generation And Fuel,2011,,AZPS,Arizona Public Service Co,32.367013,-112.831401,Arizona,0.0,0.0,0.0,0.0,0.0,4.5,0.0,0.0,0.0,0.0
205,1522,AZ,RE Bagdad Solar I LLC,57790,1,0,OP,PV,SUN,16.6,0.24,34860,17189,Distributed from 923 Generation And Fuel,2011,,AZPS,Arizona Public Service Co,34.585833,-113.177222,Arizona,0.0,0.0,0.0,0.0,0.0,16.6,0.0,0.0,0.0,0.0
206,1523,AZ,Red Hawk,55455,CT1A,0,OP,CT,NG,187.5,0.498,818050,405187,EIA-923 Generator File,2002,,SRP,Salt River Project,33.334562,-112.840641,Arizona,187.5,0.0,0.0,0.0,0.0,0.0,0.0,0.0,0.0,0.0
207,1524,AZ,Red Hawk,55455,CT1B,0,OP,CT,NG,181.6,0.515,819313,407646,EIA-923 Generator File,2002,,SRP,Salt River Project,33.334562,-112.840641,Arizona,181.6,0.0,0.0,0.0,0.0,0.0,0.0,0.0,0.0,0.0
208,1525,AZ,Red Hawk,55455,CT2A,0,OP,CT,NG,181.6,0.479,762627,390311,EIA-923 Generator File,2002,,SRP,Salt River Project,33.334562,-112.840641,Arizona,181.6,0.0,0.0,0.0,0.0,0.0,0.0,0.0,0.0,0.0
209,1526,AZ,Red Hawk,55455,CT2B,0,OP,CT,NG,181.6,0.489,777971,380800,EIA-923 Generator File,2002,,SRP,Salt River Project,33.334562,-112.840641,Arizona,181.6,0.0,0.0,0.0,0.0,0.0,0.0,0.0,0.0,0.0
210,1527,AZ,Red Hawk,55455,ST1,2,OP,CA,NG,204,0.566,1010640,500825,EIA-923 Generator File,2002,,SRP,Salt River Project,33.334562,-112.840641,Arizona,204.0,0.0,0.0,0.0,0.0,0.0,0.0,0.0,0.0,0.0
211,1528,AZ,Red Hawk,55455,ST2,2,OP,CA,NG,204,0.543,970298,490024,EIA-923 Generator File,2002,,SRP,Salt River Project,33.334562,-112.840641,Arizona,204.0,0.0,0.0,0.0,0.0,0.0,0.0,0.0,0.0,0.0
212,1529,AZ,Red Horse 2,58833,RH2S,0,OP,PV,SUN,51,0.345,154324,74155,Distributed from 923 Generation And Fuel,2015,,TEPC,Tucson Electric Power Co,32.286111,-110.088056,Arizona,0.0,0.0,0.0,0.0,0.0,51.0,0.0,0.0,0.0,0.0
213,1530,AZ,Red Horse 2,58833,RH2W,0,OP,WT,WND,30,0.25,65784,21439,Distributed from 923 Generation And Fuel,2015,,TEPC,Tucson Electric Power Co,32.286111,-110.088056,Arizona,0.0,0.0,0.0,0.0,30.0,0.0,0.0,0.0,0.0,0.0
214,1531,AZ,Red Horse III,60285,RH3,0,OP,PV,SUN,30,0.146,38278,22299,Distributed from 923 Generation And Fuel,2016,,TEPC,Tucson Electric Power Co,32.13597,-110.05129,Arizona,0.0,0.0,0.0,0.0,0.0,30.0,0.0,0.0,0.0,0.0
215,1533,AZ,Rio Rico Solar,59044,RRSF,0,OP,PV,SUN,6,0.227,11951,5893,Distributed from 923 Generation And Fuel,2014,,TEPC,"UNS Electric, Inc",31.5,-111.008056,Arizona,0.0,0.0,0.0,0.0,0.0,6.0,0.0,0.0,0.0,0.0
216,1534,AZ,Roger Road WWTP,57524,1,0,OP,PV,SUN,1.1,0.188,1810,893,Distributed from 923 Generation And Fuel,2010,,TEPC,Tucson Electric Power Co,32.2894,-111.0331,Arizona,0.0,0.0,0.0,0.0,0.0,1.1,0.0,0.0,0.0,0.0
217,1535,AZ,Roosevelt,149,ROOS,0,OP,HY,WAT,36,0.187,58948,26050,Distributed from 923 Generation And Fuel,1973,,SRP,Salt River Project,33.671104,-111.161786,Arizona,0.0,0.0,0.0,0.0,0.0,0.0,0.0,36.0,0.0,0.0
218,1536,AZ,Saddle Mountain Solar I,58213,AZ2,0,OP,PV,SUN,15,0.363,47762,23551,Distributed from 923 Generation And Fuel,2012,,AZPS,Arizona Public Service Co,33.378333,-113.180833,Arizona,0.0,0.0,0.0,0.0,0.0,15.0,0.0,0.0,0.0,0.0
219,1537,AZ,Saguaro,118,GE1,0,OP,GT,NG,78.3,0.01,6683.298,4550.312,Distributed from 923 Generation And Fuel,2002,,AZPS,Arizona Public Service Co,32.5517,-111.3,Arizona,0.0,78.3,0.0,0.0,0.0,0.0,0.0,0.0,0.0,0.0
220,1538,AZ,Saguaro,118,GT1,0,OP,GT,NG,53.1,0.01,4532.351,3085.844,Distributed from 923 Generation And Fuel,1972,,AZPS,Arizona Public Service Co,32.5517,-111.3,Arizona,0.0,53.1,0.0,0.0,0.0,0.0,0.0,0.0,0.0,0.0
221,1539,AZ,Saguaro,118,GT2,0,OP,GT,NG,53.1,0.01,4532.351,3085.844,Distributed from 923 Generation And Fuel,1973,,AZPS,Arizona Public Service Co,32.5517,-111.3,Arizona,0.0,53.1,0.0,0.0,0.0,0.0,0.0,0.0,0.0,0.0
222,1543,AZ,Sandstone Solar,59634,SNDST,0,OP,PV,SUN,45,0.308,121501,60854,Distributed from 923 Generation And Fuel,2015,,SRP,Salt River Project,33.035556,-111.430278,Arizona,0.0,0.0,0.0,0.0,0.0,45.0,0.0,0.0,0.0,0.0
223,1544,AZ,Santan,8068,ST1,1,OP,CS,NG,103.5,0.18,163472,75226,EIA-923 Generator File,1974,,SRP,Salt River Project,33.3325,-111.7503,Arizona,0.0,103.5,0.0,0.0,0.0,0.0,0.0,0.0,0.0,0.0
224,1545,AZ,Santan,8068,ST2,1,OP,CS,NG,103.5,0.175,158376,69608,EIA-923 Generator File,1974,,SRP,Salt River Project,33.3325,-111.7503,Arizona,0.0,103.5,0.0,0.0,0.0,0.0,0.0,0.0,0.0,0.0
225,1546,AZ,Santan,8068,ST3,1,OP,CS,NG,103.5,0.18,163261,75243,EIA-923 Generator File,1974,,SRP,Salt River Project,33.3325,-111.7503,Arizona,0.0,103.5,0.0,0.0,0.0,0.0,0.0,0.0,0.0,0.0
226,1547,AZ,Santan,8068,ST4,1,OP,CS,NG,103.5,0.177,160904,72158,EIA-923 Generator File,1975,,SRP,Salt River Project,33.3325,-111.7503,Arizona,0.0,103.5,0.0,0.0,0.0,0.0,0.0,0.0,0.0,0.0
227,1548,AZ,Santan,8068,ST5A,0,OP,CT,NG,153.8,0.263,354037,286558,EIA-923 Generator File,2005,,SRP,Salt River Project,33.3325,-111.7503,Arizona,153.8,0.0,0.0,0.0,0.0,0.0,0.0,0.0,0.0,0.0
228,1549,AZ,Santan,8068,ST5B,0,OP,CT,NG,153.8,0.311,418866,334368,EIA-923 Generator File,2005,,SRP,Salt River Project,33.3325,-111.7503,Arizona,153.8,0.0,0.0,0.0,0.0,0.0,0.0,0.0,0.0,0.0
229,1550,AZ,Santan,8068,ST5S,2,OP,CA,NG,314.5,0.201,554317,448683,EIA-923 Generator File,2005,,SRP,Salt River Project,33.3325,-111.7503,Arizona,314.5,0.0,0.0,0.0,0.0,0.0,0.0,0.0,0.0,0.0
230,1551,AZ,Santan,8068,ST6A,0,OP,CT,NG,153.8,0.442,595585,420496,EIA-923 Generator File,2006,,SRP,Salt River Project,33.3325,-111.7503,Arizona,153.8,0.0,0.0,0.0,0.0,0.0,0.0,0.0,0.0,0.0
231,1552,AZ,Santan,8068,ST6S,1,OP,CA,NG,136.1,0.349,416361,295684,EIA-923 Generator File,2006,,SRP,Salt River Project,33.3325,-111.7503,Arizona,136.1,0.0,0.0,0.0,0.0,0.0,0.0,0.0,0.0,0.0
232,1553,AZ,Solana Generating Station,56812,GEN 1,1,OP,CP,SUN,140,0.262,321835,178236,Distributed from 923 Generation And Fuel,2013,,AZPS,Arizona Public Service Co,32.922294,-112.95594,Arizona,0.0,0.0,0.0,0.0,0.0,140.0,0.0,0.0,0.0,0.0
233,1554,AZ,Solana Generating Station,56812,GEN2,1,OP,CP,SUN,140,0.262,321835,178236,Distributed from 923 Generation And Fuel,2013,,AZPS,Arizona Public Service Co,32.922294,-112.95594,Arizona,0.0,0.0,0.0,0.0,0.0,140.0,0.0,0.0,0.0,0.0
234,1555,AZ,South Consolidated,100,SC1,0,OP,HY,WAT,1.4,0,0,0,Distributed from 923 Generation And Fuel,1981,,SRP,Salt River Project,33.466477,-111.781064,Arizona,0.0,0.0,0.0,0.0,0.0,0.0,0.0,1.4,0.0,0.0
235,1556,AZ,South Point Energy Center,55177,A,0,OP,CT,NG,236,0.034,69493,17092,EIA-923 Generator File,2001,,WALC,WAPA-- Western Area Power Administration,34.8678,-114.5317,Arizona,236.0,0.0,0.0,0.0,0.0,0.0,0.0,0.0,0.0,0.0
236,1558,AZ,South Point Energy Center,55177,ST1,2,OP,CA,NG,236,0.015,30911,7926,EIA-923 Generator File,2001,,WALC,WAPA-- Western Area Power Administration,34.8678,-114.5317,Arizona,236.0,0.0,0.0,0.0,0.0,0.0,0.0,0.0,0.0,0.0
237,1559,AZ,Springerville,8223,1,1,OP,ST,SUB,424.8,0.551,2050882,1014266,EIA-923 Generator File,1985,,TEPC,Tucson Electric Power Co,34.3186,-109.1639,Arizona,0.0,0.0,424.8,0.0,0.0,0.0,0.0,0.0,0.0,0.0
238,1560,AZ,Springerville,8223,2,1,OP,ST,SUB,424.8,0.736,2738947,1240291,EIA-923 Generator File,1990,,TEPC,Tucson Electric Power Co,34.3186,-109.1639,Arizona,0.0,0.0,424.8,0.0,0.0,0.0,0.0,0.0,0.0,0.0
239,1561,AZ,Springerville,8223,3,1,OP,ST,SUB,458.1,0.519,2084688,1041357,EIA-923 Generator File,2006,,TEPC,Tucson Electric Power Co,34.3186,-109.1639,Arizona,0.0,0.0,458.1,0.0,0.0,0.0,0.0,0.0,0.0,0.0
240,1562,AZ,Springerville,8223,4,1,OP,ST,SUB,458.1,0.562,2255233,1176401,EIA-923 Generator File,2009,,TEPC,Tucson Electric Power Co,34.3186,-109.1639,Arizona,0.0,0.0,458.1,0.0,0.0,0.0,0.0,0.0,0.0,0.0
241,1563,AZ,Springerville,8223,SGSS,0,OP,PV,SUN,3.7,0.147,4779.351,2442.552,Distributed from 923 Generation And Fuel,2001,,TEPC,Tucson Electric Power Co,34.3186,-109.1639,Arizona,0.0,0.0,0.0,0.0,0.0,3.7,0.0,0.0,0.0,0.0
242,1564,AZ,Springerville,8223,SGSS1,0,OP,PV,SUN,1.4,0.147,1808.403,924.209,Distributed from 923 Generation And Fuel,2010,,TEPC,Tucson Electric Power Co,34.3186,-109.1639,Arizona,0.0,0.0,0.0,0.0,0.0,1.4,0.0,0.0,0.0,0.0
243,1565,AZ,Springerville,8223,WMS,0,OP,PV,SUN,8.3,0.147,10721.246,5479.239,Distributed from 923 Generation And Fuel,2014,,TEPC,Tucson Electric Power Co,34.3186,-109.1639,Arizona,0.0,0.0,0.0,0.0,0.0,8.3,0.0,0.0,0.0,0.0
244,1567,AZ,SR85,59444,PV1,0,OP,PV,SUN,10,0.102,8924,4400,Distributed from 923 Generation And Fuel,2015,,AZPS,Arizona Public Service Co,33.145,-112.66,Arizona,0.0,0.0,0.0,0.0,0.0,10.0,0.0,0.0,0.0,0.0
245,1568,AZ,Stewart Mountain,150,SM,0,OP,HY,WAT,13,0.241,27419,12117,Distributed from 923 Generation And Fuel,1930,,SRP,Salt River Project,33.5661,-111.536,Arizona,0.0,0.0,0.0,0.0,0.0,0.0,0.0,13.0,0.0,0.0
246,1569,AZ,Sulphur Springs,60381,SSSP,0,OP,PV,SUN,20,0.027,4656,0,Distributed from 923 Generation And Fuel,2016,,WALC,Sulphur Springs Valley E C Inc,32.0628,-109.919283,Arizona,0.0,0.0,0.0,0.0,0.0,20.0,0.0,0.0,0.0,0.0
247,1571,AZ,Sundance,55522,CT1,0,OP,GT,NG,60.5,0.044,23437.2,9176.9,Distributed from 923 Generation And Fuel,2002,,WALC,WAPA-- Western Area Power Administration,32.9285,-111.5899,Arizona,0.0,60.5,0.0,0.0,0.0,0.0,0.0,0.0,0.0,0.0
248,1572,AZ,Sundance,55522,CT10,0,OP,GT,NG,60.5,0.044,23437.2,9176.9,Distributed from 923 Generation And Fuel,2002,,WALC,WAPA-- Western Area Power Administration,32.9285,-111.5899,Arizona,0.0,60.5,0.0,0.0,0.0,0.0,0.0,0.0,0.0,0.0
249,1573,AZ,Sundance,55522,CT2,0,OP,GT,NG,60.5,0.044,23437.2,9176.9,Distributed from 923 Generation And Fuel,2002,,WALC,WAPA-- Western Area Power Administration,32.9285,-111.5899,Arizona,0.0,60.5,0.0,0.0,0.0,0.0,0.0,0.0,0.0,0.0
250,1574,AZ,Sundance,55522,CT3,0,OP,GT,NG,60.5,0.044,23437.2,9176.9,Distributed from 923 Generation And Fuel,2002,,WALC,WAPA-- Western Area Power Administration,32.9285,-111.5899,Arizona,0.0,60.5,0.0,0.0,0.0,0.0,0.0,0.0,0.0,0.0
251,1575,AZ,Sundance,55522,CT4,0,OP,GT,NG,60.5,0.044,23437.2,9176.9,Distributed from 923 Generation And Fuel,2002,,WALC,WAPA-- Western Area Power Administration,32.9285,-111.5899,Arizona,0.0,60.5,0.0,0.0,0.0,0.0,0.0,0.0,0.0,0.0
252,1576,AZ,Sundance,55522,CT5,0,OP,GT,NG,60.5,0.044,23437.2,9176.9,Distributed from 923 Generation And Fuel,2002,,WALC,WAPA-- Western Area Power Administration,32.9285,-111.5899,Arizona,0.0,60.5,0.0,0.0,0.0,0.0,0.0,0.0,0.0,0.0
253,1577,AZ,Sundance,55522,CT6,0,OP,GT,NG,60.5,0.044,23437.2,9176.9,Distributed from 923 Generation And Fuel,2002,,WALC,WAPA-- Western Area Power Administration,32.9285,-111.5899,Arizona,0.0,60.5,0.0,0.0,0.0,0.0,0.0,0.0,0.0,0.0
254,1578,AZ,Sundance,55522,CT7,0,OP,GT,NG,60.5,0.044,23437.2,9176.9,Distributed from 923 Generation And Fuel,2002,,WALC,WAPA-- Western Area Power Administration,32.9285,-111.5899,Arizona,0.0,60.5,0.0,0.0,0.0,0.0,0.0,0.0,0.0,0.0
255,1579,AZ,Sundance,55522,CT8,0,OP,GT,NG,60.5,0.044,23437.2,9176.9,Distributed from 923 Generation And Fuel,2002,,WALC,WAPA-- Western Area Power Administration,32.9285,-111.5899,Arizona,0.0,60.5,0.0,0.0,0.0,0.0,0.0,0.0,0.0,0.0
256,1580,AZ,Sundance,55522,CT9,0,OP,GT,NG,60.5,0.044,23437.2,9176.9,Distributed from 923 Generation And Fuel,2002,,WALC,WAPA-- Western Area Power Administration,32.9285,-111.5899,Arizona,0.0,60.5,0.0,0.0,0.0,0.0,0.0,0.0,0.0,0.0
257,1585,AZ,Tech Park Solar,59455,TECHP,0,OP,PV,SUN,5,0.298,13055,6437,Distributed from 923 Generation And Fuel,2012,,TEPC,Tucson Electric Power Co,32.097884,-110.815696,Arizona,0.0,0.0,0.0,0.0,0.0,5.0,0.0,0.0,0.0,0.0
258,1591,AZ,UASTP I,57392,UATP1,0,OP,PV,SUN,1.2,0.133,1402,691,Distributed from 923 Generation And Fuel,2010,,TEPC,Tucson Electric Power Co,32.096973,-110.8106,Arizona,0.0,0.0,0.0,0.0,0.0,1.2,0.0,0.0,0.0,0.0
259,1592,AZ,UASTP II,57717,UATP2,0,OP,PV,SUN,4,0.256,8972,4424,Distributed from 923 Generation And Fuel,2012,,TEPC,Tucson Electric Power Co,32.096973,-110.8106,Arizona,0.0,0.0,0.0,0.0,0.0,4.0,0.0,0.0,0.0,0.0
260,1594,AZ,Union HS at Casa Grande,58516,PV1,0,OP,PV,SUN,1.6,0.243,3404,1678,Distributed from 923 Generation And Fuel,2012,,AZPS,Arizona Public Service Co,32.936944,-111.738611,Arizona,0.0,0.0,0.0,0.0,0.0,1.6,0.0,0.0,0.0,0.0
261,1600,AZ,Valencia,6515,GT4,0,OP,GT,NG,54,0.001,310,184,Distributed from 923 Generation And Fuel,2006,,TEPC,"UNS Electric, Inc",31.363472,-110.931343,Arizona,0.0,54.0,0.0,0.0,0.0,0.0,0.0,0.0,0.0,0.0
262,1601,AZ,Valencia Solar,59454,VALEN,0,OP,PV,SUN,10,0.269,23552,11613,Distributed from 923 Generation And Fuel,2013,,TEPC,Tucson Electric Power Co,32.145833,-110.866944,Arizona,0.0,0.0,0.0,0.0,0.0,10.0,0.0,0.0,0.0,0.0
263,1602,AZ,Vista Grande HS at Casa Grande,58517,PV1,0,OP,PV,SUN,1.8,0.196,3095,1526,Distributed from 923 Generation And Fuel,2012,,AZPS,Arizona Public Service Co,32.891389,-111.713056,Arizona,0.0,0.0,0.0,0.0,0.0,1.8,0.0,0.0,0.0,0.0
264,1603,AZ,Waddell,7164,PG3,0,OP,PS,WAT,10,0.122,10708,10651.5,Distributed from 923 Generation And Fuel,1993,,WALC,Arizona Public Service Co,33.8447,-112.2714,Arizona,0.0,0.0,0.0,0.0,0.0,0.0,0.0,10.0,0.0,0.0
265,1604,AZ,Waddell,7164,PG6,0,OP,PS,WAT,10,0.122,10708,10651.5,Distributed from 923 Generation And Fuel,1993,,WALC,Arizona Public Service Co,33.8447,-112.2714,Arizona,0.0,0.0,0.0,0.0,0.0,0.0,0.0,10.0,0.0,0.0
266,1605,AZ,Waddell,7164,PG7,0,OP,PS,WAT,10,0.122,10708,10651.5,Distributed from 923 Generation And Fuel,1993,,WALC,Arizona Public Service Co,33.8447,-112.2714,Arizona,0.0,0.0,0.0,0.0,0.0,0.0,0.0,10.0,0.0,0.0
267,1606,AZ,Waddell,7164,PS1,0,OP,PS,WAT,10,0.122,10708,10651.5,Distributed from 923 Generation And Fuel,1993,,WALC,Arizona Public Service Co,33.8447,-112.2714,Arizona,0.0,0.0,0.0,0.0,0.0,0.0,0.0,10.0,0.0,0.0
268,1607,AZ,Walmart Casa Grande,57939,1,0,OP,PV,SUN,1,0.184,1614,796,Distributed from 923 Generation And Fuel,2011,,AZPS,Arizona Public Service Co,32.866837,-111.771751,Arizona,0.0,0.0,0.0,0.0,0.0,1.0,0.0,0.0,0.0,0.0
269,1608,AZ,Walmart Casa Grande,57939,2,0,OP,PV,SUN,1,0.184,1614,796,Distributed from 923 Generation And Fuel,2011,,AZPS,Arizona Public Service Co,32.866837,-111.771751,Arizona,0.0,0.0,0.0,0.0,0.0,1.0,0.0,0.0,0.0,0.0
270,1609,AZ,West Phoenix,117,1B,1,OP,CS,NG,132,0.119,137112,72312,EIA-923 Generator File,1976,,AZPS,Arizona Public Service Co,33.4417,-112.1583,Arizona,0.0,132.0,0.0,0.0,0.0,0.0,0.0,0.0,0.0,0.0
271,1610,AZ,West Phoenix,117,2B,1,OP,CS,NG,132,0.087,100219,61172,EIA-923 Generator File,1976,,AZPS,Arizona Public Service Co,33.4417,-112.1583,Arizona,0.0,132.0,0.0,0.0,0.0,0.0,0.0,0.0,0.0,0.0
272,1611,AZ,West Phoenix,117,3B,1,OP,CS,NG,132,0.139,160851,83458,EIA-923 Generator File,1976,,AZPS,Arizona Public Service Co,33.4417,-112.1583,Arizona,0.0,132.0,0.0,0.0,0.0,0.0,0.0,0.0,0.0,0.0
273,1612,AZ,West Phoenix,117,C4-1,0,OP,CT,NG,91,0.239,190448,127039,EIA-923 Generator File,2001,,AZPS,Arizona Public Service Co,33.4417,-112.1583,Arizona,91.0,0.0,0.0,0.0,0.0,0.0,0.0,0.0,0.0,0.0
274,1613,AZ,West Phoenix,117,C4-2,1,OP,CA,NG,44.6,0,0,0,EIA-923 Generator File,2001,,AZPS,Arizona Public Service Co,33.4417,-112.1583,Arizona,44.6,0.0,0.0,0.0,0.0,0.0,0.0,0.0,0.0,0.0
275,1614,AZ,West Phoenix,117,C5-1,0,OP,CT,NG,184.5,0.401,648364,334438,EIA-923 Generator File,2003,,AZPS,Arizona Public Service Co,33.4417,-112.1583,Arizona,184.5,0.0,0.0,0.0,0.0,0.0,0.0,0.0,0.0,0.0
276,1615,AZ,West Phoenix,117,C5-2,0,OP,CT,NG,184.5,0.394,636947,312172,EIA-923 Generator File,2003,,AZPS,Arizona Public Service Co,33.4417,-112.1583,Arizona,184.5,0.0,0.0,0.0,0.0,0.0,0.0,0.0,0.0,0.0
277,1616,AZ,West Phoenix,117,C5-3,2,OP,CA,NG,200.6,0.394,692869,347532,EIA-923 Generator File,2003,,AZPS,Arizona Public Service Co,33.4417,-112.1583,Arizona,200.6,0.0,0.0,0.0,0.0,0.0,0.0,0.0,0.0,0.0
278,1617,AZ,West Phoenix,117,GT1,0,OP,GT,NG,53.1,0.003,1609.5,434.5,Distributed from 923 Generation And Fuel,1972,,AZPS,Arizona Public Service Co,33.4417,-112.1583,Arizona,0.0,53.1,0.0,0.0,0.0,0.0,0.0,0.0,0.0,0.0
279,1618,AZ,West Phoenix,117,GT2,0,OP,GT,NG,53.1,0.003,1609.5,434.5,Distributed from 923 Generation And Fuel,1973,,AZPS,Arizona Public Service Co,33.4417,-112.1583,Arizona,0.0,53.1,0.0,0.0,0.0,0.0,0.0,0.0,0.0,0.0
280,1624,AZ,Yucca,120,GT1,0,OP,GT,NG,23.6,0.052,10808.005,3799.44,Distributed from 923 Generation And Fuel,1971,,AZPS,Arizona Public Service Co,32.7214,-114.7106,Arizona,0.0,23.6,0.0,0.0,0.0,0.0,0.0,0.0,0.0,0.0
281,1625,AZ,Yucca,120,GT2,0,OP,GT,NG,23.6,0.052,10808.005,3799.44,Distributed from 923 Generation And Fuel,1971,,AZPS,Arizona Public Service Co,32.7214,-114.7106,Arizona,0.0,23.6,0.0,0.0,0.0,0.0,0.0,0.0,0.0,0.0
282,1626,AZ,Yucca,120,GT21,0,OP,GT,DFO,25.3,0.052,11586.547,4073.128,Distributed from 923 Generation And Fuel,1978,,AZPS,Arizona Public Service Co,32.7214,-114.7106,Arizona,0.0,0.0,0.0,25.3,0.0,0.0,0.0,0.0,0.0,0.0
283,1627,AZ,Yucca,120,GT3,0,OP,GT,NG,72.4,0.052,33156.76,11655.908,Distributed from 923 Generation And Fuel,1973,,AZPS,Arizona Public Service Co,32.7214,-114.7106,Arizona,0.0,72.4,0.0,0.0,0.0,0.0,0.0,0.0,0.0,0.0
284,1628,AZ,Yucca,120,GT4,0,OP,GT,DFO,72.4,0.052,33156.76,11655.908,Distributed from 923 Generation And Fuel,1974,,AZPS,Arizona Public Service Co,32.7214,-114.7106,Arizona,0.0,0.0,0.0,72.4,0.0,0.0,0.0,0.0,0.0,0.0
285,1629,AZ,Yucca,120,GT5,0,OP,GT,NG,60.5,0.052,27706.961,9740.089,Distributed from 923 Generation And Fuel,2008,,AZPS,Arizona Public Service Co,32.7214,-114.7106,Arizona,0.0,60.5,0.0,0.0,0.0,0.0,0.0,0.0,0.0,0.0
286,1630,AZ,Yucca,120,GT6,0,OP,GT,NG,60.5,0.052,27706.961,9740.089,Distributed from 923 Generation And Fuel,2008,,AZPS,Arizona Public Service Co,32.7214,-114.7106,Arizona,0.0,60.5,0.0,0.0,0.0,0.0,0.0,0.0,0.0,0.0
287,1631,AZ,Yucca,120,ST1,1,OP,ST,NG,86.7,0.271,205774,129422,EIA-923 Generator File,1959,,AZPS,Arizona Public Service Co,32.7214,-114.7106,Arizona,86.7,0.0,0.0,0.0,0.0,0.0,0.0,0.0,0.0,0.0
288,1632,AZ,Yuma Cogeneration Associates,54694,GEN1,0,OP,CT,NG,44.1,0.022,8355,3740,EIA-923 Generator File,1994,,AZPS,Arizona Public Service Co,32.728822,-114.654053,Arizona,44.1,0.0,0.0,0.0,0.0,0.0,0.0,0.0,0.0,0.0
289,1633,AZ,Yuma Cogeneration Associates,54694,GEN2,1,OP,CA,NG,18.5,0.018,2851,1426,EIA-923 Generator File,1994,,AZPS,Arizona Public Service Co,32.728822,-114.654053,Arizona,18.5,0.0,0.0,0.0,0.0,0.0,0.0,0.0,0.0,0.0
