,eGRID2016 Generator file sequence number,Plant state abbreviation,Plant name,DOE/EIA ORIS plant or facility code,Generator ID,Number of associated boilers,Generator status,Generator prime mover type,Generator primary fuel,Generator nameplate capacity (MW),Generator capacity factor,Generator annual net generation (MWh),Generator ozone season net generation (MWh),Generation data source,Generator year on-line,Generator planned or actual retirement year,area,utility,latitude,longitude,state,NGCC,NGCT,Coal,Oil,Wind,SolarPV,SolarCSP,Hydro,Nuclear,Other
0,19864,OR,45 Mile Hydroelectric Project,58455,0001,0,OP,HY,WAT,1,0.279,2444,790.333,Distributed from 923 Generation And Fuel,2015,,PACW,PacifiCorp,44.528056,-121.152778,Oregon,0.0,0.0,0.0,0.0,0.0,0.0,0.0,1.0,0.0,0.0
1,19865,OR,45 Mile Hydroelectric Project,58455,0002,0,OP,HY,WAT,1,0.279,2444,790.333,Distributed from 923 Generation And Fuel,2015,,PACW,PacifiCorp,44.528056,-121.152778,Oregon,0.0,0.0,0.0,0.0,0.0,0.0,0.0,1.0,0.0,0.0
2,19866,OR,45 Mile Hydroelectric Project,58455,0003,0,OP,HY,WAT,1,0.279,2444,790.333,Distributed from 923 Generation And Fuel,2015,,PACW,PacifiCorp,44.528056,-121.152778,Oregon,0.0,0.0,0.0,0.0,0.0,0.0,0.0,1.0,0.0,0.0
3,19868,OR,Arlington Wind Power Project,56855,GEN1,0,OP,WT,WND,103,0.224,201811,108372,Distributed from 923 Generation And Fuel,2008,,BPAT,Bonneville Power Administration,45.7167,-120.2008,Oregon,0.0,0.0,0.0,0.0,103.0,0.0,0.0,0.0,0.0,0.0
4,19869,OR,Baldock Solar Highway,57882,BSH1,0,OP,PV,SUN,1.7,0.128,1904,1013,Distributed from 923 Generation And Fuel,2012,,PGE,Portland General Electric Co,45.269444,-122.771667,Oregon,0.0,0.0,0.0,0.0,0.0,1.7,0.0,0.0,0.0,0.0
5,19870,OR,BC Solar,60616,BCSLR,0,OP,PV,SUN,8,0.007,482,0,Distributed from 923 Generation And Fuel,2016,,PACW,PacifiCorp,42.175,-120.3598,Oregon,0.0,0.0,0.0,0.0,0.0,8.0,0.0,0.0,0.0,0.0
6,19872,OR,Beaver,8073,1,0,OP,CT,NG,68.3,0.099,59082,45866,EIA-923 Generator File,1974,,PGE,Portland General Electric Co,46.172401,-123.17392,Oregon,68.3,0.0,0.0,0.0,0.0,0.0,0.0,0.0,0.0,0.0
7,19873,OR,Beaver,8073,2,0,OP,CT,NG,68.3,0.083,49686,42948,EIA-923 Generator File,1974,,PGE,Portland General Electric Co,46.172401,-123.17392,Oregon,68.3,0.0,0.0,0.0,0.0,0.0,0.0,0.0,0.0,0.0
8,19874,OR,Beaver,8073,3,0,OP,CT,NG,68.3,0.117,70169,54603,EIA-923 Generator File,1974,,PGE,Portland General Electric Co,46.172401,-123.17392,Oregon,68.3,0.0,0.0,0.0,0.0,0.0,0.0,0.0,0.0,0.0
9,19875,OR,Beaver,8073,4,0,OP,CT,NG,68.3,0.1,60071,45193,EIA-923 Generator File,1974,,PGE,Portland General Electric Co,46.172401,-123.17392,Oregon,68.3,0.0,0.0,0.0,0.0,0.0,0.0,0.0,0.0,0.0
10,19876,OR,Beaver,8073,5,0,OP,CT,NG,68.3,0.052,31144,21758,EIA-923 Generator File,1974,,PGE,Portland General Electric Co,46.172401,-123.17392,Oregon,68.3,0.0,0.0,0.0,0.0,0.0,0.0,0.0,0.0,0.0
11,19877,OR,Beaver,8073,6,0,OP,CT,NG,68.3,0.113,67417,54893,EIA-923 Generator File,1974,,PGE,Portland General Electric Co,46.172401,-123.17392,Oregon,68.3,0.0,0.0,0.0,0.0,0.0,0.0,0.0,0.0,0.0
12,19878,OR,Beaver,8073,7,6,OP,CA,NG,176.4,0.078,119920,99753,EIA-923 Generator File,1977,,PGE,Portland General Electric Co,46.172401,-123.17392,Oregon,176.4,0.0,0.0,0.0,0.0,0.0,0.0,0.0,0.0,0.0
13,19879,OR,Beaver,8073,8,0,OP,GT,NG,24.5,,-15,-6,Data from EIA-923 Generator File overwritten with distributed data from EIA-923 Generation and Fuel,2001,,PGE,Portland General Electric Co,46.172401,-123.17392,Oregon,0.0,24.5,0.0,0.0,0.0,0.0,0.0,0.0,0.0,0.0
14,19880,OR,Bellevue Solar Project,57372,INV-1,0,OP,PV,SUN,1.6,0.123,1722,916,Distributed from 923 Generation And Fuel,2011,,PGE,Portland General Electric Co,45.112222,-123.234722,Oregon,0.0,0.0,0.0,0.0,0.0,1.6,0.0,0.0,0.0,0.0
15,19881,OR,Bend,6484,1,0,OP,HY,WAT,0.2,0.203,356,115.091,Distributed from 923 Generation And Fuel,1913,,PACW,PacifiCorp,44.062326,-121.313331,Oregon,0.0,0.0,0.0,0.0,0.0,0.0,0.0,0.2,0.0,0.0
16,19882,OR,Bend,6484,2,0,OP,HY,WAT,0.3,0.203,534,172.636,Distributed from 923 Generation And Fuel,1916,,PACW,PacifiCorp,44.062326,-121.313331,Oregon,0.0,0.0,0.0,0.0,0.0,0.0,0.0,0.3,0.0,0.0
17,19883,OR,Bend,6484,3,0,OP,HY,WAT,0.6,0.203,1068,345.273,Distributed from 923 Generation And Fuel,1917,,PACW,PacifiCorp,44.062326,-121.313331,Oregon,0.0,0.0,0.0,0.0,0.0,0.0,0.0,0.6,0.0,0.0
18,19885,OR,Big Cliff,3074,1,0,OP,HY,WAT,18,0.436,68800,22252,Distributed from 923 Generation And Fuel,1954,,BPAT,Bonneville Power Administration,44.7514,-122.2832,Oregon,0.0,0.0,0.0,0.0,0.0,0.0,0.0,18.0,0.0,0.0
19,19886,OR,Big Top LLC,56968,1,0,OP,WT,WND,1.7,0.262,3899,2042,Distributed from 923 Generation And Fuel,2009,,PACW,PacifiCorp,45.655,-119.4647,Oregon,0.0,0.0,0.0,0.0,1.7,0.0,0.0,0.0,0.0,0.0
20,19887,OR,Biglow Canyon Wind Farm,56485,1,0,OP,WT,WND,125.4,0.269,295062.826,176508.099,Distributed from 923 Generation And Fuel,2007,,BPAT,Bonneville Power Administration,45.653745,-120.603414,Oregon,0.0,0.0,0.0,0.0,125.4,0.0,0.0,0.0,0.0,0.0
21,19888,OR,Biglow Canyon Wind Farm,56485,2,0,OP,WT,WND,163.3,0.269,384240.506,229854.645,Distributed from 923 Generation And Fuel,2009,,BPAT,Bonneville Power Administration,45.653745,-120.603414,Oregon,0.0,0.0,0.0,0.0,163.3,0.0,0.0,0.0,0.0,0.0
22,19889,OR,Biglow Canyon Wind Farm,56485,3,0,OP,WT,WND,161,0.269,378828.668,226617.256,Distributed from 923 Generation And Fuel,2010,,BPAT,Bonneville Power Administration,45.653745,-120.603414,Oregon,0.0,0.0,0.0,0.0,161.0,0.0,0.0,0.0,0.0,0.0
23,19891,OR,Biomass One LP,10869,GE,2,OP,ST,WDS,15,0.67,87992,22632,EIA-923 Generator File,1985,,PACW,PacifiCorp,42.436111,-122.849958,Oregon,0.0,0.0,0.0,0.0,0.0,0.0,0.0,0.0,0.0,15.0
24,19892,OR,Biomass One LP,10869,GE-2,2,OP,ST,WDS,15,0.489,64275,14255,EIA-923 Generator File,2009,,PACW,PacifiCorp,42.436111,-122.849958,Oregon,0.0,0.0,0.0,0.0,0.0,0.0,0.0,0.0,0.0,15.0
25,19893,OR,Black Cap Solar Plant,58150,1,0,OP,PV,SUN,2,0.23,4021,2139,Distributed from 923 Generation And Fuel,2012,,PACW,PacifiCorp,42.17505,-120.362631,Oregon,0.0,0.0,0.0,0.0,0.0,2.0,0.0,0.0,0.0,0.0
26,19894,OR,Boardman,6106,1,1,OP,ST,SUB,642.2,0.338,1903052,1071539,EIA-923 Generator File,1980,2021,BPAT,Bonneville Power Administration,45.693182,-119.808819,Oregon,0.0,0.0,642.2,0.0,0.0,0.0,0.0,0.0,0.0,0.0
27,19895,OR,Bonneville,3075,1,0,OP,HY,WAT,53.5,0.454,212961.124,57556.654,Distributed from 923 Generation And Fuel,1938,,BPAT,Bonneville Power Administration,45.6441,-121.941009,Oregon,0.0,0.0,0.0,0.0,0.0,0.0,0.0,53.5,0.0,0.0
28,19896,OR,Bonneville,3075,10,0,OP,HY,WAT,62.1,0.454,247194.127,66808.751,Distributed from 923 Generation And Fuel,1944,,BPAT,Bonneville Power Administration,45.6441,-121.941009,Oregon,0.0,0.0,0.0,0.0,0.0,0.0,0.0,62.1,0.0,0.0
29,19897,OR,Bonneville,3075,11,0,OP,HY,WAT,66.5,0.454,264708.687,71542.383,Distributed from 923 Generation And Fuel,1982,,BPAT,Bonneville Power Administration,45.6441,-121.941009,Oregon,0.0,0.0,0.0,0.0,0.0,0.0,0.0,66.5,0.0,0.0
30,19899,OR,Bonneville,3075,13,0,OP,HY,WAT,66.5,0.454,264708.687,71542.383,Distributed from 923 Generation And Fuel,1982,,BPAT,Bonneville Power Administration,45.6441,-121.941009,Oregon,0.0,0.0,0.0,0.0,0.0,0.0,0.0,66.5,0.0,0.0
31,19900,OR,Bonneville,3075,14,0,OP,HY,WAT,66.5,0.454,264708.687,71542.383,Distributed from 923 Generation And Fuel,1982,,BPAT,Bonneville Power Administration,45.6441,-121.941009,Oregon,0.0,0.0,0.0,0.0,0.0,0.0,0.0,66.5,0.0,0.0
32,19901,OR,Bonneville,3075,15,0,OP,HY,WAT,66.5,0.454,264708.687,71542.383,Distributed from 923 Generation And Fuel,1982,,BPAT,Bonneville Power Administration,45.6441,-121.941009,Oregon,0.0,0.0,0.0,0.0,0.0,0.0,0.0,66.5,0.0,0.0
33,19902,OR,Bonneville,3075,16,0,OP,HY,WAT,66.5,0.454,264708.687,71542.383,Distributed from 923 Generation And Fuel,1981,,BPAT,Bonneville Power Administration,45.6441,-121.941009,Oregon,0.0,0.0,0.0,0.0,0.0,0.0,0.0,66.5,0.0,0.0
34,19903,OR,Bonneville,3075,17,0,OP,HY,WAT,66.5,0.454,264708.687,71542.383,Distributed from 923 Generation And Fuel,1981,,BPAT,Bonneville Power Administration,45.6441,-121.941009,Oregon,0.0,0.0,0.0,0.0,0.0,0.0,0.0,66.5,0.0,0.0
35,19904,OR,Bonneville,3075,18,0,OP,HY,WAT,66.5,0.454,264708.687,71542.383,Distributed from 923 Generation And Fuel,1981,,BPAT,Bonneville Power Administration,45.6441,-121.941009,Oregon,0.0,0.0,0.0,0.0,0.0,0.0,0.0,66.5,0.0,0.0
36,19905,OR,Bonneville,3075,2,0,OP,HY,WAT,53.5,0.454,212961.124,57556.654,Distributed from 923 Generation And Fuel,1938,,BPAT,Bonneville Power Administration,45.6441,-121.941009,Oregon,0.0,0.0,0.0,0.0,0.0,0.0,0.0,53.5,0.0,0.0
37,19906,OR,Bonneville,3075,3,0,OP,HY,WAT,62.1,0.454,247194.127,66808.751,Distributed from 923 Generation And Fuel,1941,,BPAT,Bonneville Power Administration,45.6441,-121.941009,Oregon,0.0,0.0,0.0,0.0,0.0,0.0,0.0,62.1,0.0,0.0
38,19907,OR,Bonneville,3075,4,0,OP,HY,WAT,62.1,0.454,247194.127,66808.751,Distributed from 923 Generation And Fuel,1941,,BPAT,Bonneville Power Administration,45.6441,-121.941009,Oregon,0.0,0.0,0.0,0.0,0.0,0.0,0.0,62.1,0.0,0.0
39,19908,OR,Bonneville,3075,5,0,OP,HY,WAT,62.1,0.454,247194.127,66808.751,Distributed from 923 Generation And Fuel,1941,,BPAT,Bonneville Power Administration,45.6441,-121.941009,Oregon,0.0,0.0,0.0,0.0,0.0,0.0,0.0,62.1,0.0,0.0
40,19909,OR,Bonneville,3075,6,0,OP,HY,WAT,62.1,0.454,247194.127,66808.751,Distributed from 923 Generation And Fuel,1942,,BPAT,Bonneville Power Administration,45.6441,-121.941009,Oregon,0.0,0.0,0.0,0.0,0.0,0.0,0.0,62.1,0.0,0.0
41,19912,OR,Bonneville,3075,9,0,OP,HY,WAT,62.1,0.454,247194.127,66808.751,Distributed from 923 Generation And Fuel,1943,,BPAT,Bonneville Power Administration,45.6441,-121.941009,Oregon,0.0,0.0,0.0,0.0,0.0,0.0,0.0,62.1,0.0,0.0
42,19913,OR,Bonneville,3075,F1,0,OP,HY,WAT,13.1,0.454,52145.621,14093.311,Distributed from 923 Generation And Fuel,1982,,BPAT,Bonneville Power Administration,45.6441,-121.941009,Oregon,0.0,0.0,0.0,0.0,0.0,0.0,0.0,13.1,0.0,0.0
43,19914,OR,Bonneville,3075,F2,0,OP,HY,WAT,13.1,0.454,52145.621,14093.311,Distributed from 923 Generation And Fuel,1981,,BPAT,Bonneville Power Administration,45.6441,-121.941009,Oregon,0.0,0.0,0.0,0.0,0.0,0.0,0.0,13.1,0.0,0.0
44,19919,OR,Butter Creek Power LLC,56967,1,0,OP,WT,WND,5,0.265,11626,6088,Distributed from 923 Generation And Fuel,2009,,PACW,PacifiCorp,45.7017,-119.4222,Oregon,0.0,0.0,0.0,0.0,5.0,0.0,0.0,0.0,0.0,0.0
45,19920,OR,Carmen Smith,3067,1,0,OP,HY,WAT,52.2,0.26,119061.669,38508.803,Distributed from 923 Generation And Fuel,1963,,BPAT,City of Eugene - (OR),44.285977,-122.041352,Oregon,0.0,0.0,0.0,0.0,0.0,0.0,0.0,52.2,0.0,0.0
46,19921,OR,Carmen Smith,3067,2,0,OP,HY,WAT,52.2,0.26,119061.669,38508.803,Distributed from 923 Generation And Fuel,1963,,BPAT,City of Eugene - (OR),44.285977,-122.041352,Oregon,0.0,0.0,0.0,0.0,0.0,0.0,0.0,52.2,0.0,0.0
47,19922,OR,Carmen Smith,3067,3,0,OP,HY,WAT,9.9,0.26,22580.661,7303.394,Distributed from 923 Generation And Fuel,1963,,BPAT,City of Eugene - (OR),44.285977,-122.041352,Oregon,0.0,0.0,0.0,0.0,0.0,0.0,0.0,9.9,0.0,0.0
48,19923,OR,Carty Generating Station,58503,GEN1,0,OP,CT,NG,300,0.322,846452,339189,EIA-923 Generator File,2016,,BPAT,Bonneville Power Administration,45.698611,-119.813056,Oregon,300.0,0.0,0.0,0.0,0.0,0.0,0.0,0.0,0.0,0.0
49,19924,OR,Carty Generating Station,58503,GEN2,1,OP,CA,NG,200,0.295,516330,222895,EIA-923 Generator File,2016,,BPAT,Bonneville Power Administration,45.698611,-119.813056,Oregon,200.0,0.0,0.0,0.0,0.0,0.0,0.0,0.0,0.0,0.0
50,19925,OR,C-Drop Hydro,58470,GEN1,0,OP,HY,WAT,1.1,0.263,2539,821,Distributed from 923 Generation And Fuel,2012,,PACW,PacifiCorp,42.165833,-121.685,Oregon,0.0,0.0,0.0,0.0,0.0,0.0,0.0,1.1,0.0,0.0
51,19926,OR,Chopin Wind LLC,59076,WT1,0,OP,WT,WND,10,0.11,9671,0,Distributed from 923 Generation And Fuel,2016,,PACW,PacifiCorp,45.88,-118.463333,Oregon,0.0,0.0,0.0,0.0,10.0,0.0,0.0,0.0,0.0,0.0
52,19927,OR,Clearwater 1,3020,1,0,OP,HY,WAT,15,0.308,40459,13086,Distributed from 923 Generation And Fuel,1953,,PACW,PacifiCorp,43.251244,-122.337924,Oregon,0.0,0.0,0.0,0.0,0.0,0.0,0.0,15.0,0.0,0.0
53,19928,OR,Clearwater 2,3021,1,0,OP,HY,WAT,26,0.2,45439,14697,Distributed from 923 Generation And Fuel,1953,,PACW,PacifiCorp,43.266894,-122.409807,Oregon,0.0,0.0,0.0,0.0,0.0,0.0,0.0,26.0,0.0,0.0
54,19930,OR,Coffin Butte,7725,1,0,OP,IC,LFG,0.8,0.913,6400.143,2624,Distributed from 923 Generation And Fuel,1995,,BPAT,Bonneville Power Administration,44.6969,-123.2234,Oregon,0.0,0.0,0.0,0.0,0.0,0.0,0.0,0.0,0.0,0.8
55,19931,OR,Coffin Butte,7725,2,0,OP,IC,LFG,0.8,0.913,6400.143,2624,Distributed from 923 Generation And Fuel,1995,,BPAT,Bonneville Power Administration,44.6969,-123.2234,Oregon,0.0,0.0,0.0,0.0,0.0,0.0,0.0,0.0,0.0,0.8
56,19932,OR,Coffin Butte,7725,3,0,OP,IC,LFG,0.8,0.913,6400.143,2624,Distributed from 923 Generation And Fuel,1995,,BPAT,Bonneville Power Administration,44.6969,-123.2234,Oregon,0.0,0.0,0.0,0.0,0.0,0.0,0.0,0.0,0.0,0.8
57,19933,OR,Coffin Butte,7725,4,0,OP,IC,LFG,1.6,0.913,12800.286,5248,Distributed from 923 Generation And Fuel,2007,,BPAT,Bonneville Power Administration,44.6969,-123.2234,Oregon,0.0,0.0,0.0,0.0,0.0,0.0,0.0,0.0,0.0,1.6
58,19934,OR,Coffin Butte,7725,5,0,OP,IC,LFG,1.6,0.913,12800.286,5248,Distributed from 923 Generation And Fuel,2007,,BPAT,Bonneville Power Administration,44.6969,-123.2234,Oregon,0.0,0.0,0.0,0.0,0.0,0.0,0.0,0.0,0.0,1.6
59,19937,OR,Combine Hills I,56195,001,0,OP,WT,WND,41,0.325,116764,45641,Distributed from 923 Generation And Fuel,2003,,PACW,PacifiCorp,45.943,-118.591,Oregon,0.0,0.0,0.0,0.0,41.0,0.0,0.0,0.0,0.0,0.0
60,19938,OR,Condon Windpower LLC,55739,GEN1,0,OP,WT,WND,24.6,0.222,47865.277,15172.964,Distributed from 923 Generation And Fuel,2001,,BPAT,Bonneville Power Administration,45.2766,-120.2794,Oregon,0.0,0.0,0.0,0.0,24.6,0.0,0.0,0.0,0.0,0.0
61,19939,OR,Condon Windpower LLC,55739,GEN2,0,OP,WT,WND,25.2,0.222,49032.723,15543.036,Distributed from 923 Generation And Fuel,2002,,BPAT,Bonneville Power Administration,45.2766,-120.2794,Oregon,0.0,0.0,0.0,0.0,25.2,0.0,0.0,0.0,0.0,0.0
62,19940,OR,Copper Dam Plant,10323,TURGO,0,OP,HY,WAT,2.6,0.678,15439,4994,Distributed from 923 Generation And Fuel,2015,,PACW,PacifiCorp,45.66523,-121.523761,Oregon,0.0,0.0,0.0,0.0,0.0,0.0,0.0,2.6,0.0,0.0
63,19943,OR,Cougar,3076,1,0,OP,HY,WAT,13,0.155,17700,5725,Distributed from 923 Generation And Fuel,1964,,BPAT,Bonneville Power Administration,44.1307,-122.2439,Oregon,0.0,0.0,0.0,0.0,0.0,0.0,0.0,13.0,0.0,0.0
64,19944,OR,Cougar,3076,2,0,OP,HY,WAT,13,0.155,17700,5725,Distributed from 923 Generation And Fuel,1964,,BPAT,Bonneville Power Administration,44.1307,-122.2439,Oregon,0.0,0.0,0.0,0.0,0.0,0.0,0.0,13.0,0.0,0.0
65,19945,OR,Covanta Marion Inc,50630,GEN1,2,OP,ST,MSW,13.1,0.731,83855,35089,EIA-923 Generator File,1986,,PGE,Portland General Electric Co,45.048467,-122.962761,Oregon,0.0,0.0,0.0,0.0,0.0,0.0,0.0,0.0,0.0,13.1
66,19946,OR,Coyote Springs,7350,1,0,OP,CT,NG,185.7,0.601,978192,447570,EIA-923 Generator File,1995,,BPAT,Bonneville Power Administration,45.847998,-119.67392,Oregon,185.7,0.0,0.0,0.0,0.0,0.0,0.0,0.0,0.0,0.0
67,19947,OR,Coyote Springs,7350,2,1,OP,CA,NG,80.6,0.675,476472,224682,EIA-923 Generator File,1995,,BPAT,Bonneville Power Administration,45.847998,-119.67392,Oregon,80.6,0.0,0.0,0.0,0.0,0.0,0.0,0.0,0.0,0.0
68,19948,OR,Coyote Springs II,7931,1,0,OP,CT,NG,170,0.749,1115657,470970,EIA-923 Generator File,2003,,BPAT,Avista Corp,45.848039,-119.673965,Oregon,170.0,0.0,0.0,0.0,0.0,0.0,0.0,0.0,0.0,0.0
69,19949,OR,Coyote Springs II,7931,2,1,OP,CA,NG,117,0.634,649749,280705,EIA-923 Generator File,2003,,BPAT,Avista Corp,45.848039,-119.673965,Oregon,117.0,0.0,0.0,0.0,0.0,0.0,0.0,0.0,0.0,0.0
70,19950,OR,Dalles Dam North Fishway Project,7431,1,0,OP,HY,WAT,6.5,0.747,42540,13759,Distributed from 923 Generation And Fuel,1991,,BPAT,PUD No 1 of Klickitat County,45.614375,-121.136885,Oregon,0.0,0.0,0.0,0.0,0.0,0.0,0.0,6.5,0.0,0.0
71,19951,OR,Detroit,3077,1,0,OP,HY,WAT,50,0.322,141100,45637,Distributed from 923 Generation And Fuel,1953,,BPAT,Bonneville Power Administration,44.7224,-122.2511,Oregon,0.0,0.0,0.0,0.0,0.0,0.0,0.0,50.0,0.0,0.0
72,19952,OR,Detroit,3077,2,0,OP,HY,WAT,50,0.322,141100,45637,Distributed from 923 Generation And Fuel,1953,,BPAT,Bonneville Power Administration,44.7224,-122.2511,Oregon,0.0,0.0,0.0,0.0,0.0,0.0,0.0,50.0,0.0,0.0
73,19953,OR,Dexter,3078,1,0,OP,HY,WAT,15,0.558,73300,23708,Distributed from 923 Generation And Fuel,1955,,BPAT,Bonneville Power Administration,43.9242,-122.8055,Oregon,0.0,0.0,0.0,0.0,0.0,0.0,0.0,15.0,0.0,0.0
74,19954,OR,Dillard Complex,50396,GEN1,3,OP,ST,WDS,5,0.662,29010,11376,EIA-923 Generator File,1955,,PACW,PacifiCorp,43.0895,-123.4156,Oregon,0.0,0.0,0.0,0.0,0.0,0.0,0.0,0.0,0.0,5.0
75,19955,OR,Dillard Complex,50396,GEN2,3,OP,ST,WDS,5,0.523,22886,8249,EIA-923 Generator File,1955,,PACW,PacifiCorp,43.0895,-123.4156,Oregon,0.0,0.0,0.0,0.0,0.0,0.0,0.0,0.0,0.0,5.0
76,19956,OR,Dillard Complex,50396,GEN3,3,OP,ST,WDS,7,0.35,21449,8344,EIA-923 Generator File,1955,,PACW,PacifiCorp,43.0895,-123.4156,Oregon,0.0,0.0,0.0,0.0,0.0,0.0,0.0,0.0,0.0,7.0
77,19957,OR,Dillard Complex,50396,GEN4,3,OP,ST,WDS,11.5,0.346,34864,16375,EIA-923 Generator File,1955,,PACW,PacifiCorp,43.0895,-123.4156,Oregon,0.0,0.0,0.0,0.0,0.0,0.0,0.0,0.0,0.0,11.5
78,19958,OR,Dillard Complex,50396,GEN5,3,OP,ST,WDS,11.5,0.305,30763,10895,EIA-923 Generator File,1955,,PACW,PacifiCorp,43.0895,-123.4156,Oregon,0.0,0.0,0.0,0.0,0.0,0.0,0.0,0.0,0.0,11.5
79,19960,OR,Dorena Hydro-Electric Facility,59357,FRNCS,0,OP,HY,WAT,1.4,0.17,2084.32,674.24,Distributed from 923 Generation And Fuel,2014,,PACW,PacifiCorp,43.786667,-122.958056,Oregon,0.0,0.0,0.0,0.0,0.0,0.0,0.0,1.4,0.0,0.0
80,19961,OR,Dorena Hydro-Electric Facility,59357,KAPLN,0,OP,HY,WAT,6.1,0.17,9081.68,2937.76,Distributed from 923 Generation And Fuel,2014,,PACW,PacifiCorp,43.786667,-122.958056,Oregon,0.0,0.0,0.0,0.0,0.0,0.0,0.0,6.1,0.0,0.0
81,19962,OR,Dry Creek LFG to Energy Project,56461,DC1,0,OP,IC,LFG,1.6,0.769,10780,4420,Distributed from 923 Generation And Fuel,2007,,PACW,PacifiCorp,42.3844,-122.7718,Oregon,0.0,0.0,0.0,0.0,0.0,0.0,0.0,0.0,0.0,1.6
82,19963,OR,Dry Creek LFG to Energy Project,56461,DC2,0,OP,IC,LFG,1.6,0.769,10780,4420,Distributed from 923 Generation And Fuel,2007,,PACW,PacifiCorp,42.3844,-122.7718,Oregon,0.0,0.0,0.0,0.0,0.0,0.0,0.0,0.0,0.0,1.6
83,19965,OR,Durham AWTF,60263,GEN1,0,OP,IC,OBG,0.8,0.765,5362.5,2198.5,Distributed from 923 Generation And Fuel,2015,,PGE,Portland General Electric Co,45.400524,-122.765822,Oregon,0.0,0.0,0.0,0.0,0.0,0.0,0.0,0.0,0.0,0.8
84,19966,OR,Durham AWTF,60263,GEN2,0,OP,IC,OBG,0.8,0.765,5362.5,2198.5,Distributed from 923 Generation And Fuel,2015,,PGE,Portland General Electric Co,45.400524,-122.765822,Oregon,0.0,0.0,0.0,0.0,0.0,0.0,0.0,0.0,0.0,0.8
85,19967,OR,Eagle Point,3024,1,0,OP,HY,WAT,2.8,0.755,18526,5992,Distributed from 923 Generation And Fuel,1957,,PACW,PacifiCorp,42.514575,-122.757062,Oregon,0.0,0.0,0.0,0.0,0.0,0.0,0.0,2.8,0.0,0.0
86,19968,OR,East Side,3025,1,0,OP,HY,WAT,3.2,0,0,0,Distributed from 923 Generation And Fuel,1924,,PACW,PacifiCorp,42.224847,-121.795496,Oregon,0.0,0.0,0.0,0.0,0.0,0.0,0.0,3.2,0.0,0.0
87,19969,OR,Elkhorn Valley Wind Farm,56623,EH1,0,OP,WT,WND,100.7,0.375,331119,128257,Distributed from 923 Generation And Fuel,2007,,IPCO,Idaho Power Co,45.085221,-117.816273,Oregon,0.0,0.0,0.0,0.0,100.7,0.0,0.0,0.0,0.0,0.0
88,19970,OR,Eurus Combine Hills Turbine Ranch 2,57137,1,0,OP,WT,WND,63,0.314,173247,68873,Distributed from 923 Generation And Fuel,2010,,BPAT,Bonneville Power Administration,45.943,-118.591,Oregon,0.0,0.0,0.0,0.0,63.0,0.0,0.0,0.0,0.0,0.0
89,19971,OR,Evergreen BioPower LLC,56781,1,1,OP,ST,WDS,21,0.263,48384.903,24505,EIA-923 Generator File,2007,,PACW,PacifiCorp,44.770792,-122.611974,Oregon,0.0,0.0,0.0,0.0,0.0,0.0,0.0,0.0,0.0,21.0
90,19972,OR,Falls Creek,52187,GE-1,0,OP,HY,WAT,4.1,0.494,17739,5737,Distributed from 923 Generation And Fuel,1984,,PACW,PacifiCorp,44.396815,-122.350246,Oregon,0.0,0.0,0.0,0.0,0.0,0.0,0.0,4.1,0.0,0.0
91,19973,OR,Faraday,3045,1,0,OP,HY,WAT,3.1,0.494,13417.749,4339.831,Distributed from 923 Generation And Fuel,1907,,PGE,Portland General Electric Co,45.268045,-122.32009,Oregon,0.0,0.0,0.0,0.0,0.0,0.0,0.0,3.1,0.0,0.0
92,19974,OR,Faraday,3045,2,0,OP,HY,WAT,3.1,0.494,13417.749,4339.831,Distributed from 923 Generation And Fuel,1907,,PGE,Portland General Electric Co,45.268045,-122.32009,Oregon,0.0,0.0,0.0,0.0,0.0,0.0,0.0,3.1,0.0,0.0
93,19975,OR,Faraday,3045,3,0,OP,HY,WAT,2.7,0.494,11686.426,3779.852,Distributed from 923 Generation And Fuel,1908,,PGE,Portland General Electric Co,45.268045,-122.32009,Oregon,0.0,0.0,0.0,0.0,0.0,0.0,0.0,2.7,0.0,0.0
94,19976,OR,Faraday,3045,4,0,OP,HY,WAT,4.5,0.494,19477.377,6299.754,Distributed from 923 Generation And Fuel,1909,,PGE,Portland General Electric Co,45.268045,-122.32009,Oregon,0.0,0.0,0.0,0.0,0.0,0.0,0.0,4.5,0.0,0.0
95,19977,OR,Faraday,3045,5,0,OP,HY,WAT,4,0.494,17313.224,5599.781,Distributed from 923 Generation And Fuel,1910,,PGE,Portland General Electric Co,45.268045,-122.32009,Oregon,0.0,0.0,0.0,0.0,0.0,0.0,0.0,4.0,0.0,0.0
96,19978,OR,Faraday,3045,6,0,OP,HY,WAT,19.2,0.494,83103.475,26878.951,Distributed from 923 Generation And Fuel,1958,,PGE,Portland General Electric Co,45.268045,-122.32009,Oregon,0.0,0.0,0.0,0.0,0.0,0.0,0.0,19.2,0.0,0.0
97,19979,OR,Finley Buttes Landfill Gas,58687,GEN1,0,OP,IC,LFG,1.6,0.664,9303.333,3814.333,Distributed from 923 Generation And Fuel,2007,,BPAT,Umatilla Electric Coop Assn,45.69,-119.61,Oregon,0.0,0.0,0.0,0.0,0.0,0.0,0.0,0.0,0.0,1.6
98,19980,OR,Finley Buttes Landfill Gas,58687,GEN2,0,OP,IC,LFG,1.6,0.664,9303.333,3814.333,Distributed from 923 Generation And Fuel,2007,,BPAT,Umatilla Electric Coop Assn,45.69,-119.61,Oregon,0.0,0.0,0.0,0.0,0.0,0.0,0.0,0.0,0.0,1.6
99,19981,OR,Finley Buttes Landfill Gas,58687,GEN3,0,OP,IC,LFG,1.6,0.664,9303.333,3814.333,Distributed from 923 Generation And Fuel,2007,,BPAT,Umatilla Electric Coop Assn,45.69,-119.61,Oregon,0.0,0.0,0.0,0.0,0.0,0.0,0.0,0.0,0.0,1.6
100,19982,OR,Fish Creek,3026,1,0,OP,HY,WAT,11,0.362,34839,11268,Distributed from 923 Generation And Fuel,1952,,PACW,PacifiCorp,43.274221,-122.448978,Oregon,0.0,0.0,0.0,0.0,0.0,0.0,0.0,11.0,0.0,0.0
101,19983,OR,Foster,6552,1,0,OP,HY,WAT,10,0.434,38050,12307,Distributed from 923 Generation And Fuel,1968,,BPAT,Bonneville Power Administration,44.4146,-122.6712,Oregon,0.0,0.0,0.0,0.0,0.0,0.0,0.0,10.0,0.0,0.0
102,19984,OR,Foster,6552,2,0,OP,HY,WAT,10,0.434,38050,12307,Distributed from 923 Generation And Fuel,1968,,BPAT,Bonneville Power Administration,44.4146,-122.6712,Oregon,0.0,0.0,0.0,0.0,0.0,0.0,0.0,10.0,0.0,0.0
103,19985,OR,Four Corners Windfarm LLC,56969,1,0,OP,WT,WND,10,0.32,28062,14696,Distributed from 923 Generation And Fuel,2009,,PACW,PacifiCorp,45.7286,-119.4181,Oregon,0.0,0.0,0.0,0.0,10.0,0.0,0.0,0.0,0.0,0.0
104,19986,OR,Four Mile Canyon Windfarm LLC,56970,1,0,OP,WT,WND,10,0.288,25264,13230,Distributed from 923 Generation And Fuel,2009,,PACW,PacifiCorp,45.6447,-119.4533,Oregon,0.0,0.0,0.0,0.0,10.0,0.0,0.0,0.0,0.0,0.0
105,19987,OR,FPL Energy Vansycle LLC (OR),55989,V-47,0,OP,WT,WND,122.8,0.265,284876,115124,Distributed from 923 Generation And Fuel,2001,,BPAT,Bonneville Power Administration,46.01279,-118.816246,Oregon,0.0,0.0,0.0,0.0,122.8,0.0,0.0,0.0,0.0,0.0
106,19989,OR,Galesville Project,50938,GV1,0,OP,HY,WAT,0.8,0.517,3620,1171,Distributed from 923 Generation And Fuel,1987,,PACW,PacifiCorp,42.8489,-123.1778,Oregon,0.0,0.0,0.0,0.0,0.0,0.0,0.0,0.8,0.0,0.0
107,19990,OR,Galesville Project,50938,GV2,0,OP,HY,WAT,0.8,0.517,3620,1171,Distributed from 923 Generation And Fuel,1987,,PACW,PacifiCorp,42.8489,-123.1778,Oregon,0.0,0.0,0.0,0.0,0.0,0.0,0.0,0.8,0.0,0.0
108,19992,OR,Georgia-Pacific Toledo Mill,58109,TG2,4,OP,ST,BLQ,18.8,0.288,47429.217,24407,EIA-923 Generator File,2007,,BPAT,Central Lincoln People's Ut Dt,44.611944,-123.931944,Oregon,0.0,0.0,0.0,0.0,0.0,0.0,0.0,0.0,0.0,18.8
109,19993,OR,Georgia-Pacific Wauna Mill,56192,1,3,OP,ST,BLQ,36,0.464,146226,48680,EIA-923 Generator File,1996,,BPAT,Bonneville Power Administration,46.153955,-123.40658,Oregon,0.0,0.0,0.0,0.0,0.0,0.0,0.0,0.0,0.0,36.0
110,19994,OR,Green Peter,3080,1,0,OP,HY,WAT,40,0.308,107950,34915,Distributed from 923 Generation And Fuel,1967,,BPAT,Bonneville Power Administration,44.4494,-122.5494,Oregon,0.0,0.0,0.0,0.0,0.0,0.0,0.0,40.0,0.0,0.0
111,19995,OR,Green Peter,3080,2,0,OP,HY,WAT,40,0.308,107950,34915,Distributed from 923 Generation And Fuel,1967,,BPAT,Bonneville Power Administration,44.4494,-122.5494,Oregon,0.0,0.0,0.0,0.0,0.0,0.0,0.0,40.0,0.0,0.0
112,19996,OR,Green Springs,6403,1,0,OP,HY,WAT,17.2,0.347,52255,16901,Distributed from 923 Generation And Fuel,1960,,BPAT,Bonneville Power Administration,42.121168,-122.547896,Oregon,0.0,0.0,0.0,0.0,0.0,0.0,0.0,17.2,0.0,0.0
113,20003,OR,"Grove Solar Center, LLC",60330,GSC1,0,OP,PV,SUN,6,0.018,947,306,Distributed from 923 Generation And Fuel,2016,,IPCO,Idaho Power Co,43.936687,-117.381214,Oregon,0.0,0.0,0.0,0.0,0.0,6.0,0.0,0.0,0.0,0.0
114,20004,OR,Hay Canyon Wind Power LLC,56790,1,0,OP,WT,WND,100.8,0.233,206106,108132,Distributed from 923 Generation And Fuel,2009,,BPAT,Bonneville Power Administration,45.52,-120.5744,Oregon,0.0,0.0,0.0,0.0,100.8,0.0,0.0,0.0,0.0,0.0
115,20005,OR,Hells Canyon,3013,1,0,OP,HY,WAT,130.5,0.523,597572.667,227940,Distributed from 923 Generation And Fuel,1967,,IPCO,Idaho Power Co,45.2439,-116.7008,Oregon,0.0,0.0,0.0,0.0,0.0,0.0,0.0,130.5,0.0,0.0
116,20006,OR,Hells Canyon,3013,2,0,OP,HY,WAT,130.5,0.523,597572.667,227940,Distributed from 923 Generation And Fuel,1967,,IPCO,Idaho Power Co,45.2439,-116.7008,Oregon,0.0,0.0,0.0,0.0,0.0,0.0,0.0,130.5,0.0,0.0
117,20007,OR,Hells Canyon,3013,3,0,OP,HY,WAT,130.5,0.523,597572.667,227940,Distributed from 923 Generation And Fuel,1967,,IPCO,Idaho Power Co,45.2439,-116.7008,Oregon,0.0,0.0,0.0,0.0,0.0,0.0,0.0,130.5,0.0,0.0
118,20008,OR,Hermiston Generating Plant,54761,GEN1,1,OP,CA,NG,106.1,0.352,327009,134159,EIA-923 Generator File,1996,,PACW,Bonneville Power Administration,45.8042,-119.37,Oregon,106.1,0.0,0.0,0.0,0.0,0.0,0.0,0.0,0.0,0.0
119,20009,OR,Hermiston Generating Plant,54761,GEN2,0,OP,CT,NG,204.5,0.334,598436,236975,EIA-923 Generator File,1996,,PACW,Bonneville Power Administration,45.8042,-119.37,Oregon,204.5,0.0,0.0,0.0,0.0,0.0,0.0,0.0,0.0,0.0
120,20010,OR,Hermiston Generating Plant,54761,GEN3,1,OP,CA,NG,106.1,0.396,368025,109700,EIA-923 Generator File,1996,,PACW,Bonneville Power Administration,45.8042,-119.37,Oregon,106.1,0.0,0.0,0.0,0.0,0.0,0.0,0.0,0.0,0.0
121,20011,OR,Hermiston Generating Plant,54761,GEN4,0,OP,CT,NG,204.5,0.37,662791,205546,EIA-923 Generator File,1996,,PACW,Bonneville Power Administration,45.8042,-119.37,Oregon,204.5,0.0,0.0,0.0,0.0,0.0,0.0,0.0,0.0,0.0
122,20012,OR,Hermiston Power Partnership,55328,CTG1,0,OP,CT,NG,212.5,0.534,994245,456318,EIA-923 Generator File,2002,,CSTO,Bonneville Power Administration,45.794046,-119.313323,Oregon,212.5,0.0,0.0,0.0,0.0,0.0,0.0,0.0,0.0,0.0
123,20013,OR,Hermiston Power Partnership,55328,CTG2,0,OP,CT,NG,212.5,0.53,987380,456026,EIA-923 Generator File,2002,,CSTO,Bonneville Power Administration,45.794046,-119.313323,Oregon,212.5,0.0,0.0,0.0,0.0,0.0,0.0,0.0,0.0,0.0
124,20014,OR,Hermiston Power Partnership,55328,STG1,2,OP,CA,NG,264.4,0.517,1198109,578744,EIA-923 Generator File,2002,,CSTO,Bonneville Power Administration,45.794046,-119.313323,Oregon,264.4,0.0,0.0,0.0,0.0,0.0,0.0,0.0,0.0,0.0
125,20015,OR,Hills Creek,3081,1,0,OP,HY,WAT,15,0.367,48250,15606,Distributed from 923 Generation And Fuel,1962,,BPAT,Bonneville Power Administration,43.7107,-122.4238,Oregon,0.0,0.0,0.0,0.0,0.0,0.0,0.0,15.0,0.0,0.0
126,20016,OR,Hills Creek,3081,2,0,OP,HY,WAT,15,0.367,48250,15606,Distributed from 923 Generation And Fuel,1962,,BPAT,Bonneville Power Administration,43.7107,-122.4238,Oregon,0.0,0.0,0.0,0.0,0.0,0.0,0.0,15.0,0.0,0.0
127,20017,OR,Horseshoe Bend Wind LLC,57550,HORSE,0,OP,WT,WND,290,0.241,612344,335426,Distributed from 923 Generation And Fuel,2012,,BPAT,Bonneville Power Administration,45.58555,-120.008249,Oregon,0.0,0.0,0.0,0.0,290.0,0.0,0.0,0.0,0.0,0.0
128,20018,OR,"Hyline Solar Center, LLC",60331,HSC1,0,OP,PV,SUN,9,0.008,645,0,Distributed from 923 Generation And Fuel,2016,,IPCO,Idaho Power Co,44.151256,-117.000071,Oregon,0.0,0.0,0.0,0.0,0.0,9.0,0.0,0.0,0.0,0.0
129,20022,OR,IP Springfield Oregon,50191,TG4,3,OP,ST,BLQ,40,0.222,77787,32993,EIA-923 Generator File,1976,,BPAT,City of Eugene - (OR),44.0569,-122.9555,Oregon,0.0,0.0,0.0,0.0,0.0,0.0,0.0,0.0,0.0,40.0
130,20023,OR,"JC-Biomethane, LLC",59704,JCBIO,0,OP,GT,OBG,1.6,0.489,6858,2812,Distributed from 923 Generation And Fuel,2011,,BPAT,Blachly-Lane County Coop El Assn,44.183526,-123.200454,Oregon,0.0,0.0,0.0,0.0,0.0,0.0,0.0,0.0,0.0,1.6
131,20025,OR,John C Boyle,3028,1,0,OP,HY,WAT,50.3,0.248,109455.246,35402.129,Distributed from 923 Generation And Fuel,1958,,PACW,PacifiCorp,42.093611,-122.0703,Oregon,0.0,0.0,0.0,0.0,0.0,0.0,0.0,50.3,0.0,0.0
132,20026,OR,John C Boyle,3028,2,0,OP,HY,WAT,48.4,0.248,105320.754,34064.871,Distributed from 923 Generation And Fuel,1958,,PACW,PacifiCorp,42.093611,-122.0703,Oregon,0.0,0.0,0.0,0.0,0.0,0.0,0.0,48.4,0.0,0.0
133,20027,OR,John Day,3082,1,0,OP,HY,WAT,135,0.485,573238.25,195608.688,Distributed from 923 Generation And Fuel,1968,,BPAT,Bonneville Power Administration,45.71644,-120.69408,Oregon,0.0,0.0,0.0,0.0,0.0,0.0,0.0,135.0,0.0,0.0
134,20028,OR,John Day,3082,10,0,OP,HY,WAT,135,0.485,573238.25,195608.688,Distributed from 923 Generation And Fuel,1969,,BPAT,Bonneville Power Administration,45.71644,-120.69408,Oregon,0.0,0.0,0.0,0.0,0.0,0.0,0.0,135.0,0.0,0.0
135,20029,OR,John Day,3082,11,0,OP,HY,WAT,135,0.485,573238.25,195608.688,Distributed from 923 Generation And Fuel,1970,,BPAT,Bonneville Power Administration,45.71644,-120.69408,Oregon,0.0,0.0,0.0,0.0,0.0,0.0,0.0,135.0,0.0,0.0
136,20030,OR,John Day,3082,12,0,OP,HY,WAT,135,0.485,573238.25,195608.688,Distributed from 923 Generation And Fuel,1970,,BPAT,Bonneville Power Administration,45.71644,-120.69408,Oregon,0.0,0.0,0.0,0.0,0.0,0.0,0.0,135.0,0.0,0.0
137,20031,OR,John Day,3082,13,0,OP,HY,WAT,135,0.485,573238.25,195608.688,Distributed from 923 Generation And Fuel,1970,,BPAT,Bonneville Power Administration,45.71644,-120.69408,Oregon,0.0,0.0,0.0,0.0,0.0,0.0,0.0,135.0,0.0,0.0
138,20032,OR,John Day,3082,14,0,OP,HY,WAT,135,0.485,573238.25,195608.688,Distributed from 923 Generation And Fuel,1971,,BPAT,Bonneville Power Administration,45.71644,-120.69408,Oregon,0.0,0.0,0.0,0.0,0.0,0.0,0.0,135.0,0.0,0.0
139,20033,OR,John Day,3082,15,0,OP,HY,WAT,135,0.485,573238.25,195608.688,Distributed from 923 Generation And Fuel,1971,,BPAT,Bonneville Power Administration,45.71644,-120.69408,Oregon,0.0,0.0,0.0,0.0,0.0,0.0,0.0,135.0,0.0,0.0
140,20034,OR,John Day,3082,16,0,OP,HY,WAT,135,0.485,573238.25,195608.688,Distributed from 923 Generation And Fuel,1971,,BPAT,Bonneville Power Administration,45.71644,-120.69408,Oregon,0.0,0.0,0.0,0.0,0.0,0.0,0.0,135.0,0.0,0.0
141,20035,OR,John Day,3082,2,0,OP,HY,WAT,135,0.485,573238.25,195608.688,Distributed from 923 Generation And Fuel,1968,,BPAT,Bonneville Power Administration,45.71644,-120.69408,Oregon,0.0,0.0,0.0,0.0,0.0,0.0,0.0,135.0,0.0,0.0
142,20037,OR,John Day,3082,4,0,OP,HY,WAT,135,0.485,573238.25,195608.688,Distributed from 923 Generation And Fuel,1968,,BPAT,Bonneville Power Administration,45.71644,-120.69408,Oregon,0.0,0.0,0.0,0.0,0.0,0.0,0.0,135.0,0.0,0.0
143,20038,OR,John Day,3082,5,0,OP,HY,WAT,135,0.485,573238.25,195608.688,Distributed from 923 Generation And Fuel,1969,,BPAT,Bonneville Power Administration,45.71644,-120.69408,Oregon,0.0,0.0,0.0,0.0,0.0,0.0,0.0,135.0,0.0,0.0
144,20040,OR,John Day,3082,7,0,OP,HY,WAT,135,0.485,573238.25,195608.688,Distributed from 923 Generation And Fuel,1969,,BPAT,Bonneville Power Administration,45.71644,-120.69408,Oregon,0.0,0.0,0.0,0.0,0.0,0.0,0.0,135.0,0.0,0.0
145,20041,OR,John Day,3082,8,0,OP,HY,WAT,135,0.485,573238.25,195608.688,Distributed from 923 Generation And Fuel,1969,,BPAT,Bonneville Power Administration,45.71644,-120.69408,Oregon,0.0,0.0,0.0,0.0,0.0,0.0,0.0,135.0,0.0,0.0
146,20042,OR,John Day,3082,9,0,OP,HY,WAT,135,0.485,573238.25,195608.688,Distributed from 923 Generation And Fuel,1969,,BPAT,Bonneville Power Administration,45.71644,-120.69408,Oregon,0.0,0.0,0.0,0.0,0.0,0.0,0.0,135.0,0.0,0.0
147,20043,OR,Juniper Ridge Hydroelectric Project,57437,21-01,0,OP,HY,WAT,5,0.3,13125,4245,Distributed from 923 Generation And Fuel,2010,,PACW,PacifiCorp,44.142698,-121.269747,Oregon,0.0,0.0,0.0,0.0,0.0,0.0,0.0,5.0,0.0,0.0
148,20044,OR,Klamath Cogeneration Plant,55103,CT1,0,OP,CT,NG,161.5,0.606,857254.96,350789,EIA-923 Generator File,2001,,PACW,Bonneville Power Administration,42.173889,-121.810556,Oregon,161.5,0.0,0.0,0.0,0.0,0.0,0.0,0.0,0.0,0.0
149,20045,OR,Klamath Cogeneration Plant,55103,CT2,0,OP,CT,NG,161.5,0.506,715659.21,317470,EIA-923 Generator File,2001,,PACW,Bonneville Power Administration,42.173889,-121.810556,Oregon,161.5,0.0,0.0,0.0,0.0,0.0,0.0,0.0,0.0,0.0
150,20046,OR,Klamath Cogeneration Plant,55103,ST1,2,OP,CA,NG,178.5,0.547,854704.83,375461,EIA-923 Generator File,2001,,PACW,Bonneville Power Administration,42.173889,-121.810556,Oregon,178.5,0.0,0.0,0.0,0.0,0.0,0.0,0.0,0.0,0.0
151,20047,OR,Klamath Expansion Project,55544,GT1,0,OP,GT,NG,29.4,0.047,12150.75,5537,Distributed from 923 Generation And Fuel,2002,,PACW,PacifiCorp,42.172718,-121.814393,Oregon,0.0,29.4,0.0,0.0,0.0,0.0,0.0,0.0,0.0,0.0
152,20048,OR,Klamath Expansion Project,55544,GT2,0,OP,GT,NG,29.4,0.047,12150.75,5537,Distributed from 923 Generation And Fuel,2002,,PACW,PacifiCorp,42.172718,-121.814393,Oregon,0.0,29.4,0.0,0.0,0.0,0.0,0.0,0.0,0.0,0.0
153,20049,OR,Klamath Expansion Project,55544,GT3,0,OP,GT,NG,29.4,0.047,12150.75,5537,Distributed from 923 Generation And Fuel,2002,,PACW,PacifiCorp,42.172718,-121.814393,Oregon,0.0,29.4,0.0,0.0,0.0,0.0,0.0,0.0,0.0,0.0
154,20050,OR,Klamath Expansion Project,55544,GT4,0,OP,GT,NG,29.4,0.047,12150.75,5537,Distributed from 923 Generation And Fuel,2002,,PACW,PacifiCorp,42.172718,-121.814393,Oregon,0.0,29.4,0.0,0.0,0.0,0.0,0.0,0.0,0.0,0.0
155,20052,OR,Klondike Wind Power,55871,Ph 1,0,OP,WT,WND,24.5,0.234,50129,26252,Distributed from 923 Generation And Fuel,2002,,BPAT,Bonneville Power Administration,45.5563,-120.5507,Oregon,0.0,0.0,0.0,0.0,24.5,0.0,0.0,0.0,0.0,0.0
156,20053,OR,Klondike Windpower II,56359,PH2,0,OP,WT,WND,75,0.319,209298,122627,Distributed from 923 Generation And Fuel,2005,,BPAT,Bonneville Power Administration,45.571,-120.593,Oregon,0.0,0.0,0.0,0.0,75.0,0.0,0.0,0.0,0.0,0.0
157,20054,OR,Klondike Windpower III,56468,1,0,OP,WT,WND,221,0.291,563974.171,324202.171,Distributed from 923 Generation And Fuel,2007,,BPAT,Bonneville Power Administration,45.5836,-120.5042,Oregon,0.0,0.0,0.0,0.0,221.0,0.0,0.0,0.0,0.0,0.0
158,20055,OR,Klondike Windpower III,56468,2,0,OP,WT,WND,76.5,0.291,195221.829,112223.829,Distributed from 923 Generation And Fuel,2008,,BPAT,Bonneville Power Administration,45.5836,-120.5042,Oregon,0.0,0.0,0.0,0.0,76.5,0.0,0.0,0.0,0.0,0.0
159,20056,OR,Lacomb Irrigation District,52155,GEN1,0,OP,HY,WAT,1,0.576,5048,1633,Distributed from 923 Generation And Fuel,1986,,PACW,PacifiCorp,44.597518,-122.685441,Oregon,0.0,0.0,0.0,0.0,0.0,0.0,0.0,1.0,0.0,0.0
160,20058,OR,Leaburg,3068,1,0,OP,HY,WAT,8.4,0.594,43687.396,14129.962,Distributed from 923 Generation And Fuel,1930,,BPAT,City of Eugene - (OR),44.1011,-122.6892,Oregon,0.0,0.0,0.0,0.0,0.0,0.0,0.0,8.4,0.0,0.0
161,20059,OR,Leaburg,3068,2,0,OP,HY,WAT,7.5,0.594,39006.604,12616.038,Distributed from 923 Generation And Fuel,1950,,BPAT,City of Eugene - (OR),44.1011,-122.6892,Oregon,0.0,0.0,0.0,0.0,0.0,0.0,0.0,7.5,0.0,0.0
162,20060,OR,Leaning Juniper,56360,1,0,OP,WT,WND,100.5,0.23,202614,107770,Distributed from 923 Generation And Fuel,2006,,PACW,PacifiCorp,45.652457,-120.209783,Oregon,0.0,0.0,0.0,0.0,100.5,0.0,0.0,0.0,0.0,0.0
163,20061,OR,Leaning Juniper Wind Power II,57333,1,0,OP,WT,WND,201,0.22,387149,211544,Distributed from 923 Generation And Fuel,2011,,BPAT,Bonneville Power Administration,45.651,-120.2598,Oregon,0.0,0.0,0.0,0.0,201.0,0.0,0.0,0.0,0.0,0.0
164,20062,OR,Lemolo 1,3029,1,0,OP,HY,WAT,32,0.478,134067,43362,Distributed from 923 Generation And Fuel,1955,,PACW,PacifiCorp,43.3558,-122.2494,Oregon,0.0,0.0,0.0,0.0,0.0,0.0,0.0,32.0,0.0,0.0
165,20063,OR,Lemolo 2,6421,1,0,OP,HY,WAT,38.5,0.435,146665,47437,Distributed from 923 Generation And Fuel,1956,,PACW,PacifiCorp,43.280611,-122.40248,Oregon,0.0,0.0,0.0,0.0,0.0,0.0,0.0,38.5,0.0,0.0
166,20064,OR,Lime Wind,57803,T1-6,0,OP,WT,WND,3,0.223,5867,3072,Distributed from 923 Generation And Fuel,2011,,IPCO,Idaho Power Co,44.396944,-117.271944,Oregon,0.0,0.0,0.0,0.0,3.0,0.0,0.0,0.0,0.0,0.0
167,20065,OR,Lookout Point,3083,1,0,OP,HY,WAT,40,0.32,111966.667,36214.333,Distributed from 923 Generation And Fuel,1955,,BPAT,Bonneville Power Administration,43.9153,-122.7531,Oregon,0.0,0.0,0.0,0.0,0.0,0.0,0.0,40.0,0.0,0.0
168,20066,OR,Lookout Point,3083,2,0,OP,HY,WAT,40,0.32,111966.667,36214.333,Distributed from 923 Generation And Fuel,1955,,BPAT,Bonneville Power Administration,43.9153,-122.7531,Oregon,0.0,0.0,0.0,0.0,0.0,0.0,0.0,40.0,0.0,0.0
169,20067,OR,Lookout Point,3083,3,0,OP,HY,WAT,40,0.32,111966.667,36214.333,Distributed from 923 Generation And Fuel,1955,,BPAT,Bonneville Power Administration,43.9153,-122.7531,Oregon,0.0,0.0,0.0,0.0,0.0,0.0,0.0,40.0,0.0,0.0
170,20070,OR,McNary,3084,1,0,OP,HY,WAT,70,0.649,397712.58,129656.82,Distributed from 923 Generation And Fuel,1953,,BPAT,Bonneville Power Administration,45.9402,-119.2988,Oregon,0.0,0.0,0.0,0.0,0.0,0.0,0.0,70.0,0.0,0.0
171,20071,OR,McNary,3084,10,0,OP,HY,WAT,70,0.649,397712.58,129656.82,Distributed from 923 Generation And Fuel,1955,,BPAT,Bonneville Power Administration,45.9402,-119.2988,Oregon,0.0,0.0,0.0,0.0,0.0,0.0,0.0,70.0,0.0,0.0
172,20072,OR,McNary,3084,11,0,OP,HY,WAT,70,0.649,397712.58,129656.82,Distributed from 923 Generation And Fuel,1956,,BPAT,Bonneville Power Administration,45.9402,-119.2988,Oregon,0.0,0.0,0.0,0.0,0.0,0.0,0.0,70.0,0.0,0.0
173,20073,OR,McNary,3084,12,0,OP,HY,WAT,70,0.649,397712.58,129656.82,Distributed from 923 Generation And Fuel,1956,,BPAT,Bonneville Power Administration,45.9402,-119.2988,Oregon,0.0,0.0,0.0,0.0,0.0,0.0,0.0,70.0,0.0,0.0
174,20075,OR,McNary,3084,14,0,OP,HY,WAT,80.5,0.649,457369.466,149105.343,Distributed from 923 Generation And Fuel,1957,,BPAT,Bonneville Power Administration,45.9402,-119.2988,Oregon,0.0,0.0,0.0,0.0,0.0,0.0,0.0,80.5,0.0,0.0
175,20076,OR,McNary,3084,2,0,OP,HY,WAT,70,0.649,397712.58,129656.82,Distributed from 923 Generation And Fuel,1954,,BPAT,Bonneville Power Administration,45.9402,-119.2988,Oregon,0.0,0.0,0.0,0.0,0.0,0.0,0.0,70.0,0.0,0.0
176,20077,OR,McNary,3084,3,0,OP,HY,WAT,70,0.649,397712.58,129656.82,Distributed from 923 Generation And Fuel,1954,,BPAT,Bonneville Power Administration,45.9402,-119.2988,Oregon,0.0,0.0,0.0,0.0,0.0,0.0,0.0,70.0,0.0,0.0
177,20078,OR,McNary,3084,4,0,OP,HY,WAT,70,0.649,397712.58,129656.82,Distributed from 923 Generation And Fuel,1954,,BPAT,Bonneville Power Administration,45.9402,-119.2988,Oregon,0.0,0.0,0.0,0.0,0.0,0.0,0.0,70.0,0.0,0.0
178,20079,OR,McNary,3084,5,0,OP,HY,WAT,70,0.649,397712.58,129656.82,Distributed from 923 Generation And Fuel,1954,,BPAT,Bonneville Power Administration,45.9402,-119.2988,Oregon,0.0,0.0,0.0,0.0,0.0,0.0,0.0,70.0,0.0,0.0
179,20080,OR,McNary,3084,6,0,OP,HY,WAT,70,0.649,397712.58,129656.82,Distributed from 923 Generation And Fuel,1955,,BPAT,Bonneville Power Administration,45.9402,-119.2988,Oregon,0.0,0.0,0.0,0.0,0.0,0.0,0.0,70.0,0.0,0.0
180,20081,OR,McNary,3084,7,0,OP,HY,WAT,70,0.649,397712.58,129656.82,Distributed from 923 Generation And Fuel,1955,,BPAT,Bonneville Power Administration,45.9402,-119.2988,Oregon,0.0,0.0,0.0,0.0,0.0,0.0,0.0,70.0,0.0,0.0
181,20082,OR,McNary,3084,8,0,OP,HY,WAT,70,0.649,397712.58,129656.82,Distributed from 923 Generation And Fuel,1955,,BPAT,Bonneville Power Administration,45.9402,-119.2988,Oregon,0.0,0.0,0.0,0.0,0.0,0.0,0.0,70.0,0.0,0.0
182,20083,OR,McNary,3084,9,0,OP,HY,WAT,70,0.649,397712.58,129656.82,Distributed from 923 Generation And Fuel,1956,,BPAT,Bonneville Power Administration,45.9402,-119.2988,Oregon,0.0,0.0,0.0,0.0,0.0,0.0,0.0,70.0,0.0,0.0
183,20086,OR,Michell Butte Power Project,50360,GEN1,0,OP,HY,WAT,1.8,0.248,3907,1264,Distributed from 923 Generation And Fuel,1989,,IPCO,Idaho Power Co,43.771896,-117.155023,Oregon,0.0,0.0,0.0,0.0,0.0,0.0,0.0,1.8,0.0,0.0
184,20087,OR,Middle Fork Irrigation District,50917,GEN1,0,OP,HY,WAT,2,0.882,15448.485,4996.364,Distributed from 923 Generation And Fuel,1986,,BPAT,Hood River Electric Coop,45.480701,-121.59984,Oregon,0.0,0.0,0.0,0.0,0.0,0.0,0.0,2.0,0.0,0.0
185,20088,OR,Middle Fork Irrigation District,50917,GEN2,0,OP,HY,WAT,0.5,0.882,3862.121,1249.091,Distributed from 923 Generation And Fuel,1986,,BPAT,Hood River Electric Coop,45.480701,-121.59984,Oregon,0.0,0.0,0.0,0.0,0.0,0.0,0.0,0.5,0.0,0.0
186,20089,OR,Middle Fork Irrigation District,50917,GEN3,0,OP,HY,WAT,0.8,0.882,6179.394,1998.545,Distributed from 923 Generation And Fuel,1986,,BPAT,Hood River Electric Coop,45.480701,-121.59984,Oregon,0.0,0.0,0.0,0.0,0.0,0.0,0.0,0.8,0.0,0.0
187,20092,OR,Neal Hot Springs Geothermal Project,58022,NHS1,0,OP,BT,GEO,11,0.621,59857,18116,Distributed from 923 Generation And Fuel,2012,,IPCO,Idaho Power Co,44.023056,-117.46806,Oregon,0.0,0.0,0.0,0.0,0.0,0.0,0.0,0.0,0.0,11.0
188,20093,OR,Neal Hot Springs Geothermal Project,58022,NHS2,0,OP,BT,GEO,11,0.621,59857,18116,Distributed from 923 Generation And Fuel,2012,,IPCO,Idaho Power Co,44.023056,-117.46806,Oregon,0.0,0.0,0.0,0.0,0.0,0.0,0.0,0.0,0.0,11.0
189,20094,OR,Neal Hot Springs Geothermal Project,58022,NHS3,0,OP,BT,GEO,11,0.621,59857,18116,Distributed from 923 Generation And Fuel,2012,,IPCO,Idaho Power Co,44.023056,-117.46806,Oregon,0.0,0.0,0.0,0.0,0.0,0.0,0.0,0.0,0.0,11.0
190,20096,OR,North Fork,3047,1,0,OP,HY,WAT,19.2,0.52,87494.118,28298.824,Distributed from 923 Generation And Fuel,1958,,PGE,Portland General Electric Co,45.243287,-122.27995,Oregon,0.0,0.0,0.0,0.0,0.0,0.0,0.0,19.2,0.0,0.0
191,20097,OR,North Fork,3047,2,0,OP,HY,WAT,21.6,0.52,98430.882,31836.176,Distributed from 923 Generation And Fuel,1958,,PGE,Portland General Electric Co,45.243287,-122.27995,Oregon,0.0,0.0,0.0,0.0,0.0,0.0,0.0,21.6,0.0,0.0
192,20098,OR,North Hurlburt Wind LLC,57526,NORTH,0,OP,WT,WND,265,0.237,550227,303590,Distributed from 923 Generation And Fuel,2012,,BPAT,Bonneville Power Administration,45.731611,-120.083466,Oregon,0.0,0.0,0.0,0.0,265.0,0.0,0.0,0.0,0.0,0.0
193,20099,OR,"NorWest Energy 2, LLC",60548,PV1,0,OP,PV,SUN,9.9,0,0,0,Distributed from 923 Generation And Fuel,2016,,,PacifiCorp,44.06803,-121.22838,Oregon,0.0,0.0,0.0,0.0,0.0,9.9,0.0,0.0,0.0,0.0
194,20100,OR,Oak Grove,6505,1,0,OP,HY,WAT,25.5,0.419,93694.5,30304.5,Distributed from 923 Generation And Fuel,1924,,PGE,Portland General Electric Co,45.122009,-122.06987,Oregon,0.0,0.0,0.0,0.0,0.0,0.0,0.0,25.5,0.0,0.0
195,20101,OR,Oak Grove,6505,2,0,OP,HY,WAT,25.5,0.419,93694.5,30304.5,Distributed from 923 Generation And Fuel,1931,,PGE,Portland General Electric Co,45.122009,-122.06987,Oregon,0.0,0.0,0.0,0.0,0.0,0.0,0.0,25.5,0.0,0.0
196,20102,OR,Old Mill Solar,59374,OMSLR,0,OP,PV,SUN,5,0.188,8219,4372,Distributed from 923 Generation And Fuel,2015,,PACW,PacifiCorp,42.203333,-121.046389,Oregon,0.0,0.0,0.0,0.0,0.0,5.0,0.0,0.0,0.0,0.0
197,20103,OR,Opal Springs Hydro,54251,1,0,OP,HY,WAT,4.3,0.803,30244,9782,Distributed from 923 Generation And Fuel,1985,,PACW,PacifiCorp,44.49004,-121.298812,Oregon,0.0,0.0,0.0,0.0,0.0,0.0,0.0,4.3,0.0,0.0
198,20104,OR,"Open Range Solar Center, LLC",60332,ORSC1,0,OP,PV,SUN,10,0.025,2233,721,Distributed from 923 Generation And Fuel,2016,,IPCO,Idaho Power Co,43.796766,-117.065311,Oregon,0.0,0.0,0.0,0.0,0.0,10.0,0.0,0.0,0.0,0.0
199,20110,OR,Oregon Convention Center,60112,PV1,0,OP,PV,SUN,1.4,0.046,570,348,Distributed from 923 Generation And Fuel,2016,,PACW,Pacific Power & Light Co,45.528457,-122.66317,Oregon,0.0,0.0,0.0,0.0,0.0,1.4,0.0,0.0,0.0,0.0
200,20111,OR,Oregon State University Energy Center,57653,CTG,0,OP,CT,NG,5.5,0.72,34676,15801.246,EIA-923 Generator File,2010,,BPAT,PacifiCorp,44.564333,-123.289089,Oregon,5.5,0.0,0.0,0.0,0.0,0.0,0.0,0.0,0.0,0.0
201,20112,OR,Oregon State University Energy Center,57653,STG,0,OP,CA,NG,1,0.183,1607,732.28,EIA-923 Generator File,2010,,BPAT,PacifiCorp,44.564333,-123.289089,Oregon,1.0,0.0,0.0,0.0,0.0,0.0,0.0,0.0,0.0,0.0
202,20113,OR,Oregon Trail Windfarm LLC,56971,1,0,OP,WT,WND,9.9,0.249,21616,11320,Distributed from 923 Generation And Fuel,2009,,PACW,PacifiCorp,45.7122,-119.4044,Oregon,0.0,0.0,0.0,0.0,9.9,0.0,0.0,0.0,0.0,0.0
203,20114,OR,Oregon University System OIT Klamath Fal,58961,PV,0,OP,PV,SUN,2,0.171,2994,1593,Distributed from 923 Generation And Fuel,2014,,PACW,PacifiCorp,42.254167,-121.785,Oregon,0.0,0.0,0.0,0.0,0.0,2.0,0.0,0.0,0.0,0.0
204,20115,OR,Oregon University System Rabbit Field,59790,PV1,0,OP,PV,SUN,1.2,0.145,1519,808,Distributed from 923 Generation And Fuel,2014,,PACW,PacifiCorp,44.573484,-123.31695,Oregon,0.0,0.0,0.0,0.0,0.0,1.2,0.0,0.0,0.0,0.0
205,20116,OR,"OSLH, LLC",60976,PV1,0,OP,PV,SUN,9.9,0,0,0,Distributed from 923 Generation And Fuel,2016,,PACW,PacifiCorp,44.061,-121.228,Oregon,0.0,0.0,0.0,0.0,0.0,9.9,0.0,0.0,0.0,0.0
206,20117,OR,Outback Solar At Christmas Valley,58131,PV1,0,OP,PV,SUN,4.4,0.245,9439,5022,Distributed from 923 Generation And Fuel,2012,,BPAT,"Midstate Electric Coop, Inc",43.236944,-120.49,Oregon,0.0,0.0,0.0,0.0,0.0,4.4,0.0,0.0,0.0,0.0
207,20118,OR,Owyhee Dam Power Project,50361,GEN1,0,OP,HY,WAT,4.3,0.355,13366,4323,Distributed from 923 Generation And Fuel,1985,,IPCO,Idaho Power Co,43.641603,-117.24374,Oregon,0.0,0.0,0.0,0.0,0.0,0.0,0.0,4.3,0.0,0.0
208,20119,OR,Oxbow (OR),3014,1,0,OP,HY,WAT,47.5,0.541,225229.5,72847.75,Distributed from 923 Generation And Fuel,1961,,IPCO,Idaho Power Co,44.971643,-116.835042,Oregon,0.0,0.0,0.0,0.0,0.0,0.0,0.0,47.5,0.0,0.0
209,20120,OR,Oxbow (OR),3014,2,0,OP,HY,WAT,47.5,0.541,225229.5,72847.75,Distributed from 923 Generation And Fuel,1961,,IPCO,Idaho Power Co,44.971643,-116.835042,Oregon,0.0,0.0,0.0,0.0,0.0,0.0,0.0,47.5,0.0,0.0
210,20121,OR,Oxbow (OR),3014,3,0,OP,HY,WAT,47.5,0.541,225229.5,72847.75,Distributed from 923 Generation And Fuel,1961,,IPCO,Idaho Power Co,44.971643,-116.835042,Oregon,0.0,0.0,0.0,0.0,0.0,0.0,0.0,47.5,0.0,0.0
211,20122,OR,Oxbow (OR),3014,4,0,OP,HY,WAT,47.5,0.541,225229.5,72847.75,Distributed from 923 Generation And Fuel,1961,,IPCO,Idaho Power Co,44.971643,-116.835042,Oregon,0.0,0.0,0.0,0.0,0.0,0.0,0.0,47.5,0.0,0.0
212,20123,OR,Pacific Canyon Windfarm LLC,56972,1,0,OP,WT,WND,8.3,0.244,17759,9300,Distributed from 923 Generation And Fuel,2009,,PACW,PacifiCorp,45.6542,-119.4869,Oregon,0.0,0.0,0.0,0.0,8.3,0.0,0.0,0.0,0.0,0.0
213,20124,OR,Paisley Geothermal Generating Plant,59382,SVEP1,0,OP,ST,GEO,3.7,0.127,4129,1421,Distributed from 923 Generation And Fuel,2015,,PACW,Surprise Valley Electrification,42.695833,-120.557778,Oregon,0.0,0.0,0.0,0.0,0.0,0.0,0.0,0.0,0.0,3.7
214,20125,OR,PaTu Wind Farm LLC,57578,PATU,0,OP,WT,WND,9,0.366,28853,15110,Distributed from 923 Generation And Fuel,2010,,BPAT,Bonneville Power Administration,45.613061,-120.616906,Oregon,0.0,0.0,0.0,0.0,9.0,0.0,0.0,0.0,0.0,0.0
215,20126,OR,Pebble Springs Wind LLC,56789,1,0,OP,WT,WND,98.7,0.231,199872,107290,Distributed from 923 Generation And Fuel,2009,,BPAT,Bonneville Power Administration,45.7119,-120.125,Oregon,0.0,0.0,0.0,0.0,98.7,0.0,0.0,0.0,0.0,0.0
216,20127,OR,Pelton,3048,1,0,OP,HY,WAT,45,0.418,164586.475,53233.607,Distributed from 923 Generation And Fuel,1957,,PGE,Portland General Electric Co,44.694374,-121.231379,Oregon,0.0,0.0,0.0,0.0,0.0,0.0,0.0,45.0,0.0,0.0
217,20128,OR,Pelton,3048,2,0,OP,HY,WAT,32.4,0.418,118502.262,38328.197,Distributed from 923 Generation And Fuel,1958,,PGE,Portland General Electric Co,44.694374,-121.231379,Oregon,0.0,0.0,0.0,0.0,0.0,0.0,0.0,32.4,0.0,0.0
218,20129,OR,Pelton,3048,3,0,OP,HY,WAT,32.4,0.418,118502.262,38328.197,Distributed from 923 Generation And Fuel,1958,,PGE,Portland General Electric Co,44.694374,-121.231379,Oregon,0.0,0.0,0.0,0.0,0.0,0.0,0.0,32.4,0.0,0.0
219,20134,OR,Peters Drive Plant,10324,GEN3,0,OP,HY,WAT,1.8,0.387,6109,1976,Distributed from 923 Generation And Fuel,1987,,PACW,PacifiCorp,45.66764,-121.548455,Oregon,0.0,0.0,0.0,0.0,0.0,0.0,0.0,1.8,0.0,0.0
220,20135,OR,PHP 1,4213,1,0,OP,HY,WAT,23.7,0.257,53385,17267,Distributed from 923 Generation And Fuel,1982,,PGE,Portland General Electric Co,45.481708,-122.083188,Oregon,0.0,0.0,0.0,0.0,0.0,0.0,0.0,23.7,0.0,0.0
221,20136,OR,PHP 2,4214,2,0,OP,HY,WAT,11.8,0.355,36712,11874,Distributed from 923 Generation And Fuel,1982,,PGE,Portland General Electric Co,45.448977,-122.151257,Oregon,0.0,0.0,0.0,0.0,0.0,0.0,0.0,11.8,0.0,0.0
222,20138,OR,Port Westward,56227,1,0,OP,CT,NG,312,0.555,1517168,788445,EIA-923 Generator File,2007,,PGE,Portland General Electric Co,46.17894,-123.172039,Oregon,312.0,0.0,0.0,0.0,0.0,0.0,0.0,0.0,0.0,0.0
223,20139,OR,Port Westward,56227,2,1,OP,CA,NG,171,0.59,883349,466036,EIA-923 Generator File,2007,,PGE,Portland General Electric Co,46.17894,-123.172039,Oregon,171.0,0.0,0.0,0.0,0.0,0.0,0.0,0.0,0.0,0.0
224,20140,OR,Port Westward Unit 2,58266,1,0,OP,IC,NG,18.8,0.074,12197.083,7099.833,Distributed from 923 Generation And Fuel,2014,,PGE,Portland General Electric Co,46.178889,-123.171944,Oregon,0.0,18.8,0.0,0.0,0.0,0.0,0.0,0.0,0.0,0.0
225,20141,OR,Port Westward Unit 2,58266,10,0,OP,IC,NG,18.8,0.074,12197.083,7099.833,Distributed from 923 Generation And Fuel,2014,,PGE,Portland General Electric Co,46.178889,-123.171944,Oregon,0.0,18.8,0.0,0.0,0.0,0.0,0.0,0.0,0.0,0.0
226,20142,OR,Port Westward Unit 2,58266,11,0,OP,IC,NG,18.8,0.074,12197.083,7099.833,Distributed from 923 Generation And Fuel,2014,,PGE,Portland General Electric Co,46.178889,-123.171944,Oregon,0.0,18.8,0.0,0.0,0.0,0.0,0.0,0.0,0.0,0.0
227,20143,OR,Port Westward Unit 2,58266,12,0,OP,IC,NG,18.8,0.074,12197.083,7099.833,Distributed from 923 Generation And Fuel,2014,,PGE,Portland General Electric Co,46.178889,-123.171944,Oregon,0.0,18.8,0.0,0.0,0.0,0.0,0.0,0.0,0.0,0.0
228,20144,OR,Port Westward Unit 2,58266,2,0,OP,IC,NG,18.8,0.074,12197.083,7099.833,Distributed from 923 Generation And Fuel,2014,,PGE,Portland General Electric Co,46.178889,-123.171944,Oregon,0.0,18.8,0.0,0.0,0.0,0.0,0.0,0.0,0.0,0.0
229,20145,OR,Port Westward Unit 2,58266,3,0,OP,IC,NG,18.8,0.074,12197.083,7099.833,Distributed from 923 Generation And Fuel,2014,,PGE,Portland General Electric Co,46.178889,-123.171944,Oregon,0.0,18.8,0.0,0.0,0.0,0.0,0.0,0.0,0.0,0.0
230,20146,OR,Port Westward Unit 2,58266,4,0,OP,IC,NG,18.8,0.074,12197.083,7099.833,Distributed from 923 Generation And Fuel,2014,,PGE,Portland General Electric Co,46.178889,-123.171944,Oregon,0.0,18.8,0.0,0.0,0.0,0.0,0.0,0.0,0.0,0.0
231,20147,OR,Port Westward Unit 2,58266,5,0,OP,IC,NG,18.8,0.074,12197.083,7099.833,Distributed from 923 Generation And Fuel,2014,,PGE,Portland General Electric Co,46.178889,-123.171944,Oregon,0.0,18.8,0.0,0.0,0.0,0.0,0.0,0.0,0.0,0.0
232,20148,OR,Port Westward Unit 2,58266,6,0,OP,IC,NG,18.8,0.074,12197.083,7099.833,Distributed from 923 Generation And Fuel,2014,,PGE,Portland General Electric Co,46.178889,-123.171944,Oregon,0.0,18.8,0.0,0.0,0.0,0.0,0.0,0.0,0.0,0.0
233,20149,OR,Port Westward Unit 2,58266,7,0,OP,IC,NG,18.8,0.074,12197.083,7099.833,Distributed from 923 Generation And Fuel,2014,,PGE,Portland General Electric Co,46.178889,-123.171944,Oregon,0.0,18.8,0.0,0.0,0.0,0.0,0.0,0.0,0.0,0.0
234,20150,OR,Port Westward Unit 2,58266,8,0,OP,IC,NG,18.8,0.074,12197.083,7099.833,Distributed from 923 Generation And Fuel,2014,,PGE,Portland General Electric Co,46.178889,-123.171944,Oregon,0.0,18.8,0.0,0.0,0.0,0.0,0.0,0.0,0.0,0.0
235,20151,OR,Port Westward Unit 2,58266,9,0,OP,IC,NG,18.8,0.074,12197.083,7099.833,Distributed from 923 Generation And Fuel,2015,,PGE,Portland General Electric Co,46.178889,-123.171944,Oregon,0.0,18.8,0.0,0.0,0.0,0.0,0.0,0.0,0.0,0.0
236,20154,OR,Prospect 1,3032,1,0,OP,HY,WAT,3.8,0,0,0,Distributed from 923 Generation And Fuel,1912,,PACW,PacifiCorp,42.730717,-122.515122,Oregon,0.0,0.0,0.0,0.0,0.0,0.0,0.0,3.8,0.0,0.0
237,20155,OR,Prospect 2,3033,1,0,OP,HY,WAT,16,0.856,119946,38795,Distributed from 923 Generation And Fuel,1928,,PACW,PacifiCorp,42.731237,-122.513974,Oregon,0.0,0.0,0.0,0.0,0.0,0.0,0.0,16.0,0.0,0.0
238,20156,OR,Prospect 2,3033,2,0,OP,HY,WAT,16,0.856,119946,38795,Distributed from 923 Generation And Fuel,1928,,PACW,PacifiCorp,42.731237,-122.513974,Oregon,0.0,0.0,0.0,0.0,0.0,0.0,0.0,16.0,0.0,0.0
239,20157,OR,Prospect 3,3034,1,0,OP,HY,WAT,7.2,0.523,32997,10672,Distributed from 923 Generation And Fuel,1932,,PACW,PacifiCorp,42.730606,-122.41846,Oregon,0.0,0.0,0.0,0.0,0.0,0.0,0.0,7.2,0.0,0.0
240,20158,OR,Prospect 4,3035,1,0,OP,HY,WAT,1,0,0,0,Distributed from 923 Generation And Fuel,1944,,PACW,PacifiCorp,42.733073,-122.515079,Oregon,0.0,0.0,0.0,0.0,0.0,0.0,0.0,1.0,0.0,0.0
241,20161,OR,"Railroad Solar Center, LLC",60333,RSC1,0,OP,PV,SUN,4.5,0.006,230,0,Distributed from 923 Generation And Fuel,2016,,IPCO,Idaho Power Co,43.998019,-117.10118,Oregon,0.0,0.0,0.0,0.0,0.0,4.5,0.0,0.0,0.0,0.0
242,20162,OR,River Mill,3049,1,0,OP,HY,WAT,3.3,0.639,18469.293,5973.702,Distributed from 923 Generation And Fuel,1911,,PGE,Portland General Electric Co,45.299991,-122.350023,Oregon,0.0,0.0,0.0,0.0,0.0,0.0,0.0,3.3,0.0,0.0
243,20163,OR,River Mill,3049,2,0,OP,HY,WAT,3.3,0.639,18469.293,5973.702,Distributed from 923 Generation And Fuel,1911,,PGE,Portland General Electric Co,45.299991,-122.350023,Oregon,0.0,0.0,0.0,0.0,0.0,0.0,0.0,3.3,0.0,0.0
244,20164,OR,River Mill,3049,3,0,OP,HY,WAT,3.3,0.639,18469.293,5973.702,Distributed from 923 Generation And Fuel,1912,,PGE,Portland General Electric Co,45.299991,-122.350023,Oregon,0.0,0.0,0.0,0.0,0.0,0.0,0.0,3.3,0.0,0.0
245,20165,OR,River Mill,3049,4,0,OP,HY,WAT,3.9,0.639,21827.346,7059.83,Distributed from 923 Generation And Fuel,1927,,PGE,Portland General Electric Co,45.299991,-122.350023,Oregon,0.0,0.0,0.0,0.0,0.0,0.0,0.0,3.9,0.0,0.0
246,20166,OR,River Mill,3049,5,0,OP,HY,WAT,5,0.639,27983.777,9051.064,Distributed from 923 Generation And Fuel,1952,,PGE,Portland General Electric Co,45.299991,-122.350023,Oregon,0.0,0.0,0.0,0.0,0.0,0.0,0.0,5.0,0.0,0.0
247,20167,OR,Riverbend Landfill,57019,GEN1,0,OP,IC,LFG,0.8,0.833,5835.833,2392.667,Distributed from 923 Generation And Fuel,2010,,BPAT,City of McMinnville - (OR),45.1672,-123.2511,Oregon,0.0,0.0,0.0,0.0,0.0,0.0,0.0,0.0,0.0,0.8
248,20168,OR,Riverbend Landfill,57019,GEN2,0,OP,IC,LFG,0.8,0.833,5835.833,2392.667,Distributed from 923 Generation And Fuel,2010,,BPAT,City of McMinnville - (OR),45.1672,-123.2511,Oregon,0.0,0.0,0.0,0.0,0.0,0.0,0.0,0.0,0.0,0.8
249,20169,OR,Riverbend Landfill,57019,GEN3,0,OP,IC,LFG,0.8,0.833,5835.833,2392.667,Distributed from 923 Generation And Fuel,2010,,BPAT,City of McMinnville - (OR),45.1672,-123.2511,Oregon,0.0,0.0,0.0,0.0,0.0,0.0,0.0,0.0,0.0,0.8
250,20170,OR,Riverbend Landfill,57019,GEN4,0,OP,IC,LFG,0.8,0.833,5835.833,2392.667,Distributed from 923 Generation And Fuel,2010,,BPAT,City of McMinnville - (OR),45.1672,-123.2511,Oregon,0.0,0.0,0.0,0.0,0.0,0.0,0.0,0.0,0.0,0.8
251,20171,OR,Riverbend Landfill,57019,GEN5,0,OP,IC,LFG,0.8,0.833,5835.833,2392.667,Distributed from 923 Generation And Fuel,2010,,BPAT,City of McMinnville - (OR),45.1672,-123.2511,Oregon,0.0,0.0,0.0,0.0,0.0,0.0,0.0,0.0,0.0,0.8
252,20172,OR,Riverbend Landfill,57019,GEN6,0,OP,IC,LFG,0.8,0.833,5835.833,2392.667,Distributed from 923 Generation And Fuel,2010,,BPAT,City of McMinnville - (OR),45.1672,-123.2511,Oregon,0.0,0.0,0.0,0.0,0.0,0.0,0.0,0.0,0.0,0.8
253,20173,OR,Roseburg LFG,57911,1,0,OP,IC,LFG,1.6,0.878,12303,5044,Distributed from 923 Generation And Fuel,2011,,PACW,PacifiCorp,43.186111,-123.380278,Oregon,0.0,0.0,0.0,0.0,0.0,0.0,0.0,0.0,0.0,1.6
254,20174,OR,Round Butte,3050,1,0,OP,HY,WAT,112.5,0.285,281224.933,105226.611,Distributed from 923 Generation And Fuel,1964,,PGE,Portland General Electric Co,44.605837,-121.277334,Oregon,0.0,0.0,0.0,0.0,0.0,0.0,0.0,112.5,0.0,0.0
255,20175,OR,Round Butte,3050,2,0,OP,HY,WAT,130,0.285,324971.034,121595.195,Distributed from 923 Generation And Fuel,1964,,PGE,Portland General Electric Co,44.605837,-121.277334,Oregon,0.0,0.0,0.0,0.0,0.0,0.0,0.0,130.0,0.0,0.0
256,20176,OR,Round Butte,3050,3,0,OP,HY,WAT,130,0.285,324971.034,121595.195,Distributed from 923 Generation And Fuel,1964,,PGE,Portland General Electric Co,44.605837,-121.277334,Oregon,0.0,0.0,0.0,0.0,0.0,0.0,0.0,130.0,0.0,0.0
257,20178,OR,Sand Ranch Windfarm LLC,56973,1,0,OP,WT,WND,9.9,0.244,21179,11091,Distributed from 923 Generation And Fuel,2009,,PACW,PacifiCorp,45.6447,-119.4767,Oregon,0.0,0.0,0.0,0.0,9.9,0.0,0.0,0.0,0.0,0.0
258,20179,OR,Seneca Sustainable Energy LLC,57457,1,1,OP,ST,WDS,19.8,0.682,118216,47147,EIA-923 Generator File,2011,,BPAT,City of Eugene - (OR),44.116306,-123.179007,Oregon,0.0,0.0,0.0,0.0,0.0,0.0,0.0,0.0,0.0,19.8
259,20180,OR,Short Mountain,7413,1,0,OP,IC,LFG,0.8,0.645,4520.75,1853.5,Distributed from 923 Generation And Fuel,1992,,PACW,Emerald People's Utility Dist,43.96211,-122.997361,Oregon,0.0,0.0,0.0,0.0,0.0,0.0,0.0,0.0,0.0,0.8
260,20181,OR,Short Mountain,7413,2,0,OP,IC,LFG,0.8,0.645,4520.75,1853.5,Distributed from 923 Generation And Fuel,1992,,PACW,Emerald People's Utility Dist,43.96211,-122.997361,Oregon,0.0,0.0,0.0,0.0,0.0,0.0,0.0,0.0,0.0,0.8
261,20182,OR,Short Mountain,7413,3,0,OP,IC,LFG,0.8,0.645,4520.75,1853.5,Distributed from 923 Generation And Fuel,1993,,PACW,Emerald People's Utility Dist,43.96211,-122.997361,Oregon,0.0,0.0,0.0,0.0,0.0,0.0,0.0,0.0,0.0,0.8
262,20183,OR,Short Mountain,7413,4,0,OP,IC,LFG,0.8,0.645,4520.75,1853.5,Distributed from 923 Generation And Fuel,1993,,PACW,Emerald People's Utility Dist,43.96211,-122.997361,Oregon,0.0,0.0,0.0,0.0,0.0,0.0,0.0,0.0,0.0,0.8
263,20184,OR,Siphon Power Project,50980,GEN1,0,OP,HY,WAT,2.7,0.455,10763,3481,Distributed from 923 Generation And Fuel,1989,,PACW,PacifiCorp,44.033022,-121.3297,Oregon,0.0,0.0,0.0,0.0,0.0,0.0,0.0,2.7,0.0,0.0
264,20185,OR,Siphon Power Project,50980,GEN2,0,OP,HY,WAT,2.7,0.455,10763,3481,Distributed from 923 Generation And Fuel,1989,,PACW,PacifiCorp,44.033022,-121.3297,Oregon,0.0,0.0,0.0,0.0,0.0,0.0,0.0,2.7,0.0,0.0
265,20186,OR,Slide Creek,3036,1,0,OP,HY,WAT,18,0.48,75625,24460,Distributed from 923 Generation And Fuel,1951,,PACW,PacifiCorp,43.2939,-122.4728,Oregon,0.0,0.0,0.0,0.0,0.0,0.0,0.0,18.0,0.0,0.0
266,20187,OR,Soda Springs,3037,1,0,OP,HY,WAT,11,0.634,61093,19760,Distributed from 923 Generation And Fuel,1952,,PACW,PacifiCorp,43.3061,-122.5014,Oregon,0.0,0.0,0.0,0.0,0.0,0.0,0.0,11.0,0.0,0.0
267,20196,OR,South Hurlburt Wind LLC,57549,SOUTH,0,OP,WT,WND,290,0.23,585383,319039,Distributed from 923 Generation And Fuel,2012,,BPAT,Bonneville Power Administration,45.706262,-120.079987,Oregon,0.0,0.0,0.0,0.0,290.0,0.0,0.0,0.0,0.0,0.0
268,20201,OR,Sprague Hydro,10737,GEN1,0,OP,HY,WAT,1.2,0.36,3788,1225,Distributed from 923 Generation And Fuel,1989,,PACW,PacifiCorp,42.50136,-120.98944,Oregon,0.0,0.0,0.0,0.0,0.0,0.0,0.0,1.2,0.0,0.0
269,20202,OR,Star Point Wind Project LLC,57096,1,0,OP,WT,WND,98.7,0.259,224270,119156,Distributed from 923 Generation And Fuel,2010,,BPAT,Bonneville Power Administration,45.51,-120.48,Oregon,0.0,0.0,0.0,0.0,98.7,0.0,0.0,0.0,0.0,0.0
270,20203,OR,"Steel Bridge Solar, LLC",60057,STEEL,0,OP,PV,SUN,2.3,0.147,2963,1640,Distributed from 923 Generation And Fuel,2016,,PGE,Portland General Electric Co,45.068,-123.47,Oregon,0.0,0.0,0.0,0.0,0.0,2.3,0.0,0.0,0.0,0.0
271,20204,OR,Stone Creek,7508,1,0,OP,HY,WAT,12,0.48,50467,16323,Distributed from 923 Generation And Fuel,1994,,PGE,City of Eugene - (OR),45.081111,-121.886611,Oregon,0.0,0.0,0.0,0.0,0.0,0.0,0.0,12.0,0.0,0.0
272,20205,OR,Sullivan,3053,1,0,OP,HY,WAT,1.2,0.764,8026.286,2595.974,Distributed from 923 Generation And Fuel,1952,,PGE,Portland General Electric Co,45.354004,-122.618954,Oregon,0.0,0.0,0.0,0.0,0.0,0.0,0.0,1.2,0.0,0.0
273,20206,OR,Sullivan,3053,10,0,OP,HY,WAT,1.2,0.764,8026.286,2595.974,Distributed from 923 Generation And Fuel,1952,,PGE,Portland General Electric Co,45.354004,-122.618954,Oregon,0.0,0.0,0.0,0.0,0.0,0.0,0.0,1.2,0.0,0.0
274,20207,OR,Sullivan,3053,11,0,OP,HY,WAT,1.2,0.764,8026.286,2595.974,Distributed from 923 Generation And Fuel,1952,,PGE,Portland General Electric Co,45.354004,-122.618954,Oregon,0.0,0.0,0.0,0.0,0.0,0.0,0.0,1.2,0.0,0.0
275,20208,OR,Sullivan,3053,12,0,OP,HY,WAT,1.2,0.764,8026.286,2595.974,Distributed from 923 Generation And Fuel,1952,,PGE,Portland General Electric Co,45.354004,-122.618954,Oregon,0.0,0.0,0.0,0.0,0.0,0.0,0.0,1.2,0.0,0.0
276,20209,OR,Sullivan,3053,13,0,OP,HY,WAT,1.2,0.764,8026.286,2595.974,Distributed from 923 Generation And Fuel,1952,,PGE,Portland General Electric Co,45.354004,-122.618954,Oregon,0.0,0.0,0.0,0.0,0.0,0.0,0.0,1.2,0.0,0.0
277,20210,OR,Sullivan,3053,2,0,OP,HY,WAT,1.2,0.764,8026.286,2595.974,Distributed from 923 Generation And Fuel,1952,,PGE,Portland General Electric Co,45.354004,-122.618954,Oregon,0.0,0.0,0.0,0.0,0.0,0.0,0.0,1.2,0.0,0.0
278,20211,OR,Sullivan,3053,3,0,OP,HY,WAT,1.2,0.764,8026.286,2595.974,Distributed from 923 Generation And Fuel,1952,,PGE,Portland General Electric Co,45.354004,-122.618954,Oregon,0.0,0.0,0.0,0.0,0.0,0.0,0.0,1.2,0.0,0.0
279,20212,OR,Sullivan,3053,4,0,OP,HY,WAT,1.2,0.764,8026.286,2595.974,Distributed from 923 Generation And Fuel,1952,,PGE,Portland General Electric Co,45.354004,-122.618954,Oregon,0.0,0.0,0.0,0.0,0.0,0.0,0.0,1.2,0.0,0.0
280,20213,OR,Sullivan,3053,5,0,OP,HY,WAT,1.2,0.764,8026.286,2595.974,Distributed from 923 Generation And Fuel,1952,,PGE,Portland General Electric Co,45.354004,-122.618954,Oregon,0.0,0.0,0.0,0.0,0.0,0.0,0.0,1.2,0.0,0.0
281,20214,OR,Sullivan,3053,6,0,OP,HY,WAT,1.2,0.764,8026.286,2595.974,Distributed from 923 Generation And Fuel,1952,,PGE,Portland General Electric Co,45.354004,-122.618954,Oregon,0.0,0.0,0.0,0.0,0.0,0.0,0.0,1.2,0.0,0.0
282,20215,OR,Sullivan,3053,7,0,OP,HY,WAT,1.2,0.764,8026.286,2595.974,Distributed from 923 Generation And Fuel,1952,,PGE,Portland General Electric Co,45.354004,-122.618954,Oregon,0.0,0.0,0.0,0.0,0.0,0.0,0.0,1.2,0.0,0.0
283,20216,OR,Sullivan,3053,8,0,OP,HY,WAT,1.2,0.764,8026.286,2595.974,Distributed from 923 Generation And Fuel,1952,,PGE,Portland General Electric Co,45.354004,-122.618954,Oregon,0.0,0.0,0.0,0.0,0.0,0.0,0.0,1.2,0.0,0.0
284,20217,OR,Sullivan,3053,9,0,OP,HY,WAT,1,0.764,6688.571,2163.312,Distributed from 923 Generation And Fuel,1924,,PGE,Portland General Electric Co,45.354004,-122.618954,Oregon,0.0,0.0,0.0,0.0,0.0,0.0,0.0,1.0,0.0,0.0
285,20219,OR,The Dalles,3895,1,0,OP,HY,WAT,78,0.423,289093.538,89902.062,Distributed from 923 Generation And Fuel,1957,,BPAT,Bonneville Power Administration,45.614,-121.1346,Oregon,0.0,0.0,0.0,0.0,0.0,0.0,0.0,78.0,0.0,0.0
286,20220,OR,The Dalles,3895,10,0,OP,HY,WAT,78,0.423,289093.538,89902.062,Distributed from 923 Generation And Fuel,1959,,BPAT,Bonneville Power Administration,45.614,-121.1346,Oregon,0.0,0.0,0.0,0.0,0.0,0.0,0.0,78.0,0.0,0.0
287,20221,OR,The Dalles,3895,11,0,OP,HY,WAT,78,0.423,289093.538,89902.062,Distributed from 923 Generation And Fuel,1960,,BPAT,Bonneville Power Administration,45.614,-121.1346,Oregon,0.0,0.0,0.0,0.0,0.0,0.0,0.0,78.0,0.0,0.0
288,20222,OR,The Dalles,3895,12,0,OP,HY,WAT,78,0.423,289093.538,89902.062,Distributed from 923 Generation And Fuel,1960,,BPAT,Bonneville Power Administration,45.614,-121.1346,Oregon,0.0,0.0,0.0,0.0,0.0,0.0,0.0,78.0,0.0,0.0
289,20223,OR,The Dalles,3895,13,0,OP,HY,WAT,78,0.423,289093.538,89902.062,Distributed from 923 Generation And Fuel,1960,,BPAT,Bonneville Power Administration,45.614,-121.1346,Oregon,0.0,0.0,0.0,0.0,0.0,0.0,0.0,78.0,0.0,0.0
290,20224,OR,The Dalles,3895,14,0,OP,HY,WAT,78,0.423,289093.538,89902.062,Distributed from 923 Generation And Fuel,1960,,BPAT,Bonneville Power Administration,45.614,-121.1346,Oregon,0.0,0.0,0.0,0.0,0.0,0.0,0.0,78.0,0.0,0.0
291,20227,OR,The Dalles,3895,17,0,OP,HY,WAT,86,0.423,318744.158,99122.786,Distributed from 923 Generation And Fuel,1973,,BPAT,Bonneville Power Administration,45.614,-121.1346,Oregon,0.0,0.0,0.0,0.0,0.0,0.0,0.0,86.0,0.0,0.0
292,20228,OR,The Dalles,3895,18,0,OP,HY,WAT,86,0.423,318744.158,99122.786,Distributed from 923 Generation And Fuel,1973,,BPAT,Bonneville Power Administration,45.614,-121.1346,Oregon,0.0,0.0,0.0,0.0,0.0,0.0,0.0,86.0,0.0,0.0
293,20229,OR,The Dalles,3895,19,0,OP,HY,WAT,86,0.423,318744.158,99122.786,Distributed from 923 Generation And Fuel,1973,,BPAT,Bonneville Power Administration,45.614,-121.1346,Oregon,0.0,0.0,0.0,0.0,0.0,0.0,0.0,86.0,0.0,0.0
294,20230,OR,The Dalles,3895,2,0,OP,HY,WAT,78,0.423,289093.538,89902.062,Distributed from 923 Generation And Fuel,1957,,BPAT,Bonneville Power Administration,45.614,-121.1346,Oregon,0.0,0.0,0.0,0.0,0.0,0.0,0.0,78.0,0.0,0.0
295,20231,OR,The Dalles,3895,20,0,OP,HY,WAT,86,0.423,318744.158,99122.786,Distributed from 923 Generation And Fuel,1973,,BPAT,Bonneville Power Administration,45.614,-121.1346,Oregon,0.0,0.0,0.0,0.0,0.0,0.0,0.0,86.0,0.0,0.0
296,20233,OR,The Dalles,3895,22,0,OP,HY,WAT,86,0.423,318744.158,99122.786,Distributed from 923 Generation And Fuel,1973,,BPAT,Bonneville Power Administration,45.614,-121.1346,Oregon,0.0,0.0,0.0,0.0,0.0,0.0,0.0,86.0,0.0,0.0
297,20235,OR,The Dalles,3895,4,0,OP,HY,WAT,78,0.423,289093.538,89902.062,Distributed from 923 Generation And Fuel,1958,,BPAT,Bonneville Power Administration,45.614,-121.1346,Oregon,0.0,0.0,0.0,0.0,0.0,0.0,0.0,78.0,0.0,0.0
298,20236,OR,The Dalles,3895,5,0,OP,HY,WAT,89.7,0.423,332457.569,103387.371,Distributed from 923 Generation And Fuel,1958,,BPAT,Bonneville Power Administration,45.614,-121.1346,Oregon,0.0,0.0,0.0,0.0,0.0,0.0,0.0,89.7,0.0,0.0
299,20237,OR,The Dalles,3895,6,0,OP,HY,WAT,78,0.423,289093.538,89902.062,Distributed from 923 Generation And Fuel,1958,,BPAT,Bonneville Power Administration,45.614,-121.1346,Oregon,0.0,0.0,0.0,0.0,0.0,0.0,0.0,78.0,0.0,0.0
300,20238,OR,The Dalles,3895,7,0,OP,HY,WAT,78,0.423,289093.538,89902.062,Distributed from 923 Generation And Fuel,1959,,BPAT,Bonneville Power Administration,45.614,-121.1346,Oregon,0.0,0.0,0.0,0.0,0.0,0.0,0.0,78.0,0.0,0.0
301,20239,OR,The Dalles,3895,8,0,OP,HY,WAT,78,0.423,289093.538,89902.062,Distributed from 923 Generation And Fuel,1959,,BPAT,Bonneville Power Administration,45.614,-121.1346,Oregon,0.0,0.0,0.0,0.0,0.0,0.0,0.0,78.0,0.0,0.0
302,20240,OR,The Dalles,3895,9,0,OP,HY,WAT,78,0.423,289093.538,89902.062,Distributed from 923 Generation And Fuel,1959,,BPAT,Bonneville Power Administration,45.614,-121.1346,Oregon,0.0,0.0,0.0,0.0,0.0,0.0,0.0,78.0,0.0,0.0
303,20241,OR,The Dalles,3895,F1,0,OP,HY,WAT,14,0.423,51888.584,16136.268,Distributed from 923 Generation And Fuel,1957,,BPAT,Bonneville Power Administration,45.614,-121.1346,Oregon,0.0,0.0,0.0,0.0,0.0,0.0,0.0,14.0,0.0,0.0
304,20242,OR,The Dalles,3895,F2,0,OP,HY,WAT,14,0.423,51888.584,16136.268,Distributed from 923 Generation And Fuel,1957,,BPAT,Bonneville Power Administration,45.614,-121.1346,Oregon,0.0,0.0,0.0,0.0,0.0,0.0,0.0,14.0,0.0,0.0
305,20243,OR,Threemile Canyon,56933,1,0,OP,WT,WND,9.9,0.237,20559,10766,Distributed from 923 Generation And Fuel,2009,,BPAT,PacifiCorp,45.6758,-119.9375,Oregon,0.0,0.0,0.0,0.0,9.9,0.0,0.0,0.0,0.0,0.0
306,20244,OR,Threemile Digester,58382,GEN1,0,OP,IC,OBG,1.6,0.368,5154,2113,Distributed from 923 Generation And Fuel,2012,,PACW,PacifiCorp,45.71,-119.901111,Oregon,0.0,0.0,0.0,0.0,0.0,0.0,0.0,0.0,0.0,1.6
307,20245,OR,Threemile Digester,58382,GEN2,0,OP,IC,OBG,1.6,0.368,5154,2113,Distributed from 923 Generation And Fuel,2012,,PACW,PacifiCorp,45.71,-119.901111,Oregon,0.0,0.0,0.0,0.0,0.0,0.0,0.0,0.0,0.0,1.6
308,20246,OR,Threemile Digester,58382,GEN3,0,OP,IC,OBG,1.6,0.368,5154,2113,Distributed from 923 Generation And Fuel,2012,,PACW,PacifiCorp,45.71,-119.901111,Oregon,0.0,0.0,0.0,0.0,0.0,0.0,0.0,0.0,0.0,1.6
309,20247,OR,"Thunderegg Solar Center, LLC",60334,TSC1,0,OP,PV,SUN,10,0.008,666,0,Distributed from 923 Generation And Fuel,2016,,IPCO,Idaho Power Co,43.93097,-116.987626,Oregon,0.0,0.0,0.0,0.0,0.0,10.0,0.0,0.0,0.0,0.0
310,20249,OR,Toketee Falls,3040,1,0,OP,HY,WAT,14.2,0.624,77606.667,25101,Distributed from 923 Generation And Fuel,1950,,PACW,PacifiCorp,43.272729,-122.447498,Oregon,0.0,0.0,0.0,0.0,0.0,0.0,0.0,14.2,0.0,0.0
311,20250,OR,Toketee Falls,3040,2,0,OP,HY,WAT,14.2,0.624,77606.667,25101,Distributed from 923 Generation And Fuel,1949,,PACW,PacifiCorp,43.272729,-122.447498,Oregon,0.0,0.0,0.0,0.0,0.0,0.0,0.0,14.2,0.0,0.0
312,20251,OR,Toketee Falls,3040,3,0,OP,HY,WAT,14.2,0.624,77606.667,25101,Distributed from 923 Generation And Fuel,1950,,PACW,PacifiCorp,43.272729,-122.447498,Oregon,0.0,0.0,0.0,0.0,0.0,0.0,0.0,14.2,0.0,0.0
313,20253,OR,Univ of Oregon Central Power Station,54950,CTG1,0,OP,CT,NG,7.5,0.028,1827.48,0,EIA-923 Generator File,2012,,BPAT,City of Eugene - (OR),44.048333,-123.073889,Oregon,7.5,0.0,0.0,0.0,0.0,0.0,0.0,0.0,0.0,0.0
314,20254,OR,Univ of Oregon Central Power Station,54950,STG1,0,OP,CA,NG,3.5,0.001,40.74,0,EIA-923 Generator File,2012,,BPAT,City of Eugene - (OR),44.048333,-123.073889,Oregon,3.5,0.0,0.0,0.0,0.0,0.0,0.0,0.0,0.0,0.0
315,20255,OR,"Vale Air Solar Center, LLC",60335,VASC1,0,OP,PV,SUN,10,0.013,1159,0,Distributed from 923 Generation And Fuel,2016,,IPCO,Idaho Power Co,43.965031,-117.25806,Oregon,0.0,0.0,0.0,0.0,0.0,10.0,0.0,0.0,0.0,0.0
316,20256,OR,Vansycle,55125,WGNS,0,OP,WT,WND,25,0.349,76522,27913,Distributed from 923 Generation And Fuel,1998,,BPAT,Bonneville Power Administration,45.936157,-118.65999,Oregon,0.0,0.0,0.0,0.0,25.0,0.0,0.0,0.0,0.0,0.0
317,20257,OR,Vansycle II Wind Energy Center,58324,SIE23,0,OP,WT,WND,98.9,0.303,262620,92162,Distributed from 923 Generation And Fuel,2009,,PACW,PacifiCorp,45.899167,-118.591389,Oregon,0.0,0.0,0.0,0.0,98.9,0.0,0.0,0.0,0.0,0.0
318,20258,OR,Wagon Trail LLC,56974,1,0,OP,WT,WND,3.3,0.212,6129,3210,Distributed from 923 Generation And Fuel,2009,,PACW,PacifiCorp,45.6531,-119.4625,Oregon,0.0,0.0,0.0,0.0,3.3,0.0,0.0,0.0,0.0,0.0
319,20259,OR,Wallowa Falls,3041,1,0,OP,HY,WAT,1.1,0.45,4340,1404,Distributed from 923 Generation And Fuel,1921,,PACW,PacifiCorp,45.266702,-117.212732,Oregon,0.0,0.0,0.0,0.0,0.0,0.0,0.0,1.1,0.0,0.0
320,20260,OR,Walterville,3071,1,0,OP,HY,WAT,8,0.735,51500,16657,Distributed from 923 Generation And Fuel,1949,,BPAT,City of Eugene - (OR),44.069636,-122.835046,Oregon,0.0,0.0,0.0,0.0,0.0,0.0,0.0,8.0,0.0,0.0
321,20261,OR,Ward Butte Windfarm LLC,56975,1,0,OP,WT,WND,6.6,0.292,16909,8855,Distributed from 923 Generation And Fuel,2009,,PACW,PacifiCorp,45.6967,-119.4097,Oregon,0.0,0.0,0.0,0.0,6.6,0.0,0.0,0.0,0.0,0.0
322,20265,OR,Warm Springs Power Enterprises,54721,0001,0,OP,HY,WAT,19.6,0.478,82063,29171,Distributed from 923 Generation And Fuel,1982,,PACW,PacifiCorp,44.724242,-121.247729,Oregon,0.0,0.0,0.0,0.0,0.0,0.0,0.0,19.6,0.0,0.0
323,20266,OR,Waste Management Columbia Ridge LFGTE,57015,GEN1,0,OP,IC,LFG,0.8,0.891,6245.688,2560.75,Distributed from 923 Generation And Fuel,2009,,BPAT,"Columbia Basin Elec Cooperative, Inc",45.5739,-120.2969,Oregon,0.0,0.0,0.0,0.0,0.0,0.0,0.0,0.0,0.0,0.8
324,20267,OR,Waste Management Columbia Ridge LFGTE,57015,GEN10,0,OP,IC,LFG,1.6,0.891,12491.375,5121.5,Distributed from 923 Generation And Fuel,2014,,BPAT,"Columbia Basin Elec Cooperative, Inc",45.5739,-120.2969,Oregon,0.0,0.0,0.0,0.0,0.0,0.0,0.0,0.0,0.0,1.6
325,20268,OR,Waste Management Columbia Ridge LFGTE,57015,GEN11,0,OP,IC,LFG,1.6,0.891,12491.375,5121.5,Distributed from 923 Generation And Fuel,2014,,BPAT,"Columbia Basin Elec Cooperative, Inc",45.5739,-120.2969,Oregon,0.0,0.0,0.0,0.0,0.0,0.0,0.0,0.0,0.0,1.6
326,20269,OR,Waste Management Columbia Ridge LFGTE,57015,GEN12,0,OP,IC,LFG,1.6,0.891,12491.375,5121.5,Distributed from 923 Generation And Fuel,2014,,BPAT,"Columbia Basin Elec Cooperative, Inc",45.5739,-120.2969,Oregon,0.0,0.0,0.0,0.0,0.0,0.0,0.0,0.0,0.0,1.6
327,20270,OR,Waste Management Columbia Ridge LFGTE,57015,GEN2,0,OP,IC,LFG,0.8,0.891,6245.688,2560.75,Distributed from 923 Generation And Fuel,2009,,BPAT,"Columbia Basin Elec Cooperative, Inc",45.5739,-120.2969,Oregon,0.0,0.0,0.0,0.0,0.0,0.0,0.0,0.0,0.0,0.8
328,20271,OR,Waste Management Columbia Ridge LFGTE,57015,GEN3,0,OP,IC,LFG,0.8,0.891,6245.688,2560.75,Distributed from 923 Generation And Fuel,2009,,BPAT,"Columbia Basin Elec Cooperative, Inc",45.5739,-120.2969,Oregon,0.0,0.0,0.0,0.0,0.0,0.0,0.0,0.0,0.0,0.8
329,20272,OR,Waste Management Columbia Ridge LFGTE,57015,GEN4,0,OP,IC,LFG,0.8,0.891,6245.688,2560.75,Distributed from 923 Generation And Fuel,2009,,BPAT,"Columbia Basin Elec Cooperative, Inc",45.5739,-120.2969,Oregon,0.0,0.0,0.0,0.0,0.0,0.0,0.0,0.0,0.0,0.8
330,20273,OR,Waste Management Columbia Ridge LFGTE,57015,GEN5,0,OP,IC,LFG,0.8,0.891,6245.688,2560.75,Distributed from 923 Generation And Fuel,2009,,BPAT,"Columbia Basin Elec Cooperative, Inc",45.5739,-120.2969,Oregon,0.0,0.0,0.0,0.0,0.0,0.0,0.0,0.0,0.0,0.8
331,20274,OR,Waste Management Columbia Ridge LFGTE,57015,GEN6,0,OP,IC,LFG,0.8,0.891,6245.688,2560.75,Distributed from 923 Generation And Fuel,2009,,BPAT,"Columbia Basin Elec Cooperative, Inc",45.5739,-120.2969,Oregon,0.0,0.0,0.0,0.0,0.0,0.0,0.0,0.0,0.0,0.8
332,20275,OR,Waste Management Columbia Ridge LFGTE,57015,GEN7,0,OP,IC,LFG,0.8,0.891,6245.688,2560.75,Distributed from 923 Generation And Fuel,2009,,BPAT,"Columbia Basin Elec Cooperative, Inc",45.5739,-120.2969,Oregon,0.0,0.0,0.0,0.0,0.0,0.0,0.0,0.0,0.0,0.8
333,20276,OR,Waste Management Columbia Ridge LFGTE,57015,GEN8,0,OP,IC,LFG,0.8,0.891,6245.688,2560.75,Distributed from 923 Generation And Fuel,2009,,BPAT,"Columbia Basin Elec Cooperative, Inc",45.5739,-120.2969,Oregon,0.0,0.0,0.0,0.0,0.0,0.0,0.0,0.0,0.0,0.8
334,20277,OR,Waste Management Columbia Ridge LFGTE,57015,GEN9,0,OP,IC,LFG,1.6,0.891,12491.375,5121.5,Distributed from 923 Generation And Fuel,2014,,BPAT,"Columbia Basin Elec Cooperative, Inc",45.5739,-120.2969,Oregon,0.0,0.0,0.0,0.0,0.0,0.0,0.0,0.0,0.0,1.6
335,20279,OR,Wheat Field Wind Power Project,56854,GEN1,0,OP,WT,WND,97,0.234,199030,106575,Distributed from 923 Generation And Fuel,2009,,BPAT,Bonneville Power Administration,45.675804,-120.31832,Oregon,0.0,0.0,0.0,0.0,97.0,0.0,0.0,0.0,0.0,0.0
336,20280,OR,Willow Creek Energy Center,56952,1,0,OP,WT,WND,72,0.241,152128,83080,Distributed from 923 Generation And Fuel,2009,,BPAT,Bonneville Power Administration,45.6533,-119.9914,Oregon,0.0,0.0,0.0,0.0,72.0,0.0,0.0,0.0,0.0,0.0
337,20283,OR,Yamhill Solar LLC,57652,1,0,OP,PV,SUN,1,0.14,1223,651,Distributed from 923 Generation And Fuel,2011,,PGE,Portland General Electric Co,45.108889,-123.278611,Oregon,0.0,0.0,0.0,0.0,0.0,1.0,0.0,0.0,0.0,0.0
