,eGRID2016 Generator file sequence number,Plant state abbreviation,Plant name,DOE/EIA ORIS plant or facility code,Generator ID,Number of associated boilers,Generator status,Generator prime mover type,Generator primary fuel,Generator nameplate capacity (MW),Generator capacity factor,Generator annual net generation (MWh),Generator ozone season net generation (MWh),Generation data source,Generator year on-line,Generator planned or actual retirement year,area,utility,latitude,longitude,state,NGCC,NGCT,Coal,Oil,Wind,SolarPV,SolarCSP,Hydro,Nuclear,Other
0,23377,UT,Bartholomew,3688,2,0,OP,HY,WAT,1,0.164,1438,663,Distributed from 923 Generation And Fuel,1988,,PACE,City of Springville - (UT),40.167136,-111.499461,Utah,0.0,0.0,0.0,0.0,0.0,0.0,0.0,1.0,0.0,0.0
1,23379,UT,Beryl Solar Plant,58598,BSP1,0,OP,PV,SUN,3,0.226,5951,3523,Distributed from 923 Generation And Fuel,2015,,PACE,PacifiCorp,37.639167,-113.645833,Utah,0.0,0.0,0.0,0.0,0.0,3.0,0.0,0.0,0.0,0.0
2,23380,UT,Bloomington Power Plant,7767,1,0,OP,IC,DFO,1.7,0,3.667,1.667,Distributed from 923 Generation And Fuel,1999,,PACE,City of St George,37.041997,-113.626736,Utah,0.0,0.0,0.0,1.7,0.0,0.0,0.0,0.0,0.0,0.0
3,23381,UT,Bloomington Power Plant,7767,2,0,OP,IC,DFO,1.7,0,3.667,1.667,Distributed from 923 Generation And Fuel,1999,,PACE,City of St George,37.041997,-113.626736,Utah,0.0,0.0,0.0,1.7,0.0,0.0,0.0,0.0,0.0,0.0
4,23382,UT,Bloomington Power Plant,7767,3,0,OP,IC,DFO,1.7,0,3.667,1.667,Distributed from 923 Generation And Fuel,1999,,PACE,City of St George,37.041997,-113.626736,Utah,0.0,0.0,0.0,1.7,0.0,0.0,0.0,0.0,0.0,0.0
5,23383,UT,Bloomington Power Plant,7767,4,0,OP,IC,DFO,1.7,0,3.667,1.667,Distributed from 923 Generation And Fuel,1999,,PACE,City of St George,37.041997,-113.626736,Utah,0.0,0.0,0.0,1.7,0.0,0.0,0.0,0.0,0.0,0.0
6,23384,UT,Bloomington Power Plant,7767,5,0,OP,IC,DFO,1.7,0,3.667,1.667,Distributed from 923 Generation And Fuel,1999,,PACE,City of St George,37.041997,-113.626736,Utah,0.0,0.0,0.0,1.7,0.0,0.0,0.0,0.0,0.0,0.0
7,23385,UT,Bloomington Power Plant,7767,6,0,OP,IC,DFO,1.7,0,3.667,1.667,Distributed from 923 Generation And Fuel,1999,,PACE,City of St George,37.041997,-113.626736,Utah,0.0,0.0,0.0,1.7,0.0,0.0,0.0,0.0,0.0,0.0
8,23387,UT,Blue Mountain Biogas,58130,BMB N,0,OP,IC,OBG,1.6,0.073,1018,427.5,Distributed from 923 Generation And Fuel,2012,,PACE,PacifiCorp,38.173889,-113.297222,Utah,0.0,0.0,0.0,0.0,0.0,0.0,0.0,0.0,0.0,1.6
9,23388,UT,Blue Mountain Biogas,58130,BMB S,0,OP,IC,OBG,1.6,0.073,1018,427.5,Distributed from 923 Generation And Fuel,2012,,PACE,PacifiCorp,38.173889,-113.297222,Utah,0.0,0.0,0.0,0.0,0.0,0.0,0.0,0.0,0.0,1.6
10,23390,UT,Blundell,299,1,1,OP,ST,GEO,30.7,0.655,176057.647,71809.219,Distributed from 923 Generation And Fuel,1984,,PACE,PacifiCorp,38.4889,-112.8533,Utah,0.0,0.0,0.0,0.0,0.0,0.0,0.0,0.0,0.0,30.7
11,23391,UT,Blundell,299,2,1,OP,ST,GEO,14.1,0.655,80860.353,32980.781,Distributed from 923 Generation And Fuel,2007,,PACE,PacifiCorp,38.4889,-112.8533,Utah,0.0,0.0,0.0,0.0,0.0,0.0,0.0,0.0,0.0,14.1
12,23393,UT,Bonanza,7790,1,1,OP,ST,BIT,499.5,0.7,3063497,1102836,EIA-923 Generator File,1986,,PACE,Deseret Generation & Tran Coop,40.0864,-109.2844,Utah,0.0,0.0,0.0,0.0,0.0,0.0,0.0,0.0,0.0,499.5
13,23395,UT,Boulder,3699,1,0,OP,HY,WAT,1.4,0.695,8525.667,3929.333,Distributed from 923 Generation And Fuel,1958,,WACM,"Garkane Energy Coop, Inc",37.9858,-111.4383,Utah,0.0,0.0,0.0,0.0,0.0,0.0,0.0,1.4,0.0,0.0
14,23396,UT,Boulder,3699,2,0,OP,HY,WAT,1.4,0.695,8525.667,3929.333,Distributed from 923 Generation And Fuel,1958,,WACM,"Garkane Energy Coop, Inc",37.9858,-111.4383,Utah,0.0,0.0,0.0,0.0,0.0,0.0,0.0,1.4,0.0,0.0
15,23397,UT,Boulder,3699,3,0,OP,HY,WAT,1.4,0.695,8525.667,3929.333,Distributed from 923 Generation And Fuel,1961,,WACM,"Garkane Energy Coop, Inc",37.9858,-111.4383,Utah,0.0,0.0,0.0,0.0,0.0,0.0,0.0,1.4,0.0,0.0
16,23398,UT,Bountiful City,3665,1A,0,OP,GT,NG,5.2,0.053,2408.592,1156.829,Distributed from 923 Generation And Fuel,2001,,PACE,City of Bountiful,40.886867,-111.885332,Utah,0.0,5.2,0.0,0.0,0.0,0.0,0.0,0.0,0.0,0.0
17,23399,UT,Bountiful City,3665,2A,0,OP,GT,NG,12.6,0.053,5836.204,2803.086,Distributed from 923 Generation And Fuel,2012,,PACE,City of Bountiful,40.886867,-111.885332,Utah,0.0,12.6,0.0,0.0,0.0,0.0,0.0,0.0,0.0,0.0
18,23400,UT,Bountiful City,3665,3A,0,OP,GT,NG,12.6,0.053,5836.204,2803.086,Distributed from 923 Generation And Fuel,2012,,PACE,City of Bountiful,40.886867,-111.885332,Utah,0.0,12.6,0.0,0.0,0.0,0.0,0.0,0.0,0.0,0.0
19,23408,UT,Brigham City,3666,1,0,OP,HY,WAT,0.6,0.382,2006.667,925,Distributed from 923 Generation And Fuel,1921,,PACE,Brigham City Corporation,41.501619,-111.99345,Utah,0.0,0.0,0.0,0.0,0.0,0.0,0.0,0.6,0.0,0.0
20,23409,UT,Brigham City,3666,2,0,OP,HY,WAT,0.6,0.382,2006.667,925,Distributed from 923 Generation And Fuel,1921,,PACE,Brigham City Corporation,41.501619,-111.99345,Utah,0.0,0.0,0.0,0.0,0.0,0.0,0.0,0.6,0.0,0.0
21,23410,UT,Brigham City,3666,8182,0,OP,HY,WAT,0.6,0.382,2006.667,925,Distributed from 923 Generation And Fuel,1964,,PACE,Brigham City Corporation,41.501619,-111.99345,Utah,0.0,0.0,0.0,0.0,0.0,0.0,0.0,0.6,0.0,0.0
22,23411,UT,Buckhorn Solar Plant,58600,BSP1,0,OP,PV,SUN,3,0.218,5729,3391,Distributed from 923 Generation And Fuel,2015,,PACE,PacifiCorp,38.023333,-112.731667,Utah,0.0,0.0,0.0,0.0,0.0,3.0,0.0,0.0,0.0,0.0
23,23414,UT,Causey,7548,1,0,OP,HY,WAT,1.5,0.246,3237.143,1492.143,Distributed from 923 Generation And Fuel,1998,,PACE,PacifiCorp,41.297229,-111.588849,Utah,0.0,0.0,0.0,0.0,0.0,0.0,0.0,1.5,0.0,0.0
24,23415,UT,Causey,7548,2,0,OP,HY,WAT,0.6,0.246,1294.857,596.857,Distributed from 923 Generation And Fuel,1998,,PACE,PacifiCorp,41.297229,-111.588849,Utah,0.0,0.0,0.0,0.0,0.0,0.0,0.0,0.6,0.0,0.0
25,23416,UT,Cedar Valley Solar Plant,58599,CVSP1,0,OP,PV,SUN,3,0.119,3131,1853,Distributed from 923 Generation And Fuel,2015,,PACE,PacifiCorp,37.807778,-113.09,Utah,0.0,0.0,0.0,0.0,0.0,3.0,0.0,0.0,0.0,0.0
26,23417,UT,Central Energy Plant USU,58139,TURBI,0,OP,GT,NG,5,0.891,39037,18750,Distributed from 923 Generation And Fuel,2004,,PACE,City of Logan - (UT),41.748611,-111.811667,Utah,0.0,5.0,0.0,0.0,0.0,0.0,0.0,0.0,0.0,0.0
27,23418,UT,Currant Creek,56102,CT1A,0,OP,CT,NG,172,0.336,506272,247619,EIA-923 Generator File,2005,,PACE,PacifiCorp,39.82144,-111.89345,Utah,172.0,0.0,0.0,0.0,0.0,0.0,0.0,0.0,0.0,0.0
28,23419,UT,Currant Creek,56102,CT1B,0,OP,CT,NG,172,0.297,447372,230467,EIA-923 Generator File,2005,,PACE,PacifiCorp,39.82144,-111.89345,Utah,172.0,0.0,0.0,0.0,0.0,0.0,0.0,0.0,0.0,0.0
29,23420,UT,Currant Creek,56102,ST1,2,OP,CA,NG,305,0.195,521406,278877,EIA-923 Generator File,2006,,PACE,PacifiCorp,39.82144,-111.89345,Utah,305.0,0.0,0.0,0.0,0.0,0.0,0.0,0.0,0.0,0.0
30,23421,UT,Cutler Hydro,3646,1,0,OP,HY,WAT,15,0.244,32110.5,14799,Distributed from 923 Generation And Fuel,1927,,PACE,PacifiCorp,41.834702,-112.052114,Utah,0.0,0.0,0.0,0.0,0.0,0.0,0.0,15.0,0.0,0.0
31,23422,UT,Cutler Hydro,3646,2,0,OP,HY,WAT,15,0.244,32110.5,14799,Distributed from 923 Generation And Fuel,1927,,PACE,PacifiCorp,41.834702,-112.052114,Utah,0.0,0.0,0.0,0.0,0.0,0.0,0.0,15.0,0.0,0.0
32,23423,UT,Deer Creek (UT),6404,1,0,OP,HY,WAT,2.4,0.477,10028,4621.5,Distributed from 923 Generation And Fuel,1958,,WAUW,WAPA-- Western Area Power Administration,40.404354,-111.528446,Utah,0.0,0.0,0.0,0.0,0.0,0.0,0.0,2.4,0.0,0.0
33,23424,UT,Deer Creek (UT),6404,2,0,OP,HY,WAT,2.4,0.477,10028,4621.5,Distributed from 923 Generation And Fuel,1958,,WAUW,WAPA-- Western Area Power Administration,40.404354,-111.528446,Utah,0.0,0.0,0.0,0.0,0.0,0.0,0.0,2.4,0.0,0.0
34,23425,UT,eBay - South Jordan,59281,EBY00,0,OP,FC,NG,6,0.89,46770.612,22464.49,Distributed from 923 Generation And Fuel,2013,,PACE,PacifiCorp,40.560556,-112.047778,Utah,0.0,6.0,0.0,0.0,0.0,0.0,0.0,0.0,0.0,0.0
35,23426,UT,eBay - South Jordan,59281,EBY03,0,OP,FC,NG,3.8,0.89,29621.388,14227.51,Distributed from 923 Generation And Fuel,2015,,PACE,PacifiCorp,40.560556,-112.047778,Utah,0.0,3.8,0.0,0.0,0.0,0.0,0.0,0.0,0.0,0.0
36,23427,UT,Echo Dam,4263,3,0,OP,HY,WAT,1,0.149,1306.136,602.045,Distributed from 923 Generation And Fuel,1987,,PACE,City of Bountiful,40.964828,-111.433937,Utah,0.0,0.0,0.0,0.0,0.0,0.0,0.0,1.0,0.0,0.0
37,23428,UT,Echo Dam,4263,NA1,0,OP,HY,WAT,1.7,0.149,2220.432,1023.477,Distributed from 923 Generation And Fuel,1987,,PACE,City of Bountiful,40.964828,-111.433937,Utah,0.0,0.0,0.0,0.0,0.0,0.0,0.0,1.7,0.0,0.0
38,23429,UT,Echo Dam,4263,NA2,0,OP,HY,WAT,1.7,0.149,2220.432,1023.477,Distributed from 923 Generation And Fuel,1987,,PACE,City of Bountiful,40.964828,-111.433937,Utah,0.0,0.0,0.0,0.0,0.0,0.0,0.0,1.7,0.0,0.0
39,23430,UT,Enel Cove Fort,58570,1-G1A,0,OP,BT,GEO,12.5,0.753,82422,31500,Distributed from 923 Generation And Fuel,2013,,PACE,PacifiCorp,38.560278,-112.581111,Utah,0.0,0.0,0.0,0.0,0.0,0.0,0.0,0.0,0.0,12.5
40,23431,UT,Enel Cove Fort,58570,2-GIA,0,OP,BT,GEO,12.5,0.753,82422,31500,Distributed from 923 Generation And Fuel,2013,,PACE,PacifiCorp,38.560278,-112.581111,Utah,0.0,0.0,0.0,0.0,0.0,0.0,0.0,0.0,0.0,12.5
41,23432,UT,"Enterprise Solar, LLC",59386,ENTS1,0,OP,PV,SUN,80,0.2,140267,100346,Distributed from 923 Generation And Fuel,2016,,PACE,PacifiCorp,37.641111,-113.6125,Utah,0.0,0.0,0.0,0.0,0.0,80.0,0.0,0.0,0.0,0.0
42,23433,UT,"Escalante Solar I, LLC",59387,ESCS1,0,OP,PV,SUN,80,0.122,85340,51381,Distributed from 923 Generation And Fuel,2016,,PACE,PacifiCorp,38.524167,-113.033889,Utah,0.0,0.0,0.0,0.0,0.0,80.0,0.0,0.0,0.0,0.0
43,23434,UT,"Escalante Solar II, LLC",59388,ESCS2,0,OP,PV,SUN,80,0.135,94435,61612,Distributed from 923 Generation And Fuel,2016,,PACE,PacifiCorp,38.500833,-113.03,Utah,0.0,0.0,0.0,0.0,0.0,80.0,0.0,0.0,0.0,0.0
44,23435,UT,"Escalante Solar III, LLC",59389,ESCS3,0,OP,PV,SUN,80,0.139,97501,64415,Distributed from 923 Generation And Fuel,2016,,PACE,PacifiCorp,38.497778,-112.986944,Utah,0.0,0.0,0.0,0.0,0.0,80.0,0.0,0.0,0.0,0.0
45,23436,UT,Fiddler's Canyon #1,59787,FID1,0,OP,PV,SUN,3,0.267,7012,4151,Distributed from 923 Generation And Fuel,2015,,PACE,PacifiCorp,37.750268,-113.253724,Utah,0.0,0.0,0.0,0.0,0.0,3.0,0.0,0.0,0.0,0.0
46,23437,UT,Fiddler's Canyon #2,59786,FID2,0,OP,PV,SUN,3,0.277,7274,4306,Distributed from 923 Generation And Fuel,2015,,PACE,PacifiCorp,37.794678,-113.283666,Utah,0.0,0.0,0.0,0.0,0.0,3.0,0.0,0.0,0.0,0.0
47,23438,UT,Fiddler's Canyon 3,59932,FID3,0,OP,PV,SUN,3,0.273,7164,4241,Distributed from 923 Generation And Fuel,2015,,PACE,PacifiCorp,37.731338,-113.216634,Utah,0.0,0.0,0.0,0.0,0.0,3.0,0.0,0.0,0.0,0.0
48,23439,UT,Flaming Gorge,6405,1,0,OP,HY,WAT,50.6,0.372,165075.333,76080.333,Distributed from 923 Generation And Fuel,1963,,WAUW,WAPA-- Western Area Power Administration,40.914646,-109.421662,Utah,0.0,0.0,0.0,0.0,0.0,0.0,0.0,50.6,0.0,0.0
49,23440,UT,Flaming Gorge,6405,2,0,OP,HY,WAT,50.6,0.372,165075.333,76080.333,Distributed from 923 Generation And Fuel,1963,,WAUW,WAPA-- Western Area Power Administration,40.914646,-109.421662,Utah,0.0,0.0,0.0,0.0,0.0,0.0,0.0,50.6,0.0,0.0
50,23441,UT,Flaming Gorge,6405,3,0,OP,HY,WAT,50.6,0.372,165075.333,76080.333,Distributed from 923 Generation And Fuel,1964,,WAUW,WAPA-- Western Area Power Administration,40.914646,-109.421662,Utah,0.0,0.0,0.0,0.0,0.0,0.0,0.0,50.6,0.0,0.0
51,23442,UT,Gadsby,3648,1,1,OP,ST,NG,70.5,0.019,11515,12275,EIA-923 Generator File,1951,,PACE,PacifiCorp,40.7686,-111.9289,Utah,70.5,0.0,0.0,0.0,0.0,0.0,0.0,0.0,0.0,0.0
52,23443,UT,Gadsby,3648,2,1,OP,ST,NG,75,0.025,16523,17232,EIA-923 Generator File,1952,,PACE,PacifiCorp,40.7686,-111.9289,Utah,75.0,0.0,0.0,0.0,0.0,0.0,0.0,0.0,0.0,0.0
53,23444,UT,Gadsby,3648,3,1,OP,ST,NG,133.6,0.031,35964,31981,EIA-923 Generator File,1955,,PACE,PacifiCorp,40.7686,-111.9289,Utah,133.6,0.0,0.0,0.0,0.0,0.0,0.0,0.0,0.0,0.0
54,23445,UT,Gadsby,3648,4,0,OP,GT,NG,71,0.031,19085.667,8139.333,Distributed from 923 Generation And Fuel,2002,,PACE,PacifiCorp,40.7686,-111.9289,Utah,0.0,71.0,0.0,0.0,0.0,0.0,0.0,0.0,0.0,0.0
55,23446,UT,Gadsby,3648,5,0,OP,GT,NG,71,0.031,19085.667,8139.333,Distributed from 923 Generation And Fuel,2002,,PACE,PacifiCorp,40.7686,-111.9289,Utah,0.0,71.0,0.0,0.0,0.0,0.0,0.0,0.0,0.0,0.0
56,23447,UT,Gadsby,3648,6,0,OP,GT,NG,71,0.031,19085.667,8139.333,Distributed from 923 Generation And Fuel,2002,,PACE,PacifiCorp,40.7686,-111.9289,Utah,0.0,71.0,0.0,0.0,0.0,0.0,0.0,0.0,0.0,0.0
57,23448,UT,Gateway,3697,1,0,OP,HY,WAT,2,0.259,4535.5,2090.5,Distributed from 923 Generation And Fuel,1958,,PACE,PacifiCorp,41.136547,-111.831441,Utah,0.0,0.0,0.0,0.0,0.0,0.0,0.0,2.0,0.0,0.0
58,23449,UT,Gateway,3697,2,0,OP,HY,WAT,2,0.259,4535.5,2090.5,Distributed from 923 Generation And Fuel,1958,,PACE,PacifiCorp,41.136547,-111.831441,Utah,0.0,0.0,0.0,0.0,0.0,0.0,0.0,2.0,0.0,0.0
59,23450,UT,Granite,3651,1,0,OP,HY,WAT,2,0.355,6219,2866,Distributed from 923 Generation And Fuel,1896,,PACE,PacifiCorp,40.619173,-111.78208,Utah,0.0,0.0,0.0,0.0,0.0,0.0,0.0,2.0,0.0,0.0
60,23451,UT,"Granite Mountain Solar East, LLC",59946,GMSE,0,OP,PV,SUN,80,0.08,55797,21849,Distributed from 923 Generation And Fuel,2016,,PACE,PacifiCorp,37.77509,-113.226403,Utah,0.0,0.0,0.0,0.0,0.0,80.0,0.0,0.0,0.0,0.0
61,23452,UT,"Granite Mountain Solar West, LLC",59945,GMSW,0,OP,PV,SUN,50.4,0.058,25727,9393,Distributed from 923 Generation And Fuel,2016,,PACE,PacifiCorp,37.7989,-113.322,Utah,0.0,0.0,0.0,0.0,0.0,50.4,0.0,0.0,0.0,0.0
62,23453,UT,Granite Peak Solar Plant,58604,GPSP1,0,OP,PV,SUN,3,0.212,5565,3294,Distributed from 923 Generation And Fuel,2015,,PACE,PacifiCorp,38.402778,-112.988889,Utah,0.0,0.0,0.0,0.0,0.0,3.0,0.0,0.0,0.0,0.0
63,23454,UT,Greenville Solar Plant,58603,GVSP1,0,OP,PV,SUN,2.2,0.185,3565,2110,Distributed from 923 Generation And Fuel,2015,,PACE,PacifiCorp,38.256111,-112.735833,Utah,0.0,0.0,0.0,0.0,0.0,2.2,0.0,0.0,0.0,0.0
64,23455,UT,Heber City,7111,1,0,OP,IC,NG,1.4,0.105,1290.284,619.773,Distributed from 923 Generation And Fuel,2004,,PACE,Heber Light & Power Company,40.50368,-111.425246,Utah,0.0,1.4,0.0,0.0,0.0,0.0,0.0,0.0,0.0,0.0
65,23456,UT,Heber City,7111,11,0,OP,IC,NG,1.9,0.105,1751.099,841.121,Distributed from 923 Generation And Fuel,2015,,PACE,Heber Light & Power Company,40.50368,-111.425246,Utah,0.0,1.9,0.0,0.0,0.0,0.0,0.0,0.0,0.0,0.0
66,23457,UT,Heber City,7111,12,0,OP,IC,NG,2.3,0.105,2119.752,1018.199,Distributed from 923 Generation And Fuel,2015,,PACE,Heber Light & Power Company,40.50368,-111.425246,Utah,0.0,2.3,0.0,0.0,0.0,0.0,0.0,0.0,0.0,0.0
67,23458,UT,Heber City,7111,2,0,OP,IC,NG,1.4,0.105,1290.284,619.773,Distributed from 923 Generation And Fuel,2004,,PACE,Heber Light & Power Company,40.50368,-111.425246,Utah,0.0,1.4,0.0,0.0,0.0,0.0,0.0,0.0,0.0,0.0
68,23459,UT,Heber City,7111,4,0,OP,IC,NG,1.9,0.105,1751.099,841.121,Distributed from 923 Generation And Fuel,2003,,PACE,Heber Light & Power Company,40.50368,-111.425246,Utah,0.0,1.9,0.0,0.0,0.0,0.0,0.0,0.0,0.0,0.0
69,23460,UT,Heber City,7111,NA10,0,OP,IC,NG,1.9,0.105,1751.099,841.121,Distributed from 923 Generation And Fuel,2002,,PACE,Heber Light & Power Company,40.50368,-111.425246,Utah,0.0,1.9,0.0,0.0,0.0,0.0,0.0,0.0,0.0,0.0
70,23461,UT,Heber City,7111,NA5,0,OP,IC,NG,0.7,0.105,645.142,309.887,Distributed from 923 Generation And Fuel,1990,,PACE,Heber Light & Power Company,40.50368,-111.425246,Utah,0.0,0.7,0.0,0.0,0.0,0.0,0.0,0.0,0.0,0.0
71,23462,UT,Heber City,7111,NA6,0,OP,IC,NG,0.7,0.105,645.142,309.887,Distributed from 923 Generation And Fuel,2001,,PACE,Heber Light & Power Company,40.50368,-111.425246,Utah,0.0,0.7,0.0,0.0,0.0,0.0,0.0,0.0,0.0,0.0
72,23463,UT,Heber City,7111,NA9,0,OP,IC,NG,1.9,0.105,1751.099,841.121,Distributed from 923 Generation And Fuel,2003,,PACE,Heber Light & Power Company,40.50368,-111.425246,Utah,0.0,1.9,0.0,0.0,0.0,0.0,0.0,0.0,0.0,0.0
73,23470,UT,"Hill AFB LFG Facility, Bldg #737",60349,LFGG1,0,OP,IC,LFG,0.6,0.811,4263.913,1790.087,Distributed from 923 Generation And Fuel,2005,,PACE,PacifiCorp,41.12902,-111.964147,Utah,0.0,0.0,0.0,0.0,0.0,0.0,0.0,0.0,0.0,0.6
74,23471,UT,"Hill AFB LFG Facility, Bldg #737",60349,LFGG2,0,OP,IC,LFG,0.7,0.811,4974.565,2088.435,Distributed from 923 Generation And Fuel,2005,,PACE,PacifiCorp,41.12902,-111.964147,Utah,0.0,0.0,0.0,0.0,0.0,0.0,0.0,0.0,0.0,0.7
75,23472,UT,"Hill AFB LFG Facility, Bldg #737",60349,LFGG3,0,OP,IC,LFG,1,0.811,7106.522,2983.478,Distributed from 923 Generation And Fuel,2008,,PACE,PacifiCorp,41.12902,-111.964147,Utah,0.0,0.0,0.0,0.0,0.0,0.0,0.0,0.0,0.0,1.0
76,23473,UT,HTW Plant 303 COGEN,58597,CGN1,0,OP,GT,NG,7.4,0.533,34528,16584,Distributed from 923 Generation And Fuel,2008,,PACE,PacifiCorp,40.763056,-111.841667,Utah,0.0,7.4,0.0,0.0,0.0,0.0,0.0,0.0,0.0,0.0
77,23474,UT,Hunter,6165,1,1,OP,ST,BIT,525,0.618,2841209,1162193,EIA-923 Generator File,1978,,PACE,PacifiCorp,39.1747,-111.0289,Utah,0.0,0.0,0.0,0.0,0.0,0.0,0.0,0.0,0.0,525.0
78,23475,UT,Hunter,6165,2,1,OP,ST,BIT,525,0.603,2773932,1182150,EIA-923 Generator File,1980,,PACE,PacifiCorp,39.1747,-111.0289,Utah,0.0,0.0,0.0,0.0,0.0,0.0,0.0,0.0,0.0,525.0
79,23476,UT,Hunter,6165,3,1,OP,ST,BIT,527.2,0.551,2546078,1137731,EIA-923 Generator File,1983,,PACE,PacifiCorp,39.1747,-111.0289,Utah,0.0,0.0,0.0,0.0,0.0,0.0,0.0,0.0,0.0,527.2
80,23477,UT,Huntington,8069,1,1,OP,ST,BIT,541.3,0.543,2576563,1242930,EIA-923 Generator File,1977,,PACE,PacifiCorp,39.3792,-111.0781,Utah,0.0,0.0,0.0,0.0,0.0,0.0,0.0,0.0,0.0,541.3
81,23478,UT,Huntington,8069,2,1,OP,ST,BIT,496,0.674,2927327,1221453,EIA-923 Generator File,1974,,PACE,PacifiCorp,39.3792,-111.0781,Utah,0.0,0.0,0.0,0.0,0.0,0.0,0.0,0.0,0.0,496.0
82,23482,UT,Hurricane City Power,57899,4,0,OP,IC,NG,2,0.02,345.033,165.695,Distributed from 923 Generation And Fuel,2004,,PACE,Hurricane City Power,37.185556,-113.2975,Utah,0.0,2.0,0.0,0.0,0.0,0.0,0.0,0.0,0.0,0.0
83,23483,UT,Hurricane City Power,57899,5,0,OP,IC,NG,2,0.02,345.033,165.695,Distributed from 923 Generation And Fuel,2004,,PACE,Hurricane City Power,37.185556,-113.2975,Utah,0.0,2.0,0.0,0.0,0.0,0.0,0.0,0.0,0.0,0.0
84,23484,UT,Hurricane City Power,57899,6,0,OP,IC,NG,2,0.02,345.033,165.695,Distributed from 923 Generation And Fuel,2006,,PACE,Hurricane City Power,37.185556,-113.2975,Utah,0.0,2.0,0.0,0.0,0.0,0.0,0.0,0.0,0.0,0.0
85,23485,UT,Hurricane City Power,57899,7,0,OP,IC,NG,2,0.02,345.033,165.695,Distributed from 923 Generation And Fuel,2007,,PACE,Hurricane City Power,37.185556,-113.2975,Utah,0.0,2.0,0.0,0.0,0.0,0.0,0.0,0.0,0.0,0.0
86,23486,UT,Hurricane City Power,57899,8,0,OP,IC,NG,2,0.02,345.033,165.695,Distributed from 923 Generation And Fuel,2007,,PACE,Hurricane City Power,37.185556,-113.2975,Utah,0.0,2.0,0.0,0.0,0.0,0.0,0.0,0.0,0.0,0.0
87,23487,UT,Hydro II,7034,1,0,OP,HY,WAT,3.3,0.34,9829,4530,Distributed from 923 Generation And Fuel,1986,,PACE,City of Logan - (UT),41.743728,-111.783169,Utah,0.0,0.0,0.0,0.0,0.0,0.0,0.0,3.3,0.0,0.0
88,23488,UT,Hydro II,7034,2,0,OP,HY,WAT,3.3,0.34,9829,4530,Distributed from 923 Generation And Fuel,1986,,PACE,City of Logan - (UT),41.743728,-111.783169,Utah,0.0,0.0,0.0,0.0,0.0,0.0,0.0,3.3,0.0,0.0
89,23489,UT,Hydro III,3675,HY1,0,OP,HY,WAT,0.7,0.417,2554,1177,Distributed from 923 Generation And Fuel,1925,2023,PACE,City of Logan - (UT),41.746364,-111.746023,Utah,0.0,0.0,0.0,0.0,0.0,0.0,0.0,0.7,0.0,0.0
90,23490,UT,Hydro III,3675,HY2,0,OP,HY,WAT,0.7,0.417,2554,1177,Distributed from 923 Generation And Fuel,1925,2023,PACE,City of Logan - (UT),41.746364,-111.746023,Utah,0.0,0.0,0.0,0.0,0.0,0.0,0.0,0.7,0.0,0.0
91,23494,UT,Hydro Plant No 3,925,2,0,OP,HY,WAT,0.7,0.11,675,311,Distributed from 923 Generation And Fuel,1984,,PACE,City of Ephraim - (UT),39.205623,-111.334381,Utah,0.0,0.0,0.0,0.0,0.0,0.0,0.0,0.7,0.0,0.0
92,23495,UT,Hydro Plant No 3,925,3,0,OP,HY,WAT,2.1,0.11,2025,933,Distributed from 923 Generation And Fuel,1984,,PACE,City of Ephraim - (UT),39.205623,-111.334381,Utah,0.0,0.0,0.0,0.0,0.0,0.0,0.0,2.1,0.0,0.0
93,23496,UT,Intermountain Power Project,6481,1,1,OP,ST,BIT,820,0.569,4084484,1823092,EIA-923 Generator File,1986,,LDWP,Intermountain Power Agency,39.509731,-112.58018,Utah,0.0,0.0,0.0,0.0,0.0,0.0,0.0,0.0,0.0,820.0
94,23497,UT,Intermountain Power Project,6481,2,1,OP,ST,BIT,820,0.601,4319366,1816619,EIA-923 Generator File,1987,,LDWP,Intermountain Power Agency,39.509731,-112.58018,Utah,0.0,0.0,0.0,0.0,0.0,0.0,0.0,0.0,0.0,820.0
95,23498,UT,"Iron Springs Solar, LLC",59941,ISS,0,OP,PV,SUN,80,0.163,114476,77656,Distributed from 923 Generation And Fuel,2016,,PACE,PacifiCorp,37.7212,-113.1516,Utah,0.0,0.0,0.0,0.0,0.0,80.0,0.0,0.0,0.0,0.0
96,23502,UT,Kennecott Power Plant,56163,4,1,OP,ST,BIT,82,0.442,317313,176435,EIA-923 Generator File,1958,,PACE,PacifiCorp,40.7119,-112.1225,Utah,0.0,0.0,0.0,0.0,0.0,0.0,0.0,0.0,0.0,82.0
97,23503,UT,Kennecott Power Plant,56163,RCHP,0,OP,GT,NG,6.4,0.264,14786,6376,Distributed from 923 Generation And Fuel,2010,,PACE,PacifiCorp,40.7119,-112.1225,Utah,0.0,6.4,0.0,0.0,0.0,0.0,0.0,0.0,0.0,0.0
98,23504,UT,Kennecott Power Plant,56163,SM58,0,OP,ST,WH,31.8,0.617,171972,73250,Distributed from 923 Generation And Fuel,1995,,PACE,PacifiCorp,40.7119,-112.1225,Utah,0.0,0.0,0.0,0.0,0.0,0.0,0.0,0.0,0.0,31.8
99,23513,UT,Laho Solar Plant,58602,LSP1,0,OP,PV,SUN,3,0.231,6068,3592,Distributed from 923 Generation And Fuel,2015,,PACE,PacifiCorp,38.291389,-113.035556,Utah,0.0,0.0,0.0,0.0,0.0,3.0,0.0,0.0,0.0,0.0
100,23514,UT,Lake Creek Dam,159,1,0,OP,HY,WAT,1.5,0.251,3295,1519,Distributed from 923 Generation And Fuel,1981,,PACE,Heber Light & Power Company,40.493631,-111.312506,Utah,0.0,0.0,0.0,0.0,0.0,0.0,0.0,1.5,0.0,0.0
101,23515,UT,Lake Side Power Plant,56237,CT01,0,OP,CT,NG,203,0.486,864745,380712,EIA-923 Generator File,2007,,PACE,PacifiCorp,40.331667,-111.754167,Utah,203.0,0.0,0.0,0.0,0.0,0.0,0.0,0.0,0.0,0.0
102,23516,UT,Lake Side Power Plant,56237,CT02,0,OP,CT,NG,203,0.48,852800,365908,EIA-923 Generator File,2007,,PACE,PacifiCorp,40.331667,-111.754167,Utah,203.0,0.0,0.0,0.0,0.0,0.0,0.0,0.0,0.0,0.0
103,23517,UT,Lake Side Power Plant,56237,CT21,0,OP,CT,NG,206,0.523,944588,436761,EIA-923 Generator File,2014,,PACE,PacifiCorp,40.331667,-111.754167,Utah,206.0,0.0,0.0,0.0,0.0,0.0,0.0,0.0,0.0,0.0
104,23518,UT,Lake Side Power Plant,56237,CT22,0,OP,CT,NG,206,0.512,924715,424877,EIA-923 Generator File,2014,,PACE,PacifiCorp,40.331667,-111.754167,Utah,206.0,0.0,0.0,0.0,0.0,0.0,0.0,0.0,0.0,0.0
105,23519,UT,Lake Side Power Plant,56237,ST01,2,OP,CA,NG,251,0.461,1013077,458209,EIA-923 Generator File,2007,,PACE,PacifiCorp,40.331667,-111.754167,Utah,251.0,0.0,0.0,0.0,0.0,0.0,0.0,0.0,0.0,0.0
106,23520,UT,Lake Side Power Plant,56237,ST2,2,OP,CA,NG,316,0.407,1126117,549284,EIA-923 Generator File,2014,,PACE,PacifiCorp,40.331667,-111.754167,Utah,316.0,0.0,0.0,0.0,0.0,0.0,0.0,0.0,0.0,0.0
107,23521,UT,Latigo Wind Park,59965,LTIGO,0,OP,WT,WND,62.1,0.192,104485,49036,Distributed from 923 Generation And Fuel,2016,,PACE,PacifiCorp,37.886706,-109.36839,Utah,0.0,0.0,0.0,0.0,62.1,0.0,0.0,0.0,0.0,0.0
108,23522,UT,Little Cottonwood,6537,1,0,OP,HY,WAT,2.4,0.209,4404,2029.5,Distributed from 923 Generation And Fuel,1983,,PACE,City of Murray - (UT),40.584985,-111.800605,Utah,0.0,0.0,0.0,0.0,0.0,0.0,0.0,2.4,0.0,0.0
109,23523,UT,Little Cottonwood,6537,2,0,OP,HY,WAT,2.4,0.209,4404,2029.5,Distributed from 923 Generation And Fuel,1983,,PACE,City of Murray - (UT),40.584985,-111.800605,Utah,0.0,0.0,0.0,0.0,0.0,0.0,0.0,2.4,0.0,0.0
110,23525,UT,Logan City,4251,1,0,OP,GT,NG,5.3,0.001,46.333,22.333,Distributed from 923 Generation And Fuel,2002,,PACE,City of Logan - (UT),41.725833,-111.8433,Utah,0.0,5.3,0.0,0.0,0.0,0.0,0.0,0.0,0.0,0.0
111,23526,UT,Logan City,4251,2,0,OP,GT,NG,5.3,0.001,46.333,22.333,Distributed from 923 Generation And Fuel,2002,,PACE,City of Logan - (UT),41.725833,-111.8433,Utah,0.0,5.3,0.0,0.0,0.0,0.0,0.0,0.0,0.0,0.0
112,23527,UT,Logan City,4251,3,0,OP,GT,NG,5.3,0.001,46.333,22.333,Distributed from 923 Generation And Fuel,2002,,PACE,City of Logan - (UT),41.725833,-111.8433,Utah,0.0,5.3,0.0,0.0,0.0,0.0,0.0,0.0,0.0,0.0
113,23535,UT,Manti Lower,1020,2,0,OP,HY,WAT,0.6,0.125,659,303.5,Distributed from 923 Generation And Fuel,1989,,PACE,City of Manti - (UT),39.255911,-111.621491,Utah,0.0,0.0,0.0,0.0,0.0,0.0,0.0,0.6,0.0,0.0
114,23536,UT,Manti Lower,1020,HC1,0,OP,HY,WAT,0.6,0.125,659,303.5,Distributed from 923 Generation And Fuel,1989,,PACE,City of Manti - (UT),39.255911,-111.621491,Utah,0.0,0.0,0.0,0.0,0.0,0.0,0.0,0.6,0.0,0.0
115,23538,UT,Manti Upper,3676,HC2,0,OP,HY,WAT,1,0.17,1487.5,685.625,Distributed from 923 Generation And Fuel,1988,,PACE,City of Manti - (UT),39.255911,-111.621491,Utah,0.0,0.0,0.0,0.0,0.0,0.0,0.0,1.0,0.0,0.0
116,23539,UT,Milford 2,59958,MIL2,0,OP,PV,SUN,3,0.252,6620,3919,Distributed from 923 Generation And Fuel,2015,,PACE,PacifiCorp,38.388243,-112.990812,Utah,0.0,0.0,0.0,0.0,0.0,3.0,0.0,0.0,0.0,0.0
117,23540,UT,Milford Flat Solar Plant,58601,MFSP1,0,OP,PV,SUN,3,0.201,5274,3122,Distributed from 923 Generation And Fuel,2015,,PACE,PacifiCorp,38.291389,-113.008333,Utah,0.0,0.0,0.0,0.0,0.0,3.0,0.0,0.0,0.0,0.0
118,23541,UT,Milford Wind Corridor I LLC,57079,1,0,OP,WT,WND,203.5,0.255,455189,206734,Distributed from 923 Generation And Fuel,2009,,LDWP,Los Angeles Department of Water & Power,38.53569,-112.935,Utah,0.0,0.0,0.0,0.0,203.5,0.0,0.0,0.0,0.0,0.0
119,23543,UT,Milford Wind Corridor Stage II LLC,57107,1,0,OP,WT,WND,102,0.24,214357,98845,Distributed from 923 Generation And Fuel,2011,,LDWP,Los Angeles Department of Water & Power,38.58523,-112.931,Utah,0.0,0.0,0.0,0.0,102.0,0.0,0.0,0.0,0.0,0.0
120,23544,UT,Millcreek Power Generation,56253,MC1,0,OP,GT,NG,40,0.188,65808.5,31608,Distributed from 923 Generation And Fuel,2006,,PACE,City of St George,37.112092,-113.516581,Utah,0.0,40.0,0.0,0.0,0.0,0.0,0.0,0.0,0.0,0.0
121,23545,UT,Millcreek Power Generation,56253,MC2,0,OP,GT,NG,40,0.188,65808.5,31608,Distributed from 923 Generation And Fuel,2010,,PACE,City of St George,37.112092,-113.516581,Utah,0.0,40.0,0.0,0.0,0.0,0.0,0.0,0.0,0.0,0.0
122,23550,UT,Murray Turbine,8010,1,0,OP,GT,NG,14,0.009,1141,548,Distributed from 923 Generation And Fuel,2001,,PACE,City of Murray - (UT),40.67,-111.89,Utah,0.0,14.0,0.0,0.0,0.0,0.0,0.0,0.0,0.0,0.0
123,23551,UT,Murray Turbine,8010,2,0,OP,GT,NG,14,0.009,1141,548,Distributed from 923 Generation And Fuel,2001,,PACE,City of Murray - (UT),40.67,-111.89,Utah,0.0,14.0,0.0,0.0,0.0,0.0,0.0,0.0,0.0,0.0
124,23552,UT,Murray Turbine,8010,3,0,OP,GT,NG,14,0.009,1141,548,Distributed from 923 Generation And Fuel,2002,,PACE,City of Murray - (UT),40.67,-111.89,Utah,0.0,14.0,0.0,0.0,0.0,0.0,0.0,0.0,0.0,0.0
125,23553,UT,Nebo Power Station,56177,GT1,0,OP,CT,NG,65,0.536,305099,162629,EIA-923 Generator File,2004,,PACE,Utah Associated Mun Power Sys,40.0614,-111.7294,Utah,65.0,0.0,0.0,0.0,0.0,0.0,0.0,0.0,0.0,0.0
126,23554,UT,Nebo Power Station,56177,ST1,1,OP,CA,NG,75,0.349,229230,133444,EIA-923 Generator File,2004,,PACE,Utah Associated Mun Power Sys,40.0614,-111.7294,Utah,75.0,0.0,0.0,0.0,0.0,0.0,0.0,0.0,0.0,0.0
127,23558,UT,Pavant Solar II LLC,60449,PSII,0,OP,PV,SUN,50,0.019,8284,0,Distributed from 923 Generation And Fuel,2016,,PACE,PacifiCorp,39.1625,-112.343,Utah,0.0,0.0,0.0,0.0,0.0,50.0,0.0,0.0,0.0,0.0
128,23559,UT,Pavant Solar III,60886,PSIII,0,OP,PV,SUN,20,0.005,831,0,Distributed from 923 Generation And Fuel,2016,,PACE,PacifiCorp,39.154474,-112.359849,Utah,0.0,0.0,0.0,0.0,0.0,20.0,0.0,0.0,0.0,0.0
129,23560,UT,"Pavant Solar, LLC",59702,1,0,OP,PV,SUN,50,0.264,115589,66225,Distributed from 923 Generation And Fuel,2015,,PACE,PacifiCorp,38.960519,-112.36327,Utah,0.0,0.0,0.0,0.0,0.0,50.0,0.0,0.0,0.0,0.0
130,23561,UT,Payson,7408,86-1,0,OP,IC,NG,2.6,0,1.608,0.804,Distributed from 923 Generation And Fuel,1988,,PACE,Payson City Corporation,40.06084,-111.73023,Utah,0.0,2.6,0.0,0.0,0.0,0.0,0.0,0.0,0.0,0.0
131,23562,UT,Payson,7408,86-2,0,OP,IC,NG,2.6,0,1.608,0.804,Distributed from 923 Generation And Fuel,1988,,PACE,Payson City Corporation,40.06084,-111.73023,Utah,0.0,2.6,0.0,0.0,0.0,0.0,0.0,0.0,0.0,0.0
132,23563,UT,Payson,7408,86-3,0,OP,IC,NG,2.5,0,1.546,0.773,Distributed from 923 Generation And Fuel,1995,,PACE,Payson City Corporation,40.06084,-111.73023,Utah,0.0,2.5,0.0,0.0,0.0,0.0,0.0,0.0,0.0,0.0
133,23564,UT,Payson,7408,86-4,0,OP,IC,NG,2,0,1.237,0.619,Distributed from 923 Generation And Fuel,1995,,PACE,Payson City Corporation,40.06084,-111.73023,Utah,0.0,2.0,0.0,0.0,0.0,0.0,0.0,0.0,0.0,0.0
134,23565,UT,Pine View Dam,7132,NA1,0,OP,HY,WAT,1.8,0.305,4811,2217,Distributed from 923 Generation And Fuel,1991,,PACE,PacifiCorp,41.254331,-111.848525,Utah,0.0,0.0,0.0,0.0,0.0,0.0,0.0,1.8,0.0,0.0
135,23566,UT,Pioneer,3656,1,0,OP,HY,WAT,2.5,0.26,5684.5,2620,Distributed from 923 Generation And Fuel,1910,,PACE,PacifiCorp,41.243643,-111.946478,Utah,0.0,0.0,0.0,0.0,0.0,0.0,0.0,2.5,0.0,0.0
136,23567,UT,Pioneer,3656,2,0,OP,HY,WAT,2.5,0.26,5684.5,2620,Distributed from 923 Generation And Fuel,1910,,PACE,PacifiCorp,41.243643,-111.946478,Utah,0.0,0.0,0.0,0.0,0.0,0.0,0.0,2.5,0.0,0.0
137,23573,UT,Quail Creek Hydro Plant #1,52039,1,0,OP,HY,WAT,2.3,0.508,10238,4719,Distributed from 923 Generation And Fuel,1985,,PACE,"Dixie Escalante R E A, Inc",37.1854,-113.3583,Utah,0.0,0.0,0.0,0.0,0.0,0.0,0.0,2.3,0.0,0.0
138,23574,UT,Quichapa 1,61119,W5519,0,OP,PV,SUN,3,0.325,8553,0,Distributed from 923 Generation And Fuel,2016,,PACE,PacifiCorp,37.658223,-113.216679,Utah,0.0,0.0,0.0,0.0,0.0,3.0,0.0,0.0,0.0,0.0
139,23575,UT,Quichapa 2,61120,W5520,0,OP,PV,SUN,3,0.325,8553,0,Distributed from 923 Generation And Fuel,2016,,PACE,PacifiCorp,37.666772,-113.188953,Utah,0.0,0.0,0.0,0.0,0.0,3.0,0.0,0.0,0.0,0.0
140,23576,UT,Quichapa 3,61121,W5521,0,OP,PV,SUN,3,0.325,8553,0,Distributed from 923 Generation And Fuel,2016,,PACE,PacifiCorp,37.649816,-113.236928,Utah,0.0,0.0,0.0,0.0,0.0,3.0,0.0,0.0,0.0,0.0
141,23577,UT,Salt Lake Energy Systems,56554,Unit1,0,OP,IC,LFG,0.8,0.837,5867.5,2463.5,Distributed from 923 Generation And Fuel,2006,,PACE,PacifiCorp,40.7461,-112.0339,Utah,0.0,0.0,0.0,0.0,0.0,0.0,0.0,0.0,0.0,0.8
142,23578,UT,Salt Lake Energy Systems,56554,Unit2,0,OP,IC,LFG,0.8,0.837,5867.5,2463.5,Distributed from 923 Generation And Fuel,2006,,PACE,PacifiCorp,40.7461,-112.0339,Utah,0.0,0.0,0.0,0.0,0.0,0.0,0.0,0.0,0.0,0.8
143,23579,UT,Salt Lake Energy Systems,56554,Unit3,0,OP,IC,LFG,1.6,0.837,11735,4927,Distributed from 923 Generation And Fuel,2006,,PACE,PacifiCorp,40.7461,-112.0339,Utah,0.0,0.0,0.0,0.0,0.0,0.0,0.0,0.0,0.0,1.6
144,23580,UT,Salt Palace Solar Gen Plant,58006,1,0,OP,PV,SUN,0.8,0.201,1408,833.231,Distributed from 923 Generation And Fuel,2012,,PACE,PacifiCorp,40.767222,-111.895,Utah,0.0,0.0,0.0,0.0,0.0,0.8,0.0,0.0,0.0,0.0
145,23581,UT,Salt Palace Solar Gen Plant,58006,2,0,OP,PV,SUN,0.5,0.201,880,520.769,Distributed from 923 Generation And Fuel,2012,,PACE,PacifiCorp,40.767222,-111.895,Utah,0.0,0.0,0.0,0.0,0.0,0.5,0.0,0.0,0.0,0.0
146,23582,UT,Snake Creek,3658,1,0,OP,HY,WAT,0.6,0.228,1200.5,553.5,Distributed from 923 Generation And Fuel,1910,,PACE,PacifiCorp,40.544942,-111.502911,Utah,0.0,0.0,0.0,0.0,0.0,0.0,0.0,0.6,0.0,0.0
147,23583,UT,Snake Creek,3658,2,0,OP,HY,WAT,0.6,0.228,1200.5,553.5,Distributed from 923 Generation And Fuel,1910,,PACE,PacifiCorp,40.544942,-111.502911,Utah,0.0,0.0,0.0,0.0,0.0,0.0,0.0,0.6,0.0,0.0
148,23584,UT,Snowbird Power Plant,10215,1367,0,OP,IC,NG,0.6,0.001,4.667,2.333,Distributed from 923 Generation And Fuel,1986,,PACE,PacifiCorp,40.58337,-111.653903,Utah,0.0,0.6,0.0,0.0,0.0,0.0,0.0,0.0,0.0,0.0
149,23585,UT,Snowbird Power Plant,10215,1391,0,OP,IC,NG,0.6,0.001,4.667,2.333,Distributed from 923 Generation And Fuel,1986,,PACE,PacifiCorp,40.58337,-111.653903,Utah,0.0,0.6,0.0,0.0,0.0,0.0,0.0,0.0,0.0,0.0
150,23586,UT,Snowbird Power Plant,10215,1392,0,OP,IC,NG,0.6,0.001,4.667,2.333,Distributed from 923 Generation And Fuel,1986,,PACE,PacifiCorp,40.58337,-111.653903,Utah,0.0,0.6,0.0,0.0,0.0,0.0,0.0,0.0,0.0,0.0
151,23587,UT,South Milford Solar Plant,59620,SMS1,0,OP,PV,SUN,2.9,0.288,7304,4324,Distributed from 923 Generation And Fuel,2015,,PACE,PacifiCorp,38.311111,-113.053611,Utah,0.0,0.0,0.0,0.0,0.0,2.9,0.0,0.0,0.0,0.0
152,23588,UT,Spanish Fork,3691,1,0,OP,HY,WAT,1.7,0.156,2320.972,1069.583,Distributed from 923 Generation And Fuel,1983,,PACE,Strawberry Water Users Assn,40.080042,-111.604846,Utah,0.0,0.0,0.0,0.0,0.0,0.0,0.0,1.7,0.0,0.0
153,23589,UT,Spanish Fork,3691,2,0,OP,HY,WAT,1.7,0.156,2320.972,1069.583,Distributed from 923 Generation And Fuel,1983,,PACE,Strawberry Water Users Assn,40.080042,-111.604846,Utah,0.0,0.0,0.0,0.0,0.0,0.0,0.0,1.7,0.0,0.0
154,23590,UT,Spanish Fork,3691,3,0,OP,HY,WAT,0.2,0.156,273.056,125.833,Distributed from 923 Generation And Fuel,1937,,PACE,Strawberry Water Users Assn,40.080042,-111.604846,Utah,0.0,0.0,0.0,0.0,0.0,0.0,0.0,0.2,0.0,0.0
155,23591,UT,Spanish Fork Wind Park 2 LLC,56751,1,0,OP,WT,WND,18.9,0.291,48248,21884,Distributed from 923 Generation And Fuel,2008,,PACE,PacifiCorp,40.071389,-111.582222,Utah,0.0,0.0,0.0,0.0,18.9,0.0,0.0,0.0,0.0,0.0
156,23594,UT,Stairs,3659,3,0,OP,HY,WAT,1,0.519,4544,2094,Distributed from 923 Generation And Fuel,1912,,PACE,PacifiCorp,40.6236,-111.7533,Utah,0.0,0.0,0.0,0.0,0.0,0.0,0.0,1.0,0.0,0.0
157,23595,UT,Sunnyside Cogen Associates,50951,GEN1,1,OP,ST,WC,58.1,0.788,400976,176457,EIA-923 Generator File,1993,,PACE,PacifiCorp,39.5472,-110.3917,Utah,0.0,0.0,0.0,0.0,0.0,0.0,0.0,0.0,0.0,58.1
158,23596,UT,Tesoro SLC Cogeneration Plant,56509,1,0,OP,GT,NG,12.5,0.887,97085,41200.5,Distributed from 923 Generation And Fuel,2004,,PACE,PacifiCorp,40.7931,-111.9038,Utah,0.0,12.5,0.0,0.0,0.0,0.0,0.0,0.0,0.0,0.0
159,23597,UT,Tesoro SLC Cogeneration Plant,56509,2,0,OP,GT,NG,12.5,0.887,97085,41200.5,Distributed from 923 Generation And Fuel,2004,,PACE,PacifiCorp,40.7931,-111.9038,Utah,0.0,12.5,0.0,0.0,0.0,0.0,0.0,0.0,0.0,0.0
160,23598,UT,Thermo No 1,57353,2,0,OP,BT,GEO,14,0.516,63332,25032,Distributed from 923 Generation And Fuel,2013,,PACE,PacifiCorp,38.160653,-113.194462,Utah,0.0,0.0,0.0,0.0,0.0,0.0,0.0,0.0,0.0,14.0
161,23601,UT,Three Peaks Power,60432,TPP,0,OP,PV,SUN,80,0.012,8739,0,Distributed from 923 Generation And Fuel,2016,,PACE,PacifiCorp,37.827082,-113.137082,Utah,0.0,0.0,0.0,0.0,0.0,80.0,0.0,0.0,0.0,0.0
162,23602,UT,Tooele Army Depot,59817,GEN03,0,OP,WT,WND,1.7,0,3,1,Distributed from 923 Generation And Fuel,2016,,PACE,PacifiCorp,40.50303,-112.37059,Utah,0.0,0.0,0.0,0.0,1.7,0.0,0.0,0.0,0.0,0.0
163,23604,UT,Trans-Jordan Generating Station,56853,1,0,OP,IC,LFG,1.6,0.886,12422.333,5215.667,Distributed from 923 Generation And Fuel,2009,,PACE,PacifiCorp,40.55,-112.0631,Utah,0.0,0.0,0.0,0.0,0.0,0.0,0.0,0.0,0.0,1.6
164,23605,UT,Trans-Jordan Generating Station,56853,2,0,OP,IC,LFG,1.6,0.886,12422.333,5215.667,Distributed from 923 Generation And Fuel,2009,,PACE,PacifiCorp,40.55,-112.0631,Utah,0.0,0.0,0.0,0.0,0.0,0.0,0.0,0.0,0.0,1.6
165,23606,UT,Trans-Jordan Generating Station,56853,3,0,OP,IC,LFG,1.6,0.886,12422.333,5215.667,Distributed from 923 Generation And Fuel,2009,,PACE,PacifiCorp,40.55,-112.0631,Utah,0.0,0.0,0.0,0.0,0.0,0.0,0.0,0.0,0.0,1.6
166,23607,UT,Uintah,3704,1,0,OP,HY,WAT,0.6,0.616,3237,1492,Distributed from 923 Generation And Fuel,1920,,WACM,Moon Lake Electric Assn Inc,40.538056,-110.066111,Utah,0.0,0.0,0.0,0.0,0.0,0.0,0.0,0.6,0.0,0.0
167,23608,UT,Uintah,3704,2,0,OP,HY,WAT,0.6,0.616,3237,1492,Distributed from 923 Generation And Fuel,1940,,WACM,Moon Lake Electric Assn Inc,40.538056,-110.066111,Utah,0.0,0.0,0.0,0.0,0.0,0.0,0.0,0.6,0.0,0.0
168,23610,UT,Upper Beaver,3643,1,0,OP,HY,WAT,1.3,0.51,5805.8,2675.92,Distributed from 923 Generation And Fuel,1907,,PACE,PacifiCorp,38.2683,-112.4806,Utah,0.0,0.0,0.0,0.0,0.0,0.0,0.0,1.3,0.0,0.0
169,23611,UT,Upper Beaver,3643,2,0,OP,HY,WAT,1.2,0.51,5359.2,2470.08,Distributed from 923 Generation And Fuel,1907,,PACE,PacifiCorp,38.2683,-112.4806,Utah,0.0,0.0,0.0,0.0,0.0,0.0,0.0,1.2,0.0,0.0
170,23612,UT,US Magnesium,58191,GT1,0,OP,GT,NG,16,0.541,75874.667,36443,Distributed from 923 Generation And Fuel,1972,,PACE,PacifiCorp,40.913333,-112.733889,Utah,0.0,16.0,0.0,0.0,0.0,0.0,0.0,0.0,0.0,0.0
171,23613,UT,US Magnesium,58191,GT2,0,OP,GT,NG,16,0.541,75874.667,36443,Distributed from 923 Generation And Fuel,1972,,PACE,PacifiCorp,40.913333,-112.733889,Utah,0.0,16.0,0.0,0.0,0.0,0.0,0.0,0.0,0.0,0.0
172,23614,UT,US Magnesium,58191,GT3,0,OP,GT,NG,16,0.541,75874.667,36443,Distributed from 923 Generation And Fuel,1972,,PACE,PacifiCorp,40.913333,-112.733889,Utah,0.0,16.0,0.0,0.0,0.0,0.0,0.0,0.0,0.0,0.0
173,23616,UT,Utah Red Hills Renewable Energy Park,58660,1,0,OP,PV,SUN,80,0.297,208071,112052,Distributed from 923 Generation And Fuel,2015,,PACE,PacifiCorp,37.882778,-112.904167,Utah,0.0,0.0,0.0,0.0,0.0,80.0,0.0,0.0,0.0,0.0
174,23617,UT,Veyo Heat Recovery Project,60421,WHR1,0,OP,ST,WH,9.5,0.434,36108,21972,Distributed from 923 Generation And Fuel,2016,,PACE,PacifiCorp,37.348,-113.765,Utah,0.0,0.0,0.0,0.0,0.0,0.0,0.0,0.0,0.0,9.5
175,23618,UT,Wanship,3698,1,0,OP,HY,WAT,1.9,0.334,5555,2560,Distributed from 923 Generation And Fuel,1958,,PACE,PacifiCorp,40.7904,-111.4043,Utah,0.0,0.0,0.0,0.0,0.0,0.0,0.0,1.9,0.0,0.0
176,23619,UT,Wasatch Energy Systems Energy Recovery,55302,1,0,OP,ST,MSW,1.6,0.698,9789,4136.295,EIA-923 Generator File,1986,2017,PACE,PacifiCorp,41.1097,-111.9554,Utah,0.0,0.0,0.0,0.0,0.0,0.0,0.0,0.0,0.0,1.6
177,23620,UT,Washington City Electric Generation,59660,3,0,OP,IC,NG,2,0.029,508,244,Distributed from 923 Generation And Fuel,2008,,PACE,City of Washington - (UT),37.155,-113.439167,Utah,0.0,2.0,0.0,0.0,0.0,0.0,0.0,0.0,0.0,0.0
178,23621,UT,Washington City Electric Generation,59660,4,0,OP,IC,NG,2,0.029,508,244,Distributed from 923 Generation And Fuel,2008,,PACE,City of Washington - (UT),37.155,-113.439167,Utah,0.0,2.0,0.0,0.0,0.0,0.0,0.0,0.0,0.0,0.0
179,23622,UT,Washington City Electric Generation,59660,9,0,OP,IC,NG,2,0.029,508,244,Distributed from 923 Generation And Fuel,2007,,PACE,City of Washington - (UT),37.155,-113.439167,Utah,0.0,2.0,0.0,0.0,0.0,0.0,0.0,0.0,0.0,0.0
180,23623,UT,Weber,3661,1,0,OP,HY,WAT,3.8,0.409,13611,6273,Distributed from 923 Generation And Fuel,1911,,PACE,PacifiCorp,41.137621,-111.884948,Utah,0.0,0.0,0.0,0.0,0.0,0.0,0.0,3.8,0.0,0.0
181,23625,UT,West Valley Generation Project,55622,U1,0,OP,GT,NG,43.4,0.054,20442,13883.6,Distributed from 923 Generation And Fuel,2002,,PACE,PacifiCorp,40.6667,-112.0317,Utah,0.0,43.4,0.0,0.0,0.0,0.0,0.0,0.0,0.0,0.0
182,23626,UT,West Valley Generation Project,55622,U2,0,OP,GT,NG,43.4,0.054,20442,13883.6,Distributed from 923 Generation And Fuel,2002,,PACE,PacifiCorp,40.6667,-112.0317,Utah,0.0,43.4,0.0,0.0,0.0,0.0,0.0,0.0,0.0,0.0
183,23627,UT,West Valley Generation Project,55622,U3,0,OP,GT,NG,43.4,0.054,20442,13883.6,Distributed from 923 Generation And Fuel,2001,,PACE,PacifiCorp,40.6667,-112.0317,Utah,0.0,43.4,0.0,0.0,0.0,0.0,0.0,0.0,0.0,0.0
184,23628,UT,West Valley Generation Project,55622,U4,0,OP,GT,NG,43.4,0.054,20442,13883.6,Distributed from 923 Generation And Fuel,2001,,PACE,PacifiCorp,40.6667,-112.0317,Utah,0.0,43.4,0.0,0.0,0.0,0.0,0.0,0.0,0.0,0.0
185,23629,UT,West Valley Generation Project,55622,U5,0,OP,GT,NG,43.4,0.054,20442,13883.6,Distributed from 923 Generation And Fuel,2002,,PACE,PacifiCorp,40.6667,-112.0317,Utah,0.0,43.4,0.0,0.0,0.0,0.0,0.0,0.0,0.0,0.0
186,23630,UT,Whitehead,7028,K1,0,OP,IC,NG,7,0.027,1673.226,802.968,Distributed from 923 Generation And Fuel,1986,,PACE,City of Springville - (UT),40.1817,-111.6203,Utah,0.0,7.0,0.0,0.0,0.0,0.0,0.0,0.0,0.0,0.0
187,23631,UT,Whitehead,7028,K2,0,OP,IC,NG,7,0.027,1673.226,802.968,Distributed from 923 Generation And Fuel,1986,,PACE,City of Springville - (UT),40.1817,-111.6203,Utah,0.0,7.0,0.0,0.0,0.0,0.0,0.0,0.0,0.0,0.0
188,23632,UT,Whitehead,7028,K3,0,OP,IC,NG,7,0.027,1673.226,802.968,Distributed from 923 Generation And Fuel,2000,,PACE,City of Springville - (UT),40.1817,-111.6203,Utah,0.0,7.0,0.0,0.0,0.0,0.0,0.0,0.0,0.0,0.0
189,23633,UT,Whitehead,7028,K4,0,OP,IC,NG,5,0.027,1195.161,573.548,Distributed from 923 Generation And Fuel,2002,,PACE,City of Springville - (UT),40.1817,-111.6203,Utah,0.0,5.0,0.0,0.0,0.0,0.0,0.0,0.0,0.0,0.0
190,23634,UT,Whitehead,7028,K6CAT,0,OP,IC,NG,2.5,0.027,597.581,286.774,Distributed from 923 Generation And Fuel,2016,,PACE,City of Springville - (UT),40.1817,-111.6203,Utah,0.0,2.5,0.0,0.0,0.0,0.0,0.0,0.0,0.0,0.0
191,23635,UT,Whitehead,7028,K7CAT,0,OP,IC,NG,2.5,0.027,597.581,286.774,Distributed from 923 Generation And Fuel,2016,,PACE,City of Springville - (UT),40.1817,-111.6203,Utah,0.0,2.5,0.0,0.0,0.0,0.0,0.0,0.0,0.0,0.0
