,eGRID2016 Generator file sequence number,Plant state abbreviation,Plant name,DOE/EIA ORIS plant or facility code,Generator ID,Number of associated boilers,Generator status,Generator prime mover type,Generator primary fuel,Generator nameplate capacity (MW),Generator capacity factor,Generator annual net generation (MWh),Generator ozone season net generation (MWh),Generation data source,Generator year on-line,Generator planned or actual retirement year,area,utility,latitude,longitude,state,NGCC,NGCT,Coal,Oil,Wind,SolarPV,SolarCSP,Hydro,Nuclear,Other
0,4760,CO,Adams Community Solar Garden III LLC,59850,23376,0,OP,PV,SUN,1.2,0.279,2935,1318,Distributed from 923 Generation And Fuel,2015,,PSCO,Public Service Co of Colorado,39.7867,-104.5877,Colorado,0.0,0.0,0.0,0.0,0.0,1.2,0.0,0.0,0.0,0.0
1,4761,CO,Adams Community Solar Garden LLC,59849,23377,0,OP,PV,SUN,1.2,0.279,2935,1318,Distributed from 923 Generation And Fuel,2015,,PSCO,Public Service Co of Colorado,39.7876,-104.5859,Colorado,0.0,0.0,0.0,0.0,0.0,1.2,0.0,0.0,0.0,0.0
2,4762,CO,AFA Solar Farm,57554,AFA1,0,OP,PV,SUN,5.5,0.24,11563,5191,Distributed from 923 Generation And Fuel,2011,,WACM,City of Colorado Springs - (CO),38.957901,-104.806627,Colorado,0.0,0.0,0.0,0.0,0.0,5.5,0.0,0.0,0.0,0.0
3,4763,CO,Airport 1 Solar (DIA),59807,GBDIA,0,OP,PV,SUN,1.5,0.192,2523,1133,Distributed from 923 Generation And Fuel,2009,,SWPP,Public Service Co of Colorado,39.899444,-104.675338,Colorado,0.0,0.0,0.0,0.0,0.0,1.5,0.0,0.0,0.0,0.0
4,4764,CO,Airport Industrial,7995,IC1,0,OP,IC,DFO,2.5,,-52.25,-16.133,Data from EIA-923 Generator File overwritten with distributed data from EIA-923 Generation and Fuel,2002,,PSCO,Black Hills/Colorado Elec.Util,38.2844,-104.5308,Colorado,0.0,0.0,0.0,2.5,0.0,0.0,0.0,0.0,0.0,0.0
5,4765,CO,Airport Industrial,7995,IC2,0,OP,IC,DFO,2.5,,-52.25,-16.133,Data from EIA-923 Generator File overwritten with distributed data from EIA-923 Generation and Fuel,2002,,PSCO,Black Hills/Colorado Elec.Util,38.2844,-104.5308,Colorado,0.0,0.0,0.0,2.5,0.0,0.0,0.0,0.0,0.0,0.0
6,4766,CO,Airport Industrial,7995,IC3,0,OP,IC,DFO,2.5,,-52.25,-16.133,Data from EIA-923 Generator File overwritten with distributed data from EIA-923 Generation and Fuel,2002,,PSCO,Black Hills/Colorado Elec.Util,38.2844,-104.5308,Colorado,0.0,0.0,0.0,2.5,0.0,0.0,0.0,0.0,0.0,0.0
7,4767,CO,Airport Industrial,7995,IC4,0,OP,IC,DFO,2.5,,-52.25,-16.133,Data from EIA-923 Generator File overwritten with distributed data from EIA-923 Generation and Fuel,2002,,PSCO,Black Hills/Colorado Elec.Util,38.2844,-104.5308,Colorado,0.0,0.0,0.0,2.5,0.0,0.0,0.0,0.0,0.0,0.0
8,4768,CO,Alamosa,464,CT1,0,OP,GT,NG,26.6,0.009,2036,983.5,Distributed from 923 Generation And Fuel,1973,,PSCO,Public Service Co of Colorado,37.4594,-105.8947,Colorado,0.0,26.6,0.0,0.0,0.0,0.0,0.0,0.0,0.0,0.0
9,4769,CO,Alamosa,464,CT2,0,OP,GT,NG,26.6,0.009,2036,983.5,Distributed from 923 Generation And Fuel,1977,,PSCO,Public Service Co of Colorado,37.4594,-105.8947,Colorado,0.0,26.6,0.0,0.0,0.0,0.0,0.0,0.0,0.0,0.0
10,4772,CO,American Gypsum Cogeneration,54630,T-1,0,OP,GT,NG,2.8,0.348,8540,4164.562,Distributed from 923 Generation And Fuel,1990,,PSCO,"Holy Cross Electric Assn, Inc",39.648565,-106.949394,Colorado,0.0,2.8,0.0,0.0,0.0,0.0,0.0,0.0,0.0,0.0
11,4773,CO,American Gypsum Cogeneration,54630,T-2,0,OP,GT,NG,3.6,0.348,10980,5354.438,Distributed from 923 Generation And Fuel,1990,,PSCO,"Holy Cross Electric Assn, Inc",39.648565,-106.949394,Colorado,0.0,3.6,0.0,0.0,0.0,0.0,0.0,0.0,0.0,0.0
12,4774,CO,Ames Hydro,6207,1,0,OP,HY,WAT,3.6,0.221,6972,3144,Distributed from 923 Generation And Fuel,1906,,WACM,"Tri-State G & T Assn, Inc",37.866,-107.8831,Colorado,0.0,0.0,0.0,0.0,0.0,0.0,0.0,3.6,0.0,0.0
13,4780,CO,Arapahoe Combustion Turbine Project,55200,UN5,0,OP,CT,NG,71.1,0.039,24123,13731,EIA-923 Generator File,2000,,PSCO,Public Service Co of Colorado,39.6692,-105.0018,Colorado,71.1,0.0,0.0,0.0,0.0,0.0,0.0,0.0,0.0,0.0
14,4781,CO,Arapahoe Combustion Turbine Project,55200,UN6,0,OP,CT,NG,71.1,0.036,22346,12984,EIA-923 Generator File,2000,,PSCO,Public Service Co of Colorado,39.6692,-105.0018,Colorado,71.1,0.0,0.0,0.0,0.0,0.0,0.0,0.0,0.0,0.0
15,4782,CO,Arapahoe Combustion Turbine Project,55200,UN7,2,OP,CA,NG,51.8,0.028,12808,7269,EIA-923 Generator File,2002,,PSCO,Public Service Co of Colorado,39.6692,-105.0018,Colorado,51.8,0.0,0.0,0.0,0.0,0.0,0.0,0.0,0.0,0.0
16,4783,CO,Basalt,7458,1,0,OP,HY,WAT,5,0.518,22690,10231,Distributed from 923 Generation And Fuel,1985,,PSCO,"Holy Cross Electric Assn, Inc",39.363056,-106.821944,Colorado,0.0,0.0,0.0,0.0,0.0,0.0,0.0,5.0,0.0,0.0
17,4785,CO,Big Thompson,515,1,0,OP,HY,WAT,4.5,0.145,5722,5263,Distributed from 923 Generation And Fuel,1959,,WACM,WAPA-- Western Area Power Administration,40.421031,-105.223804,Colorado,0.0,0.0,0.0,0.0,0.0,0.0,0.0,4.5,0.0,0.0
18,4786,CO,Bison Solar LLC,60351,BSPV1,0,OP,PV,SUN,30,0.043,11305,0,Distributed from 923 Generation And Fuel,2016,,PSCO,Platte River Power Authority,40.863809,-105.0111,Colorado,0.0,0.0,0.0,0.0,0.0,30.0,0.0,0.0,0.0,0.0
19,4787,CO,Blue Mesa,512,1,0,OP,HY,WAT,43.2,0.334,126457.5,57018.5,Distributed from 923 Generation And Fuel,1967,,WACM,WAPA-- Western Area Power Administration,38.453191,-107.337483,Colorado,0.0,0.0,0.0,0.0,0.0,0.0,0.0,43.2,0.0,0.0
20,4788,CO,Blue Mesa,512,2,0,OP,HY,WAT,43.2,0.334,126457.5,57018.5,Distributed from 923 Generation And Fuel,1967,,WACM,WAPA-- Western Area Power Administration,38.453191,-107.337483,Colorado,0.0,0.0,0.0,0.0,0.0,0.0,0.0,43.2,0.0,0.0
21,4789,CO,Blue Spruce Energy Center,55645,CT01,0,OP,GT,NG,198.9,0.052,90972.5,47886.5,Distributed from 923 Generation And Fuel,2003,,PSCO,Public Service Co of Colorado,39.747875,-104.681404,Colorado,0.0,198.9,0.0,0.0,0.0,0.0,0.0,0.0,0.0,0.0
22,4790,CO,Blue Spruce Energy Center,55645,CT02,0,OP,GT,NG,198.9,0.052,90972.5,47886.5,Distributed from 923 Generation And Fuel,2003,,PSCO,Public Service Co of Colorado,39.747875,-104.681404,Colorado,0.0,198.9,0.0,0.0,0.0,0.0,0.0,0.0,0.0,0.0
23,4791,CO,Boulder Canyon Hydro,466,1A,0,OP,HY,WAT,5,0.277,12119,5464,Distributed from 923 Generation And Fuel,2013,,PSCO,Public Service Co of Colorado,40.004725,-105.332495,Colorado,0.0,0.0,0.0,0.0,0.0,0.0,0.0,5.0,0.0,0.0
24,4794,CO,Boulder City Betasso Hydro Plant,54680,0001,0,OP,HY,WAT,3,0.268,7050,3179,Distributed from 923 Generation And Fuel,1987,,PSCO,Public Service Co of Colorado,40.0111,-105.3347,Colorado,0.0,0.0,0.0,0.0,0.0,0.0,0.0,3.0,0.0,0.0
25,4795,CO,Boulder City Lakewood Hydro,54679,0001,0,OP,HY,WAT,3.5,0.23,7050,3179,Distributed from 923 Generation And Fuel,2004,,PSCO,Public Service Co of Colorado,40.0111,-105.3347,Colorado,0.0,0.0,0.0,0.0,0.0,0.0,0.0,3.5,0.0,0.0
26,4796,CO,Boulder City Silver Lake Hydro,55931,0001,0,OP,HY,WAT,3.3,0.313,9058,4084,Distributed from 923 Generation And Fuel,2000,,PSCO,Public Service Co of Colorado,39.991311,-105.50003,Colorado,0.0,0.0,0.0,0.0,0.0,0.0,0.0,3.3,0.0,0.0
27,4797,CO,Brighton PV Solar Plant,59144,15755,0,OP,PV,SUN,1.8,0.226,3560,1598,Distributed from 923 Generation And Fuel,2012,,WACM,"United Power, Inc",39.9825,-104.940833,Colorado,0.0,0.0,0.0,0.0,0.0,1.8,0.0,0.0,0.0,0.0
28,4798,CO,Brush Generation Facility,10682,GT1,0,OP,CT,NG,23.8,0.004,736,492,EIA-923 Generator File,1990,,PSCO,Public Service Co of Colorado,40.2415,-103.631,Colorado,23.8,0.0,0.0,0.0,0.0,0.0,0.0,0.0,0.0,0.0
29,4799,CO,Brush Generation Facility,10682,GT2,0,OP,GT,NG,23.8,0.005,1101,481,Distributed from 923 Generation And Fuel,1990,,PSCO,Public Service Co of Colorado,40.2415,-103.631,Colorado,0.0,23.8,0.0,0.0,0.0,0.0,0.0,0.0,0.0,0.0
30,4800,CO,Brush Generation Facility,10682,GT3,0,OP,CT,NG,37,0.02,6465,1443,EIA-923 Generator File,1994,,PSCO,Public Service Co of Colorado,40.2415,-103.631,Colorado,37.0,0.0,0.0,0.0,0.0,0.0,0.0,0.0,0.0,0.0
31,4801,CO,Brush Generation Facility,10682,GT4,0,OP,CT,NG,23.8,0.02,4246,3879,EIA-923 Generator File,1999,,PSCO,Public Service Co of Colorado,40.2415,-103.631,Colorado,23.8,0.0,0.0,0.0,0.0,0.0,0.0,0.0,0.0,0.0
32,4802,CO,Brush Generation Facility,10682,GT5,0,OP,CT,NG,23.8,0.019,3883,3522,EIA-923 Generator File,1999,,PSCO,Public Service Co of Colorado,40.2415,-103.631,Colorado,23.8,0.0,0.0,0.0,0.0,0.0,0.0,0.0,0.0,0.0
33,4803,CO,Brush Generation Facility,10682,ST1,1,OP,CA,NG,38,0.002,554,389,EIA-923 Generator File,1990,,PSCO,Public Service Co of Colorado,40.2415,-103.631,Colorado,38.0,0.0,0.0,0.0,0.0,0.0,0.0,0.0,0.0,0.0
34,4804,CO,Brush Generation Facility,10682,ST2,1,OP,CA,NG,37,0.015,4701,1473,EIA-923 Generator File,1994,,PSCO,Public Service Co of Colorado,40.2415,-103.631,Colorado,37.0,0.0,0.0,0.0,0.0,0.0,0.0,0.0,0.0,0.0
35,4805,CO,Brush Generation Facility,10682,ST4,2,OP,CA,NG,90,0.013,10106,9209,EIA-923 Generator File,2002,,PSCO,Public Service Co of Colorado,40.2415,-103.631,Colorado,90.0,0.0,0.0,0.0,0.0,0.0,0.0,0.0,0.0,0.0
36,4808,CO,Busch Ranch Wind Energy Farm,57980,WTG,0,OP,WT,WND,29,0.376,95452,35072,Distributed from 923 Generation And Fuel,2012,,PSCO,Black Hills/Colorado Elec.Util,37.801111,-104.491944,Colorado,0.0,0.0,0.0,0.0,29.0,0.0,0.0,0.0,0.0,0.0
37,4809,CO,Cabin Creek,467,A,0,OP,PS,WAT,150,,-89633.5,-38639,Data from EIA-923 Generator File overwritten with distributed data from EIA-923 Generation and Fuel,1967,,PSCO,Public Service Co of Colorado,39.6551,-105.7088,Colorado,0.0,0.0,0.0,0.0,0.0,0.0,0.0,150.0,0.0,0.0
38,4810,CO,Cabin Creek,467,B,0,OP,PS,WAT,150,,-89633.5,-38639,Data from EIA-923 Generator File overwritten with distributed data from EIA-923 Generation and Fuel,1967,,PSCO,Public Service Co of Colorado,39.6551,-105.7088,Colorado,0.0,0.0,0.0,0.0,0.0,0.0,0.0,150.0,0.0,0.0
39,4813,CO,Carousel Wind Farm LLC,59975,CW1,0,OP,WT,WND,150,0.441,579696,216297,Distributed from 923 Generation And Fuel,2015,,PSCO,Public Service Co of Colorado,39.334,-102.173,Colorado,0.0,0.0,0.0,0.0,150.0,0.0,0.0,0.0,0.0,0.0
40,4814,CO,Carson Solar I,57509,1,0,OP,PV,SUN,2,0.154,2695,1210,Distributed from 923 Generation And Fuel,2007,,WACM,City of Colorado Springs - (CO),38.7228,-104.7817,Colorado,0.0,0.0,0.0,0.0,0.0,2.0,0.0,0.0,0.0,0.0
41,4815,CO,Carter Hydro,58622,1,0,OP,HY,WAT,1.3,0.363,4137.5,1865.5,Distributed from 923 Generation And Fuel,2012,,WACM,"Poudre Valley R  E  A, Inc",40.324167,-105.208889,Colorado,0.0,0.0,0.0,0.0,0.0,0.0,0.0,1.3,0.0,0.0
42,4816,CO,Carter Hydro,58622,2,0,OP,HY,WAT,1.3,0.363,4137.5,1865.5,Distributed from 923 Generation And Fuel,2012,,WACM,"Poudre Valley R  E  A, Inc",40.324167,-105.208889,Colorado,0.0,0.0,0.0,0.0,0.0,0.0,0.0,1.3,0.0,0.0
43,4818,CO,Cedar Creek II,57210,1,0,OP,WT,WND,248.3,0.346,751628,224014,Distributed from 923 Generation And Fuel,2011,,PSCO,Public Service Co of Colorado,40.9475,-103.783889,Colorado,0.0,0.0,0.0,0.0,248.3,0.0,0.0,0.0,0.0,0.0
44,4819,CO,Cedar Creek Wind,56371,1,0,OP,WT,WND,300.5,0.324,852867,259330,Distributed from 923 Generation And Fuel,2007,,PSCO,Public Service Co of Colorado,40.8944,-104.0206,Colorado,0.0,0.0,0.0,0.0,300.5,0.0,0.0,0.0,0.0,0.0
45,4820,CO,Cedar Point Wind,57315,1-139,0,OP,WT,WND,252,0.3,661318,253524,Distributed from 923 Generation And Fuel,2011,,PSCO,Public Service Co of Colorado,39.421787,-103.67814,Colorado,0.0,0.0,0.0,0.0,252.0,0.0,0.0,0.0,0.0,0.0
46,4823,CO,Cherokee,469,4,1,OP,ST,BIT,380.8,0.587,1958271,805730,EIA-923 Generator File,1968,,PSCO,Public Service Co of Colorado,39.807275,-104.964548,Colorado,0.0,0.0,0.0,0.0,0.0,0.0,0.0,0.0,0.0,380.8
47,4824,CO,Cherokee,469,5,0,OP,CT,NG,185.3,0.487,791239,410141,EIA-923 Generator File,2015,,PSCO,Public Service Co of Colorado,39.807275,-104.964548,Colorado,185.3,0.0,0.0,0.0,0.0,0.0,0.0,0.0,0.0,0.0
48,4825,CO,Cherokee,469,6,0,OP,CT,NG,185.3,0.507,822694,395885,EIA-923 Generator File,2015,,PSCO,Public Service Co of Colorado,39.807275,-104.964548,Colorado,185.3,0.0,0.0,0.0,0.0,0.0,0.0,0.0,0.0,0.0
49,4826,CO,Cherokee,469,7,2,OP,CA,NG,255,0.475,1061689,530457,EIA-923 Generator File,2015,,PSCO,Public Service Co of Colorado,39.807275,-104.964548,Colorado,255.0,0.0,0.0,0.0,0.0,0.0,0.0,0.0,0.0,0.0
50,4830,CO,City & County of Denver at Denver Int'l,57645,PV1,0,OP,PV,SUN,3.4,0.236,7039,3160,Distributed from 923 Generation And Fuel,2011,,PSCO,Public Service Co of Colorado,39.904133,-104.654183,Colorado,0.0,0.0,0.0,0.0,0.0,3.4,0.0,0.0,0.0,0.0
51,4831,CO,City of Boulder WWTP,57681,1,0,OP,PV,SUN,1,0.089,777,349,Distributed from 923 Generation And Fuel,2010,,PSCO,Public Service Co of Colorado,40.048025,-105.180327,Colorado,0.0,0.0,0.0,0.0,0.0,1.0,0.0,0.0,0.0,0.0
52,4832,CO,Clear Spring Ranch PV Project,60511,PV1,0,OP,PV,SUN,10,0.025,2167,0,Distributed from 923 Generation And Fuel,2016,,WACM,City of Colorado Springs - (CO),38.602102,-104.694688,Colorado,0.0,0.0,0.0,0.0,0.0,10.0,0.0,0.0,0.0,0.0
53,4833,CO,Cogentrix of Alamosa,57368,1,0,OP,PV,SUN,30,0.243,63848,30071,Distributed from 923 Generation And Fuel,2012,,PSCO,Public Service Co of Colorado,37.598579,-105.955832,Colorado,0.0,0.0,0.0,0.0,0.0,30.0,0.0,0.0,0.0,0.0
54,4834,CO,Colorado Energy Nations Company,10003,GEN1,5,OP,ST,NG,7.5,0.746,49004.109,17970,EIA-923 Generator File,1976,,PSCO,Public Service Co of Colorado,39.7606,-105.215,Colorado,7.5,0.0,0.0,0.0,0.0,0.0,0.0,0.0,0.0,0.0
55,4835,CO,Colorado Energy Nations Company,10003,GEN2,5,OP,ST,NG,7.5,0.767,50391.744,17574,EIA-923 Generator File,1977,,PSCO,Public Service Co of Colorado,39.7606,-105.215,Colorado,7.5,0.0,0.0,0.0,0.0,0.0,0.0,0.0,0.0,0.0
56,4836,CO,Colorado Energy Nations Company,10003,GEN3,5,OP,ST,NG,20,0.422,74016.083,28866,EIA-923 Generator File,1983,,PSCO,Public Service Co of Colorado,39.7606,-105.215,Colorado,20.0,0.0,0.0,0.0,0.0,0.0,0.0,0.0,0.0,0.0
57,4838,CO,Colorado Green Holdings LLC,56173,CG,0,OP,WT,WND,162,0.357,506052,207948,Distributed from 923 Generation And Fuel,2003,,PSCO,Public Service Co of Colorado,37.7033,-102.6231,Colorado,0.0,0.0,0.0,0.0,162.0,0.0,0.0,0.0,0.0,0.0
58,4839,CO,Colorado Highlands Wind,57174,CHW1,0,OP,WT,WND,67.2,0.475,279521.723,97102.523,Distributed from 923 Generation And Fuel,2012,,WACM,WAPA-- Western Area Power Administration,40.756944,-102.743055,Colorado,0.0,0.0,0.0,0.0,67.2,0.0,0.0,0.0,0.0,0.0
59,4840,CO,Colorado Highlands Wind,57174,CHW2,0,OP,WT,WND,23.8,0.475,98997.277,34390.477,Distributed from 923 Generation And Fuel,2013,,WACM,WAPA-- Western Area Power Administration,40.756944,-102.743055,Colorado,0.0,0.0,0.0,0.0,23.8,0.0,0.0,0.0,0.0,0.0
60,4842,CO,Comanche (CO),470,1,1,OP,ST,SUB,382.5,0.638,2138679,954761,EIA-923 Generator File,1973,2022,WACM,Public Service Co of Colorado,38.2081,-104.5747,Colorado,0.0,0.0,382.5,0.0,0.0,0.0,0.0,0.0,0.0,0.0
61,4843,CO,Comanche (CO),470,2,1,OP,ST,SUB,396,0.529,1836695,793665,EIA-923 Generator File,1975,2025,WACM,Public Service Co of Colorado,38.2081,-104.5747,Colorado,0.0,0.0,396.0,0.0,0.0,0.0,0.0,0.0,0.0,0.0
62,4844,CO,Comanche (CO),470,3,1,OP,ST,SUB,856.8,0.677,5084336,2194462,EIA-923 Generator File,2010,,WACM,Public Service Co of Colorado,38.2081,-104.5747,Colorado,0.0,0.0,856.8,0.0,0.0,0.0,0.0,0.0,0.0,0.0
63,4845,CO,Comanche Solar,59656,COMCH,0,OP,PV,SUN,120,0.08,84592,29335,Distributed from 923 Generation And Fuel,2016,,PSCO,Public Service Co of Colorado,38.205278,-104.566667,Colorado,0.0,0.0,0.0,0.0,0.0,120.0,0.0,0.0,0.0,0.0
64,4848,CO,Craig (CO),6021,1,1,OP,ST,SUB,446.4,0.632,2472306,1068405,EIA-923 Generator File,1980,,WACM,"Tri-State G & T Assn, Inc",40.4627,-107.5912,Colorado,0.0,0.0,446.4,0.0,0.0,0.0,0.0,0.0,0.0,0.0
65,4849,CO,Craig (CO),6021,2,1,OP,ST,SUB,446.4,0.744,2908866,1253230,EIA-923 Generator File,1979,,WACM,"Tri-State G & T Assn, Inc",40.4627,-107.5912,Colorado,0.0,0.0,446.4,0.0,0.0,0.0,0.0,0.0,0.0,0.0
66,4850,CO,Craig (CO),6021,3,1,OP,ST,SUB,534.8,0.628,2944261,1134657,EIA-923 Generator File,1984,,WACM,"Tri-State G & T Assn, Inc",40.4627,-107.5912,Colorado,0.0,0.0,534.8,0.0,0.0,0.0,0.0,0.0,0.0,0.0
67,4851,CO,Crystal,6159,1,0,OP,HY,WAT,28,0.717,175780,79258,Distributed from 923 Generation And Fuel,1978,,WACM,WAPA-- Western Area Power Administration,38.510573,-107.625335,Colorado,0.0,0.0,0.0,0.0,0.0,0.0,0.0,28.0,0.0,0.0
68,4852,CO,CSU Pueblo,58481,CSU1,0,OP,PV,SUN,1,0.205,1799,808,Distributed from 923 Generation And Fuel,2008,,WACM,Black Hills Power Inc,38.306111,-104.58,Colorado,0.0,0.0,0.0,0.0,0.0,1.0,0.0,0.0,0.0,0.0
69,4853,CO,DADS Gas Recovery,56530,GEN1,0,OP,IC,LFG,0.8,0.795,5569,2338.25,Distributed from 923 Generation And Fuel,2008,,PSCO,Public Service Co of Colorado,39.6522,-104.7161,Colorado,0.0,0.0,0.0,0.0,0.0,0.0,0.0,0.0,0.0,0.8
70,4854,CO,DADS Gas Recovery,56530,GEN2,0,OP,IC,LFG,0.8,0.795,5569,2338.25,Distributed from 923 Generation And Fuel,2008,,PSCO,Public Service Co of Colorado,39.6522,-104.7161,Colorado,0.0,0.0,0.0,0.0,0.0,0.0,0.0,0.0,0.0,0.8
71,4855,CO,DADS Gas Recovery,56530,GEN3,0,OP,IC,LFG,0.8,0.795,5569,2338.25,Distributed from 923 Generation And Fuel,2008,,PSCO,Public Service Co of Colorado,39.6522,-104.7161,Colorado,0.0,0.0,0.0,0.0,0.0,0.0,0.0,0.0,0.0,0.8
72,4856,CO,DADS Gas Recovery,56530,GEN4,0,OP,IC,LFG,0.8,0.795,5569,2338.25,Distributed from 923 Generation And Fuel,2008,,PSCO,Public Service Co of Colorado,39.6522,-104.7161,Colorado,0.0,0.0,0.0,0.0,0.0,0.0,0.0,0.0,0.0,0.8
73,4857,CO,Denver Int Airport,56815,1,0,OP,PV,SUN,1.9,0.193,3205,1439,Distributed from 923 Generation And Fuel,2008,,PSCO,Public Service Co of Colorado,39.836789,-104.697149,Colorado,0.0,0.0,0.0,0.0,0.0,1.9,0.0,0.0,0.0,0.0
74,4858,CO,Denver Intl Airport IV Solar,59462,DIA4,0,OP,PV,SUN,1.5,0.22,2897,1301,Distributed from 923 Generation And Fuel,2014,,SWPP,Public Service Co of Colorado,39.900556,-104.669444,Colorado,0.0,0.0,0.0,0.0,0.0,1.5,0.0,0.0,0.0,0.0
75,4859,CO,Dillon Hydro Plant,10421,GEN1,0,OP,HY,WAT,1.8,0.872,13754,6202,Distributed from 923 Generation And Fuel,1987,,PSCO,Public Service Co of Colorado,39.6208,-106.0662,Colorado,0.0,0.0,0.0,0.0,0.0,0.0,0.0,1.8,0.0,0.0
76,4860,CO,DOE Golden NREL Main Campus,57694,MESA,0,OP,PV,SUN,0.7,0.097,592.242,265.788,Distributed from 923 Generation And Fuel,2008,,PSCO,Public Service Co of Colorado,39.740896,-105.170993,Colorado,0.0,0.0,0.0,0.0,0.0,0.7,0.0,0.0,0.0,0.0
77,4861,CO,DOE Golden NREL Main Campus,57694,PARKG,0,OP,PV,SUN,1.2,0.097,1015.273,455.636,Distributed from 923 Generation And Fuel,2013,,PSCO,Public Service Co of Colorado,39.740896,-105.170993,Colorado,0.0,0.0,0.0,0.0,0.0,1.2,0.0,0.0,0.0,0.0
78,4862,CO,DOE Golden NREL Main Campus,57694,PARKL,0,OP,PV,SUN,0.5,0.097,423.03,189.848,Distributed from 923 Generation And Fuel,2011,,PSCO,Public Service Co of Colorado,39.740896,-105.170993,Colorado,0.0,0.0,0.0,0.0,0.0,0.5,0.0,0.0,0.0,0.0
79,4863,CO,DOE Golden NREL Main Campus,57694,RSF1,0,OP,PV,SUN,0.4,0.097,338.424,151.879,Distributed from 923 Generation And Fuel,2010,,PSCO,Public Service Co of Colorado,39.740896,-105.170993,Colorado,0.0,0.0,0.0,0.0,0.0,0.4,0.0,0.0,0.0,0.0
80,4864,CO,DOE Golden NREL Main Campus,57694,RSF2,0,OP,PV,SUN,0.4,0.097,338.424,151.879,Distributed from 923 Generation And Fuel,2012,,PSCO,Public Service Co of Colorado,39.740896,-105.170993,Colorado,0.0,0.0,0.0,0.0,0.0,0.4,0.0,0.0,0.0,0.0
81,4865,CO,DOE Golden NREL Main Campus,57694,STF,0,OP,PV,SUN,0.1,0.097,84.606,37.97,Distributed from 923 Generation And Fuel,2009,,PSCO,Public Service Co of Colorado,39.740896,-105.170993,Colorado,0.0,0.0,0.0,0.0,0.0,0.1,0.0,0.0,0.0,0.0
82,4866,CO,DOE Golden NWTC Load Side,57692,SEPV,0,OP,PV,SUN,1.1,0.175,1682,755,Distributed from 923 Generation And Fuel,2009,,PSCO,Public Service Co of Colorado,39.909,-105.2318,Colorado,0.0,0.0,0.0,0.0,0.0,1.1,0.0,0.0,0.0,0.0
83,4867,CO,DOE Golden NWTC Turbine Side,57693,ALSTO,0,OP,WT,WND,3,0.015,401.25,138.068,Distributed from 923 Generation And Fuel,2011,,PSCO,Public Service Co of Colorado,39.9139,-105.2153,Colorado,0.0,0.0,0.0,0.0,3.0,0.0,0.0,0.0,0.0,0.0
84,4868,CO,DOE Golden NWTC Turbine Side,57693,GAMES,0,OP,WT,WND,2,0.015,267.5,92.045,Distributed from 923 Generation And Fuel,2011,,PSCO,Public Service Co of Colorado,39.9139,-105.2153,Colorado,0.0,0.0,0.0,0.0,2.0,0.0,0.0,0.0,0.0,0.0
85,4869,CO,DOE Golden NWTC Turbine Side,57693,GEDOE,0,OP,WT,WND,1.5,0.015,200.625,69.034,Distributed from 923 Generation And Fuel,2010,,PSCO,Public Service Co of Colorado,39.9139,-105.2153,Colorado,0.0,0.0,0.0,0.0,1.5,0.0,0.0,0.0,0.0,0.0
86,4870,CO,DOE Golden NWTC Turbine Side,57693,SIEM,0,OP,WT,WND,2.3,0.015,307.625,105.852,Distributed from 923 Generation And Fuel,2010,,PSCO,Public Service Co of Colorado,39.9139,-105.2153,Colorado,0.0,0.0,0.0,0.0,2.3,0.0,0.0,0.0,0.0,0.0
87,4872,CO,Eagle Springs Solar LLC,59239,ESS01,0,OP,PV,SUN,1,0.171,1495,671,Distributed from 923 Generation And Fuel,2013,,PSCO,"Holy Cross Electric Assn, Inc",39.526111,-107.696111,Colorado,0.0,0.0,0.0,0.0,0.0,1.0,0.0,0.0,0.0,0.0
88,4873,CO,Eagle Valley Clean Energy LLC Biomass,58574,01,1,OP,ST,WDS,12.6,0.778,85822,36195,Distributed from 923 Generation And Fuel,2013,,PSCO,"Holy Cross Electric Assn, Inc",39.648056,-106.943056,Colorado,0.0,0.0,0.0,0.0,0.0,0.0,0.0,0.0,0.0,12.6
89,4874,CO,Estes,513,1,0,OP,HY,WAT,15,0.291,38245.667,14087.333,Distributed from 923 Generation And Fuel,1950,,WACM,WAPA-- Western Area Power Administration,40.376771,-105.509665,Colorado,0.0,0.0,0.0,0.0,0.0,0.0,0.0,15.0,0.0,0.0
90,4875,CO,Estes,513,2,0,OP,HY,WAT,15,0.291,38245.667,14087.333,Distributed from 923 Generation And Fuel,1950,,WACM,WAPA-- Western Area Power Administration,40.376771,-105.509665,Colorado,0.0,0.0,0.0,0.0,0.0,0.0,0.0,15.0,0.0,0.0
91,4876,CO,Estes,513,3,0,OP,HY,WAT,15,0.291,38245.667,14087.333,Distributed from 923 Generation And Fuel,1950,,WACM,WAPA-- Western Area Power Administration,40.376771,-105.509665,Colorado,0.0,0.0,0.0,0.0,0.0,0.0,0.0,15.0,0.0,0.0
92,4877,CO,Flatiron,518,1,0,OP,HY,WAT,43,0.322,121148.5,52761.5,Distributed from 923 Generation And Fuel,1954,,WACM,WAPA-- Western Area Power Administration,40.364996,-105.236032,Colorado,0.0,0.0,0.0,0.0,0.0,0.0,0.0,43.0,0.0,0.0
93,4878,CO,Flatiron,518,2,0,OP,HY,WAT,43,0.322,121148.5,52761.5,Distributed from 923 Generation And Fuel,1954,,WACM,WAPA-- Western Area Power Administration,40.364996,-105.236032,Colorado,0.0,0.0,0.0,0.0,0.0,0.0,0.0,43.0,0.0,0.0
94,4879,CO,Flatiron,518,3,0,OP,PS,WAT,8.5,,-34185,-8511,Data from EIA-923 Generator File overwritten with distributed data from EIA-923 Generation and Fuel,1954,,WACM,WAPA-- Western Area Power Administration,40.364996,-105.236032,Colorado,0.0,0.0,0.0,0.0,0.0,0.0,0.0,8.5,0.0,0.0
95,4880,CO,Foothills Hydro Plant,10070,GEN1,0,OP,HY,WAT,3.1,0.226,6145,2771,Distributed from 923 Generation And Fuel,1985,,WACM,Intermountain Rural Elec Assn,39.4588,-105.0657,Colorado,0.0,0.0,0.0,0.0,0.0,0.0,0.0,3.1,0.0,0.0
96,4881,CO,Fort Lupton,8067,1,0,OP,GT,NG,50.4,0.002,1080.5,522,Distributed from 923 Generation And Fuel,1972,,PSCO,Public Service Co of Colorado,40.0922,-104.796,Colorado,0.0,50.4,0.0,0.0,0.0,0.0,0.0,0.0,0.0,0.0
97,4882,CO,Fort Lupton,8067,2,0,OP,GT,NG,50.4,0.002,1080.5,522,Distributed from 923 Generation And Fuel,1972,,PSCO,Public Service Co of Colorado,40.0922,-104.796,Colorado,0.0,50.4,0.0,0.0,0.0,0.0,0.0,0.0,0.0,0.0
98,4883,CO,Fort St Vrain,6112,1,3,OP,CA,NG,342.6,0.324,973146,510829,EIA-923 Generator File,1998,,PSCO,Public Service Co of Colorado,40.2461,-104.8742,Colorado,342.6,0.0,0.0,0.0,0.0,0.0,0.0,0.0,0.0,0.0
99,4884,CO,Fort St Vrain,6112,2,0,OP,CT,NG,175.1,0.401,614885,318761,EIA-923 Generator File,1996,,PSCO,Public Service Co of Colorado,40.2461,-104.8742,Colorado,175.1,0.0,0.0,0.0,0.0,0.0,0.0,0.0,0.0,0.0
100,4885,CO,Fort St Vrain,6112,3,0,OP,CT,NG,175.1,0.352,540227,267335,EIA-923 Generator File,1999,,PSCO,Public Service Co of Colorado,40.2461,-104.8742,Colorado,175.1,0.0,0.0,0.0,0.0,0.0,0.0,0.0,0.0,0.0
101,4886,CO,Fort St Vrain,6112,4,0,OP,CT,NG,175.1,0.367,563036,264231,EIA-923 Generator File,2001,,PSCO,Public Service Co of Colorado,40.2461,-104.8742,Colorado,175.1,0.0,0.0,0.0,0.0,0.0,0.0,0.0,0.0,0.0
102,4887,CO,Fort St Vrain,6112,5,0,OP,GT,NG,140.3,0.06,73487.5,54696,Distributed from 923 Generation And Fuel,2009,,PSCO,Public Service Co of Colorado,40.2461,-104.8742,Colorado,0.0,140.3,0.0,0.0,0.0,0.0,0.0,0.0,0.0,0.0
103,4888,CO,Fort St Vrain,6112,6,0,OP,GT,NG,140.3,0.06,73487.5,54696,Distributed from 923 Generation And Fuel,2009,,PSCO,Public Service Co of Colorado,40.2461,-104.8742,Colorado,0.0,140.3,0.0,0.0,0.0,0.0,0.0,0.0,0.0,0.0
104,4889,CO,Fountain Valley Power Facility,55453,S1,0,OP,GT,NG,38,0.07,23396,13376.5,Distributed from 923 Generation And Fuel,2001,,PSCO,Public Service Co of Colorado,38.5569,-104.6875,Colorado,0.0,38.0,0.0,0.0,0.0,0.0,0.0,0.0,0.0,0.0
105,4890,CO,Fountain Valley Power Facility,55453,S2,0,OP,GT,NG,38,0.07,23396,13376.5,Distributed from 923 Generation And Fuel,2001,,PSCO,Public Service Co of Colorado,38.5569,-104.6875,Colorado,0.0,38.0,0.0,0.0,0.0,0.0,0.0,0.0,0.0,0.0
106,4891,CO,Fountain Valley Power Facility,55453,S3,0,OP,GT,NG,38,0.07,23396,13376.5,Distributed from 923 Generation And Fuel,2001,,PSCO,Public Service Co of Colorado,38.5569,-104.6875,Colorado,0.0,38.0,0.0,0.0,0.0,0.0,0.0,0.0,0.0,0.0
107,4892,CO,Fountain Valley Power Facility,55453,S4,0,OP,GT,NG,38,0.07,23396,13376.5,Distributed from 923 Generation And Fuel,2001,,PSCO,Public Service Co of Colorado,38.5569,-104.6875,Colorado,0.0,38.0,0.0,0.0,0.0,0.0,0.0,0.0,0.0,0.0
108,4893,CO,Fountain Valley Power Facility,55453,S5,0,OP,GT,NG,38,0.07,23396,13376.5,Distributed from 923 Generation And Fuel,2001,,PSCO,Public Service Co of Colorado,38.5569,-104.6875,Colorado,0.0,38.0,0.0,0.0,0.0,0.0,0.0,0.0,0.0,0.0
109,4894,CO,Fountain Valley Power Facility,55453,S6,0,OP,GT,NG,38,0.07,23396,13376.5,Distributed from 923 Generation And Fuel,2001,,PSCO,Public Service Co of Colorado,38.5569,-104.6875,Colorado,0.0,38.0,0.0,0.0,0.0,0.0,0.0,0.0,0.0,0.0
110,4895,CO,Frank Knutson,55505,BR1,0,OP,GT,NG,77.1,0.012,7810.5,3796,Distributed from 923 Generation And Fuel,2002,,PSCO,Public Service Co of Colorado,39.941129,-104.682015,Colorado,0.0,77.1,0.0,0.0,0.0,0.0,0.0,0.0,0.0,0.0
111,4896,CO,Frank Knutson,55505,BR2,0,OP,GT,NG,77.1,0.012,7810.5,3796,Distributed from 923 Generation And Fuel,2002,,PSCO,Public Service Co of Colorado,39.941129,-104.682015,Colorado,0.0,77.1,0.0,0.0,0.0,0.0,0.0,0.0,0.0,0.0
112,4897,CO,Front Range Power Plant,55283,1,0,OP,CT,NG,154,0.518,699105,259314,EIA-923 Generator File,2003,,WACM,City of Colorado Springs - (CO),38.6281,-104.7069,Colorado,154.0,0.0,0.0,0.0,0.0,0.0,0.0,0.0,0.0,0.0
113,4898,CO,Front Range Power Plant,55283,2,0,OP,CT,NG,154,0.569,767501,328635,EIA-923 Generator File,2003,,WACM,City of Colorado Springs - (CO),38.6281,-104.7069,Colorado,154.0,0.0,0.0,0.0,0.0,0.0,0.0,0.0,0.0,0.0
114,4899,CO,Front Range Power Plant,55283,3,2,OP,CA,NG,233,0.397,810354,342285,EIA-923 Generator File,2003,,WACM,City of Colorado Springs - (CO),38.6281,-104.7069,Colorado,233.0,0.0,0.0,0.0,0.0,0.0,0.0,0.0,0.0,0.0
115,4900,CO,Front Range Project,59143,FR-1,0,OP,IC,LFG,3.2,0.849,23786,9987,Distributed from 923 Generation And Fuel,2011,,WACM,"United Power, Inc",40.029444,-105.004722,Colorado,0.0,0.0,0.0,0.0,0.0,0.0,0.0,0.0,0.0,3.2
116,4902,CO,Fruita,471,1,0,OP,GT,NG,26.6,0.001,258,122,Distributed from 923 Generation And Fuel,1973,,PSCO,Public Service Co of Colorado,39.1364,-108.7347,Colorado,0.0,26.6,0.0,0.0,0.0,0.0,0.0,0.0,0.0,0.0
117,4903,CO,George Birdsall,493,1,1,OP,ST,NG,17.3,0.009,1375,765,EIA-923 Generator File,1953,,WACM,City of Colorado Springs - (CO),38.881389,-104.816944,Colorado,17.3,0.0,0.0,0.0,0.0,0.0,0.0,0.0,0.0,0.0
118,4904,CO,George Birdsall,493,2,1,OP,ST,NG,18.8,0.01,1665,865,EIA-923 Generator File,1954,,WACM,City of Colorado Springs - (CO),38.881389,-104.816944,Colorado,18.8,0.0,0.0,0.0,0.0,0.0,0.0,0.0,0.0,0.0
119,4905,CO,George Birdsall,493,3,1,OP,ST,NG,23.5,0.003,560,560,EIA-923 Generator File,1957,,WACM,City of Colorado Springs - (CO),38.881389,-104.816944,Colorado,23.5,0.0,0.0,0.0,0.0,0.0,0.0,0.0,0.0,0.0
120,4906,CO,Georgetown Hydro,472,1,0,OP,HY,WAT,0.6,0.35,1839,829,Distributed from 923 Generation And Fuel,1906,,PSCO,Public Service Co of Colorado,39.6919,-105.6978,Colorado,0.0,0.0,0.0,0.0,0.0,0.0,0.0,0.6,0.0,0.0
121,4907,CO,Georgetown Hydro,472,2,0,OP,HY,WAT,0.6,0.35,1839,829,Distributed from 923 Generation And Fuel,1908,,PSCO,Public Service Co of Colorado,39.6919,-105.6978,Colorado,0.0,0.0,0.0,0.0,0.0,0.0,0.0,0.6,0.0,0.0
122,4908,CO,Golden West Power Partners LLC,59974,GW1,0,OP,WT,WND,250,0.389,852605,317369,Distributed from 923 Generation And Fuel,2015,,PSCO,Public Service Co of Colorado,38.935,-104.212,Colorado,0.0,0.0,0.0,0.0,250.0,0.0,0.0,0.0,0.0,0.0
123,4909,CO,Granby Hydro,60119,GEN1,0,OP,HY,WAT,1.2,0.338,3549,2691,Distributed from 923 Generation And Fuel,2016,,PSCO,"Mountain Parks Electric, Inc",40.1464,-105.8683,Colorado,0.0,0.0,0.0,0.0,0.0,0.0,0.0,1.2,0.0,0.0
124,4910,CO,Grand Valley Project Power Plant,473,1,0,OP,HY,WAT,1.5,0.408,5355,2414.5,Distributed from 923 Generation And Fuel,1932,,PSCO,Public Service Co of Colorado,39.101667,-108.345556,Colorado,0.0,0.0,0.0,0.0,0.0,0.0,0.0,1.5,0.0,0.0
125,4911,CO,Grand Valley Project Power Plant,473,2,0,OP,HY,WAT,1.5,0.408,5355,2414.5,Distributed from 923 Generation And Fuel,1932,,PSCO,Public Service Co of Colorado,39.101667,-108.345556,Colorado,0.0,0.0,0.0,0.0,0.0,0.0,0.0,1.5,0.0,0.0
126,4912,CO,Greater Sandhill I,57377,GS-P1,0,OP,PV,SUN,10,0.284,24896.316,11176.842,Distributed from 923 Generation And Fuel,2010,,PSCO,Public Service Co of Colorado,37.685467,-105.8909,Colorado,0.0,0.0,0.0,0.0,0.0,10.0,0.0,0.0,0.0,0.0
127,4913,CO,Greater Sandhill I,57377,GS-P2,0,OP,PV,SUN,9,0.284,22406.684,10059.158,Distributed from 923 Generation And Fuel,2010,,PSCO,Public Service Co of Colorado,37.685467,-105.8909,Colorado,0.0,0.0,0.0,0.0,0.0,9.0,0.0,0.0,0.0,0.0
128,4914,CO,Green Mountain,516,1,0,OP,HY,WAT,13,0.262,29784,20938.5,Distributed from 923 Generation And Fuel,1943,,WACM,WAPA-- Western Area Power Administration,39.878805,-106.332725,Colorado,0.0,0.0,0.0,0.0,0.0,0.0,0.0,13.0,0.0,0.0
129,4915,CO,Green Mountain,516,2,0,OP,HY,WAT,13,0.262,29784,20938.5,Distributed from 923 Generation And Fuel,1943,,WACM,WAPA-- Western Area Power Administration,39.878805,-106.332725,Colorado,0.0,0.0,0.0,0.0,0.0,0.0,0.0,13.0,0.0,0.0
130,4916,CO,Gross Hydro Plant,10424,GEN1,0,OP,HY,WAT,7.8,0.247,16857,7601,Distributed from 923 Generation And Fuel,2007,,PSCO,Public Service Co of Colorado,39.9456,-105.3565,Colorado,0.0,0.0,0.0,0.0,0.0,0.0,0.0,7.8,0.0,0.0
131,4917,CO,Hayden,525,1,1,OP,ST,BIT,190,0.656,1091383,464076,EIA-923 Generator File,1965,,PSCO,WAPA-- Western Area Power Administration,40.4856,-107.185,Colorado,0.0,0.0,0.0,0.0,0.0,0.0,0.0,0.0,0.0,190.0
132,4918,CO,Hayden,525,2,1,OP,ST,BIT,275.4,0.547,1320080,612159,EIA-923 Generator File,1976,,PSCO,WAPA-- Western Area Power Administration,40.4856,-107.185,Colorado,0.0,0.0,0.0,0.0,0.0,0.0,0.0,0.0,0.0,275.4
133,4920,CO,Hillcrest Pump Station,54142,GEN1,0,OP,HY,WAT,2,0.429,7518,3390,Distributed from 923 Generation And Fuel,1993,,PSCO,Public Service Co of Colorado,39.6419,-104.9138,Colorado,0.0,0.0,0.0,0.0,0.0,0.0,0.0,2.0,0.0,0.0
134,4927,CO,Hooper Solar,60008,SCCO3,0,OP,PV,SUN,52,0.273,124418,65127,Distributed from 923 Generation And Fuel,2015,,PSCO,Public Service Co of Colorado,37.691863,-105.990812,Colorado,0.0,0.0,0.0,0.0,0.0,52.0,0.0,0.0,0.0,0.0
135,4928,CO,Huerfano River Wind,58548,WTG1,0,OP,WT,WND,2,0.244,4278.75,1472.25,Distributed from 923 Generation And Fuel,2013,,WACM,"San Isabel Electric Assn, Inc",37.772222,-104.832222,Colorado,0.0,0.0,0.0,0.0,2.0,0.0,0.0,0.0,0.0,0.0
136,4929,CO,Huerfano River Wind,58548,WTG2,0,OP,WT,WND,2,0.244,4278.75,1472.25,Distributed from 923 Generation And Fuel,2013,,WACM,"San Isabel Electric Assn, Inc",37.772222,-104.832222,Colorado,0.0,0.0,0.0,0.0,2.0,0.0,0.0,0.0,0.0,0.0
137,4930,CO,Huerfano River Wind,58548,WTG3,0,OP,WT,WND,2,0.244,4278.75,1472.25,Distributed from 923 Generation And Fuel,2013,,WACM,"San Isabel Electric Assn, Inc",37.772222,-104.832222,Colorado,0.0,0.0,0.0,0.0,2.0,0.0,0.0,0.0,0.0,0.0
138,4931,CO,Huerfano River Wind,58548,WTG4,0,OP,WT,WND,2,0.244,4278.75,1472.25,Distributed from 923 Generation And Fuel,2013,,WACM,"San Isabel Electric Assn, Inc",37.772222,-104.832222,Colorado,0.0,0.0,0.0,0.0,2.0,0.0,0.0,0.0,0.0,0.0
139,4932,CO,"Jeffco Community Solar Gardens, LLC",60320,SSCO1,0,OP,PV,SUN,1.2,0.14,1471,844,Distributed from 923 Generation And Fuel,2016,,PSCO,Public Service Co of Colorado,39.859564,-105.149694,Colorado,0.0,0.0,0.0,0.0,0.0,1.2,0.0,0.0,0.0,0.0
140,4933,CO,JM Shafer Generating Station,50707,LMA,0,OP,CT,NG,58.5,0.907,464798,233742,EIA-923 Generator File,1994,,PSCO,Public Service Co of Colorado,40.0986,-104.7736,Colorado,58.5,0.0,0.0,0.0,0.0,0.0,0.0,0.0,0.0,0.0
141,4934,CO,JM Shafer Generating Station,50707,LMB,0,OP,CT,NG,58.5,0,0,0,EIA-923 Generator File,1994,,PSCO,Public Service Co of Colorado,40.0986,-104.7736,Colorado,58.5,0.0,0.0,0.0,0.0,0.0,0.0,0.0,0.0,0.0
142,4935,CO,JM Shafer Generating Station,50707,LMC,0,OP,CT,NG,58.5,0,0,0,EIA-923 Generator File,1994,,PSCO,Public Service Co of Colorado,40.0986,-104.7736,Colorado,58.5,0.0,0.0,0.0,0.0,0.0,0.0,0.0,0.0,0.0
143,4936,CO,JM Shafer Generating Station,50707,LMD,0,OP,CT,NG,58.5,0,0,0,EIA-923 Generator File,1994,,PSCO,Public Service Co of Colorado,40.0986,-104.7736,Colorado,58.5,0.0,0.0,0.0,0.0,0.0,0.0,0.0,0.0,0.0
144,4937,CO,JM Shafer Generating Station,50707,LME,0,OP,CT,NG,58.5,0,0,0,EIA-923 Generator File,1994,,PSCO,Public Service Co of Colorado,40.0986,-104.7736,Colorado,58.5,0.0,0.0,0.0,0.0,0.0,0.0,0.0,0.0,0.0
145,4938,CO,JM Shafer Generating Station,50707,STA,5,OP,CA,NG,52.2,0.084,38364,22859,EIA-923 Generator File,1994,,PSCO,Public Service Co of Colorado,40.0986,-104.7736,Colorado,52.2,0.0,0.0,0.0,0.0,0.0,0.0,0.0,0.0,0.0
146,4939,CO,JM Shafer Generating Station,50707,STB,5,OP,CA,NG,52.2,0.097,44394,21402,EIA-923 Generator File,1994,,PSCO,Public Service Co of Colorado,40.0986,-104.7736,Colorado,52.2,0.0,0.0,0.0,0.0,0.0,0.0,0.0,0.0,0.0
147,4945,CO,Kit Carson Windpower,57244,KCW,0,OP,WT,WND,51,0.415,185296,61594,Distributed from 923 Generation And Fuel,2010,,WACM,"Tri-State G & T Assn, Inc",39.3383,-102.3533,Colorado,0.0,0.0,0.0,0.0,51.0,0.0,0.0,0.0,0.0,0.0
148,4960,CO,Lamar Plant,508,T1-T3,0,OP,WT,WND,4.5,0.197,7757.25,2669.25,Distributed from 923 Generation And Fuel,2004,,PSCO,City of Lamar - (CO),38.033327,-102.537915,Colorado,0.0,0.0,0.0,0.0,4.5,0.0,0.0,0.0,0.0,0.0
149,4961,CO,Lamar Plant,508,T4,0,OP,WT,WND,1.5,0.197,2585.75,889.75,Distributed from 923 Generation And Fuel,2004,,PSCO,City of Lamar - (CO),38.033327,-102.537915,Colorado,0.0,0.0,0.0,0.0,1.5,0.0,0.0,0.0,0.0,0.0
150,4964,CO,Las Animas,507,1,0,OP,IC,DFO,0.3,,-4.768,-1.472,Data from EIA-923 Generator File overwritten with distributed data from EIA-923 Generation and Fuel,1941,,WACM,City of Las Animas - (CO),38.0647,-103.2159,Colorado,0.0,0.0,0.0,0.3,0.0,0.0,0.0,0.0,0.0,0.0
151,4965,CO,Las Animas,507,2,0,OP,IC,DFO,0.3,,-4.768,-1.472,Data from EIA-923 Generator File overwritten with distributed data from EIA-923 Generation and Fuel,1941,,WACM,City of Las Animas - (CO),38.0647,-103.2159,Colorado,0.0,0.0,0.0,0.3,0.0,0.0,0.0,0.0,0.0,0.0
152,4966,CO,Las Animas,507,4,0,OP,IC,DFO,1,,-15.893,-4.907,Data from EIA-923 Generator File overwritten with distributed data from EIA-923 Generation and Fuel,1951,,WACM,City of Las Animas - (CO),38.0647,-103.2159,Colorado,0.0,0.0,0.0,1.0,0.0,0.0,0.0,0.0,0.0,0.0
153,4967,CO,Las Animas,507,5,0,OP,IC,DFO,1,,-15.893,-4.907,Data from EIA-923 Generator File overwritten with distributed data from EIA-923 Generation and Fuel,1951,,WACM,City of Las Animas - (CO),38.0647,-103.2159,Colorado,0.0,0.0,0.0,1.0,0.0,0.0,0.0,0.0,0.0,0.0
154,4968,CO,Las Animas,507,6,0,OP,IC,DFO,3,,-47.679,-14.721,Data from EIA-923 Generator File overwritten with distributed data from EIA-923 Generation and Fuel,1967,,WACM,City of Las Animas - (CO),38.0647,-103.2159,Colorado,0.0,0.0,0.0,3.0,0.0,0.0,0.0,0.0,0.0,0.0
155,4969,CO,Limon Generating Station,55504,L1,0,OP,GT,NG,77.1,0.038,25600,12479.5,Distributed from 923 Generation And Fuel,2002,,WACM,"Tri-State G & T Assn, Inc",39.2038,-103.7005,Colorado,0.0,77.1,0.0,0.0,0.0,0.0,0.0,0.0,0.0,0.0
156,4970,CO,Limon Generating Station,55504,L2,0,OP,GT,NG,77.1,0.038,25600,12479.5,Distributed from 923 Generation And Fuel,2002,,WACM,"Tri-State G & T Assn, Inc",39.2038,-103.7005,Colorado,0.0,77.1,0.0,0.0,0.0,0.0,0.0,0.0,0.0,0.0
157,4971,CO,Limon III Wind LLC,59083,WT1,0,OP,WT,WND,200.6,0.451,792326,295446,Distributed from 923 Generation And Fuel,2014,,PSCO,Public Service Co of Colorado,39.353333,-103.474167,Colorado,0.0,0.0,0.0,0.0,200.6,0.0,0.0,0.0,0.0,0.0
158,4972,CO,Limon Wind I,58126,1,0,OP,WT,WND,200,0.4,701195,255214,Distributed from 923 Generation And Fuel,2012,,PSCO,Public Service Co of Colorado,39.380975,-103.573236,Colorado,0.0,0.0,0.0,0.0,200.0,0.0,0.0,0.0,0.0,0.0
159,4973,CO,Limon Wind II,58127,1,0,OP,WT,WND,200,0.345,605023,211034,Distributed from 923 Generation And Fuel,2012,,PSCO,Public Service Co of Colorado,39.341389,-103.581111,Colorado,0.0,0.0,0.0,0.0,200.0,0.0,0.0,0.0,0.0,0.0
160,4975,CO,Logan Wind Energy,56613,1,0,OP,WT,WND,201,0.337,592579,179480,Distributed from 923 Generation And Fuel,2007,,PSCO,Public Service Co of Colorado,40.941,-103.259,Colorado,0.0,0.0,0.0,0.0,201.0,0.0,0.0,0.0,0.0,0.0
161,4976,CO,Lower Molina,520,1,0,OP,HY,WAT,5.6,0.309,15148,6830,Distributed from 923 Generation And Fuel,1962,,WACM,WAPA-- Western Area Power Administration,39.19366,-108.044088,Colorado,0.0,0.0,0.0,0.0,0.0,0.0,0.0,5.6,0.0,0.0
162,4977,CO,Manchief Electric Generating Station,55127,UN1,0,OP,GT,NG,150,0.029,38605.5,21585,Distributed from 923 Generation And Fuel,2000,,PSCO,Public Service Co of Colorado,40.217143,-103.68504,Colorado,0.0,150.0,0.0,0.0,0.0,0.0,0.0,0.0,0.0,0.0
163,4978,CO,Manchief Electric Generating Station,55127,UN2,0,OP,GT,NG,150,0.029,38605.5,21585,Distributed from 923 Generation And Fuel,2000,,PSCO,Public Service Co of Colorado,40.217143,-103.68504,Colorado,0.0,150.0,0.0,0.0,0.0,0.0,0.0,0.0,0.0,0.0
164,4979,CO,Manitou Springs,494,1,0,OP,HY,WAT,2.5,0.319,6981.25,3147.917,Distributed from 923 Generation And Fuel,1939,,WACM,City of Colorado Springs - (CO),38.855556,-104.933056,Colorado,0.0,0.0,0.0,0.0,0.0,0.0,0.0,2.5,0.0,0.0
165,4980,CO,Manitou Springs,494,2,0,OP,HY,WAT,2.5,0.319,6981.25,3147.917,Distributed from 923 Generation And Fuel,1927,,WACM,City of Colorado Springs - (CO),38.855556,-104.933056,Colorado,0.0,0.0,0.0,0.0,0.0,0.0,0.0,2.5,0.0,0.0
166,4981,CO,Manitou Springs,494,3,0,OP,HY,WAT,1,0.319,2792.5,1259.167,Distributed from 923 Generation And Fuel,2006,,WACM,City of Colorado Springs - (CO),38.855556,-104.933056,Colorado,0.0,0.0,0.0,0.0,0.0,0.0,0.0,1.0,0.0,0.0
167,4982,CO,Martin Drake,492,6,1,OP,ST,SUB,75,0.55,361101,173453,EIA-923 Generator File,1968,,WACM,City of Colorado Springs - (CO),38.824444,-104.833333,Colorado,0.0,0.0,75.0,0.0,0.0,0.0,0.0,0.0,0.0,0.0
168,4983,CO,Martin Drake,492,7,1,OP,ST,SUB,132,0.584,675158,269163,EIA-923 Generator File,1974,,WACM,City of Colorado Springs - (CO),38.824444,-104.833333,Colorado,0.0,0.0,132.0,0.0,0.0,0.0,0.0,0.0,0.0,0.0
169,4985,CO,Marys Lake,517,1,0,OP,HY,WAT,8.1,0.519,36793,15044,Distributed from 923 Generation And Fuel,1951,,WACM,WAPA-- Western Area Power Administration,40.34408,-105.534308,Colorado,0.0,0.0,0.0,0.0,0.0,0.0,0.0,8.1,0.0,0.0
170,4986,CO,McPhee,7372,1,0,OP,HY,WAT,1.2,0.481,5055,2279,Distributed from 923 Generation And Fuel,1992,,WACM,WAPA-- Western Area Power Administration,37.57522,-108.574002,Colorado,0.0,0.0,0.0,0.0,0.0,0.0,0.0,1.2,0.0,0.0
171,4987,CO,Mesa PV1,59199,MESA1,0,OP,PV,SUN,1.6,0.238,3330,1495,Distributed from 923 Generation And Fuel,2014,,PSCO,Public Service Co of Colorado,39.0672,-108.509139,Colorado,0.0,0.0,0.0,0.0,0.0,1.6,0.0,0.0,0.0,0.0
172,4992,CO,Metro Wastewater Reclamation District,10180,5,0,OP,GT,OBG,3.5,0.474,14526,6099,Distributed from 923 Generation And Fuel,2000,,PSCO,Public Service Co of Colorado,39.8078,-104.9542,Colorado,0.0,0.0,0.0,0.0,0.0,0.0,0.0,0.0,0.0,3.5
173,4993,CO,Metro Wastewater Reclamation District,10180,6,0,OP,GT,OBG,3.5,0.474,14526,6099,Distributed from 923 Generation And Fuel,2000,,PSCO,Public Service Co of Colorado,39.8078,-104.9542,Colorado,0.0,0.0,0.0,0.0,0.0,0.0,0.0,0.0,0.0,3.5
174,4994,CO,Morrow Point,514,1,0,OP,HY,WAT,86.6,0.215,163387.5,73670,Distributed from 923 Generation And Fuel,1970,,WACM,WAPA-- Western Area Power Administration,38.451753,-107.539299,Colorado,0.0,0.0,0.0,0.0,0.0,0.0,0.0,86.6,0.0,0.0
175,4995,CO,Morrow Point,514,2,0,OP,HY,WAT,86.6,0.215,163387.5,73670,Distributed from 923 Generation And Fuel,1971,,WACM,WAPA-- Western Area Power Administration,38.451753,-107.539299,Colorado,0.0,0.0,0.0,0.0,0.0,0.0,0.0,86.6,0.0,0.0
176,4996,CO,Mount Elbert,6208,1,0,OP,PS,WAT,100,,-40367,-21361.5,Data from EIA-923 Generator File overwritten with distributed data from EIA-923 Generation and Fuel,1981,,WACM,WAPA-- Western Area Power Administration,39.094197,-106.352331,Colorado,0.0,0.0,0.0,0.0,0.0,0.0,0.0,100.0,0.0,0.0
177,4997,CO,Mount Elbert,6208,2,0,OP,PS,WAT,100,,-40367,-21361.5,Data from EIA-923 Generator File overwritten with distributed data from EIA-923 Generation and Fuel,1984,,WACM,WAPA-- Western Area Power Administration,39.094197,-106.352331,Colorado,0.0,0.0,0.0,0.0,0.0,0.0,0.0,100.0,0.0,0.0
178,4998,CO,North Fork Hydro Plant,10423,GEN1,0,OP,HY,WAT,5.5,0.147,7092,3198,Distributed from 923 Generation And Fuel,1988,,WACM,Intermountain Rural Elec Assn,39.4616,-105.677,Colorado,0.0,0.0,0.0,0.0,0.0,0.0,0.0,5.5,0.0,0.0
179,4999,CO,Northern Colorado Wind LLC,57290,GE,0,OP,WT,WND,22.5,0.25,49362.909,16463.081,Distributed from 923 Generation And Fuel,2009,,PSCO,Public Service Co of Colorado,40.9881,-102.8969,Colorado,0.0,0.0,0.0,0.0,22.5,0.0,0.0,0.0,0.0,0.0
180,5000,CO,Northern Colorado Wind LLC,57290,SIEM,0,OP,WT,WND,151.8,0.25,333035.091,111070.919,Distributed from 923 Generation And Fuel,2009,,PSCO,Public Service Co of Colorado,40.9881,-102.8969,Colorado,0.0,0.0,0.0,0.0,151.8,0.0,0.0,0.0,0.0,0.0
181,5001,CO,Nucla,527,1,1,OP,ST,BIT,11.5,0.239,24111,14456,EIA-923 Generator File,1959,2022,WACM,"Tri-State G & T Assn, Inc",38.2383,-108.5069,Colorado,0.0,0.0,0.0,0.0,0.0,0.0,0.0,0.0,0.0,11.5
182,5002,CO,Nucla,527,2,1,OP,ST,BIT,11.5,0.231,23315,13913,EIA-923 Generator File,1959,2022,WACM,"Tri-State G & T Assn, Inc",38.2383,-108.5069,Colorado,0.0,0.0,0.0,0.0,0.0,0.0,0.0,0.0,0.0,11.5
183,5003,CO,Nucla,527,3,1,OP,ST,BIT,11.5,0.232,23336,14026,EIA-923 Generator File,1959,2022,WACM,"Tri-State G & T Assn, Inc",38.2383,-108.5069,Colorado,0.0,0.0,0.0,0.0,0.0,0.0,0.0,0.0,0.0,11.5
184,5004,CO,Nucla,527,ST4,1,OP,ST,BIT,79.3,0.219,151964,91530,EIA-923 Generator File,1991,2022,WACM,"Tri-State G & T Assn, Inc",38.2383,-108.5069,Colorado,0.0,0.0,0.0,0.0,0.0,0.0,0.0,0.0,0.0,79.3
185,5005,CO,OREG 4 Peetz,57134,1,0,OP,OT,WH,4.5,0.29,11427,4705,Distributed from 923 Generation And Fuel,2009,,WACM,Highline Electric Assn,40.9925,-102.853056,Colorado,0.0,0.0,0.0,0.0,0.0,0.0,0.0,0.0,0.0,4.5
186,5008,CO,Pawnee,6248,1,1,OP,ST,SUB,552.3,0.559,2705324,1318008,EIA-923 Generator File,1981,,PSCO,Public Service Co of Colorado,40.2217,-103.6803,Colorado,0.0,0.0,552.3,0.0,0.0,0.0,0.0,0.0,0.0,0.0
187,5009,CO,Peak View Wind Farm,60143,WTG,0,OP,WT,WND,60.8,0.062,32855,0,Distributed from 923 Generation And Fuel,2016,,PSCO,Black Hills/Colorado Elec.Util,37.710444,-104.505464,Colorado,0.0,0.0,0.0,0.0,60.8,0.0,0.0,0.0,0.0,0.0
188,5010,CO,Peetz Table Wind Energy,56563,GE,0,OP,WT,WND,199.5,0.353,616321,178788,Distributed from 923 Generation And Fuel,2007,,PSCO,Public Service Co of Colorado,40.986,-103.436,Colorado,0.0,0.0,0.0,0.0,199.5,0.0,0.0,0.0,0.0,0.0
189,5011,CO,Pikes Peak Solar Garden 1 LLC,59848,PPSG1,0,OP,PV,SUN,2,0.261,4566,2050,Distributed from 923 Generation And Fuel,2015,,WACM,City of Colorado Springs - (CO),38.7745,-104.7458,Colorado,0.0,0.0,0.0,0.0,0.0,2.0,0.0,0.0,0.0,0.0
190,5012,CO,Plains End,55650,GE10,0,OP,IC,NG,5.7,0.008,401.4,195.75,Distributed from 923 Generation And Fuel,2002,,PSCO,Public Service Co of Colorado,39.857499,-105.225967,Colorado,0.0,5.7,0.0,0.0,0.0,0.0,0.0,0.0,0.0,0.0
191,5013,CO,Plains End,55650,GE11,0,OP,IC,NG,5.7,0.008,401.4,195.75,Distributed from 923 Generation And Fuel,2002,,PSCO,Public Service Co of Colorado,39.857499,-105.225967,Colorado,0.0,5.7,0.0,0.0,0.0,0.0,0.0,0.0,0.0,0.0
192,5014,CO,Plains End,55650,GE12,0,OP,IC,NG,5.7,0.008,401.4,195.75,Distributed from 923 Generation And Fuel,2002,,PSCO,Public Service Co of Colorado,39.857499,-105.225967,Colorado,0.0,5.7,0.0,0.0,0.0,0.0,0.0,0.0,0.0,0.0
193,5015,CO,Plains End,55650,GE13,0,OP,IC,NG,5.7,0.008,401.4,195.75,Distributed from 923 Generation And Fuel,2002,,PSCO,Public Service Co of Colorado,39.857499,-105.225967,Colorado,0.0,5.7,0.0,0.0,0.0,0.0,0.0,0.0,0.0,0.0
194,5016,CO,Plains End,55650,GE14,0,OP,IC,NG,5.7,0.008,401.4,195.75,Distributed from 923 Generation And Fuel,2002,,PSCO,Public Service Co of Colorado,39.857499,-105.225967,Colorado,0.0,5.7,0.0,0.0,0.0,0.0,0.0,0.0,0.0,0.0
195,5017,CO,Plains End,55650,GE15,0,OP,IC,NG,5.7,0.008,401.4,195.75,Distributed from 923 Generation And Fuel,2002,,PSCO,Public Service Co of Colorado,39.857499,-105.225967,Colorado,0.0,5.7,0.0,0.0,0.0,0.0,0.0,0.0,0.0,0.0
196,5018,CO,Plains End,55650,GE16,0,OP,IC,NG,5.7,0.008,401.4,195.75,Distributed from 923 Generation And Fuel,2002,,PSCO,Public Service Co of Colorado,39.857499,-105.225967,Colorado,0.0,5.7,0.0,0.0,0.0,0.0,0.0,0.0,0.0,0.0
197,5019,CO,Plains End,55650,GE17,0,OP,IC,NG,5.7,0.008,401.4,195.75,Distributed from 923 Generation And Fuel,2002,,PSCO,Public Service Co of Colorado,39.857499,-105.225967,Colorado,0.0,5.7,0.0,0.0,0.0,0.0,0.0,0.0,0.0,0.0
198,5020,CO,Plains End,55650,GE18,0,OP,IC,NG,5.7,0.008,401.4,195.75,Distributed from 923 Generation And Fuel,2002,,PSCO,Public Service Co of Colorado,39.857499,-105.225967,Colorado,0.0,5.7,0.0,0.0,0.0,0.0,0.0,0.0,0.0,0.0
199,5021,CO,Plains End,55650,GE19,0,OP,IC,NG,5.7,0.008,401.4,195.75,Distributed from 923 Generation And Fuel,2002,,PSCO,Public Service Co of Colorado,39.857499,-105.225967,Colorado,0.0,5.7,0.0,0.0,0.0,0.0,0.0,0.0,0.0,0.0
200,5022,CO,Plains End,55650,GE20,0,OP,IC,NG,5.7,0.008,401.4,195.75,Distributed from 923 Generation And Fuel,2002,,PSCO,Public Service Co of Colorado,39.857499,-105.225967,Colorado,0.0,5.7,0.0,0.0,0.0,0.0,0.0,0.0,0.0,0.0
201,5023,CO,Plains End,55650,GEN1,0,OP,IC,NG,5.7,0.008,401.4,195.75,Distributed from 923 Generation And Fuel,2002,,PSCO,Public Service Co of Colorado,39.857499,-105.225967,Colorado,0.0,5.7,0.0,0.0,0.0,0.0,0.0,0.0,0.0,0.0
202,5024,CO,Plains End,55650,GEN2,0,OP,IC,NG,5.7,0.008,401.4,195.75,Distributed from 923 Generation And Fuel,2002,,PSCO,Public Service Co of Colorado,39.857499,-105.225967,Colorado,0.0,5.7,0.0,0.0,0.0,0.0,0.0,0.0,0.0,0.0
203,5025,CO,Plains End,55650,GEN3,0,OP,IC,NG,5.7,0.008,401.4,195.75,Distributed from 923 Generation And Fuel,2002,,PSCO,Public Service Co of Colorado,39.857499,-105.225967,Colorado,0.0,5.7,0.0,0.0,0.0,0.0,0.0,0.0,0.0,0.0
204,5026,CO,Plains End,55650,GEN4,0,OP,IC,NG,5.7,0.008,401.4,195.75,Distributed from 923 Generation And Fuel,2002,,PSCO,Public Service Co of Colorado,39.857499,-105.225967,Colorado,0.0,5.7,0.0,0.0,0.0,0.0,0.0,0.0,0.0,0.0
205,5027,CO,Plains End,55650,GEN5,0,OP,IC,NG,5.7,0.008,401.4,195.75,Distributed from 923 Generation And Fuel,2002,,PSCO,Public Service Co of Colorado,39.857499,-105.225967,Colorado,0.0,5.7,0.0,0.0,0.0,0.0,0.0,0.0,0.0,0.0
206,5028,CO,Plains End,55650,GEN6,0,OP,IC,NG,5.7,0.008,401.4,195.75,Distributed from 923 Generation And Fuel,2002,,PSCO,Public Service Co of Colorado,39.857499,-105.225967,Colorado,0.0,5.7,0.0,0.0,0.0,0.0,0.0,0.0,0.0,0.0
207,5029,CO,Plains End,55650,GEN7,0,OP,IC,NG,5.7,0.008,401.4,195.75,Distributed from 923 Generation And Fuel,2002,,PSCO,Public Service Co of Colorado,39.857499,-105.225967,Colorado,0.0,5.7,0.0,0.0,0.0,0.0,0.0,0.0,0.0,0.0
208,5030,CO,Plains End,55650,GEN8,0,OP,IC,NG,5.7,0.008,401.4,195.75,Distributed from 923 Generation And Fuel,2002,,PSCO,Public Service Co of Colorado,39.857499,-105.225967,Colorado,0.0,5.7,0.0,0.0,0.0,0.0,0.0,0.0,0.0,0.0
209,5031,CO,Plains End,55650,GEN9,0,OP,IC,NG,5.7,0.008,401.4,195.75,Distributed from 923 Generation And Fuel,2002,,PSCO,Public Service Co of Colorado,39.857499,-105.225967,Colorado,0.0,5.7,0.0,0.0,0.0,0.0,0.0,0.0,0.0,0.0
210,5032,CO,Plains End II LLC,56516,2G01,0,OP,IC,NG,8.4,0.015,1074.357,523.929,Distributed from 923 Generation And Fuel,2008,,PSCO,Public Service Co of Colorado,39.8586,-105.2256,Colorado,0.0,8.4,0.0,0.0,0.0,0.0,0.0,0.0,0.0,0.0
211,5033,CO,Plains End II LLC,56516,2G02,0,OP,IC,NG,8.4,0.015,1074.357,523.929,Distributed from 923 Generation And Fuel,2008,,PSCO,Public Service Co of Colorado,39.8586,-105.2256,Colorado,0.0,8.4,0.0,0.0,0.0,0.0,0.0,0.0,0.0,0.0
212,5034,CO,Plains End II LLC,56516,2G03,0,OP,IC,NG,8.4,0.015,1074.357,523.929,Distributed from 923 Generation And Fuel,2008,,PSCO,Public Service Co of Colorado,39.8586,-105.2256,Colorado,0.0,8.4,0.0,0.0,0.0,0.0,0.0,0.0,0.0,0.0
213,5035,CO,Plains End II LLC,56516,2G04,0,OP,IC,NG,8.4,0.015,1074.357,523.929,Distributed from 923 Generation And Fuel,2008,,PSCO,Public Service Co of Colorado,39.8586,-105.2256,Colorado,0.0,8.4,0.0,0.0,0.0,0.0,0.0,0.0,0.0,0.0
214,5036,CO,Plains End II LLC,56516,2G05,0,OP,IC,NG,8.4,0.015,1074.357,523.929,Distributed from 923 Generation And Fuel,2008,,PSCO,Public Service Co of Colorado,39.8586,-105.2256,Colorado,0.0,8.4,0.0,0.0,0.0,0.0,0.0,0.0,0.0,0.0
215,5037,CO,Plains End II LLC,56516,2G06,0,OP,IC,NG,8.4,0.015,1074.357,523.929,Distributed from 923 Generation And Fuel,2008,,PSCO,Public Service Co of Colorado,39.8586,-105.2256,Colorado,0.0,8.4,0.0,0.0,0.0,0.0,0.0,0.0,0.0,0.0
216,5038,CO,Plains End II LLC,56516,2G07,0,OP,IC,NG,8.4,0.015,1074.357,523.929,Distributed from 923 Generation And Fuel,2008,,PSCO,Public Service Co of Colorado,39.8586,-105.2256,Colorado,0.0,8.4,0.0,0.0,0.0,0.0,0.0,0.0,0.0,0.0
217,5039,CO,Plains End II LLC,56516,2G08,0,OP,IC,NG,8.4,0.015,1074.357,523.929,Distributed from 923 Generation And Fuel,2008,,PSCO,Public Service Co of Colorado,39.8586,-105.2256,Colorado,0.0,8.4,0.0,0.0,0.0,0.0,0.0,0.0,0.0,0.0
218,5040,CO,Plains End II LLC,56516,2G09,0,OP,IC,NG,8.4,0.015,1074.357,523.929,Distributed from 923 Generation And Fuel,2008,,PSCO,Public Service Co of Colorado,39.8586,-105.2256,Colorado,0.0,8.4,0.0,0.0,0.0,0.0,0.0,0.0,0.0,0.0
219,5041,CO,Plains End II LLC,56516,2G10,0,OP,IC,NG,8.4,0.015,1074.357,523.929,Distributed from 923 Generation And Fuel,2008,,PSCO,Public Service Co of Colorado,39.8586,-105.2256,Colorado,0.0,8.4,0.0,0.0,0.0,0.0,0.0,0.0,0.0,0.0
220,5042,CO,Plains End II LLC,56516,2G11,0,OP,IC,NG,8.4,0.015,1074.357,523.929,Distributed from 923 Generation And Fuel,2008,,PSCO,Public Service Co of Colorado,39.8586,-105.2256,Colorado,0.0,8.4,0.0,0.0,0.0,0.0,0.0,0.0,0.0,0.0
221,5043,CO,Plains End II LLC,56516,2G12,0,OP,IC,NG,8.4,0.015,1074.357,523.929,Distributed from 923 Generation And Fuel,2008,,PSCO,Public Service Co of Colorado,39.8586,-105.2256,Colorado,0.0,8.4,0.0,0.0,0.0,0.0,0.0,0.0,0.0,0.0
222,5044,CO,Plains End II LLC,56516,2G13,0,OP,IC,NG,8.4,0.015,1074.357,523.929,Distributed from 923 Generation And Fuel,2008,,PSCO,Public Service Co of Colorado,39.8586,-105.2256,Colorado,0.0,8.4,0.0,0.0,0.0,0.0,0.0,0.0,0.0,0.0
223,5045,CO,Plains End II LLC,56516,2G14,0,OP,IC,NG,8.4,0.015,1074.357,523.929,Distributed from 923 Generation And Fuel,2008,,PSCO,Public Service Co of Colorado,39.8586,-105.2256,Colorado,0.0,8.4,0.0,0.0,0.0,0.0,0.0,0.0,0.0,0.0
224,5046,CO,Pole Hill,519,1,0,OP,HY,WAT,38.2,0.57,190647,83138,Distributed from 923 Generation And Fuel,1954,,WACM,WAPA-- Western Area Power Administration,40.365056,-105.325074,Colorado,0.0,0.0,0.0,0.0,0.0,0.0,0.0,38.2,0.0,0.0
225,5050,CO,Pueblo,460,IC1,0,OP,IC,DFO,2,,-6.6,-2.038,Data from EIA-923 Generator File overwritten with distributed data from EIA-923 Generation and Fuel,1964,,PSCO,Black Hills/Colorado Elec.Util,38.2667,-104.6144,Colorado,0.0,0.0,0.0,2.0,0.0,0.0,0.0,0.0,0.0,0.0
226,5051,CO,Pueblo,460,IC2,0,OP,IC,DFO,2,,-6.6,-2.038,Data from EIA-923 Generator File overwritten with distributed data from EIA-923 Generation and Fuel,1964,,PSCO,Black Hills/Colorado Elec.Util,38.2667,-104.6144,Colorado,0.0,0.0,0.0,2.0,0.0,0.0,0.0,0.0,0.0,0.0
227,5052,CO,Pueblo,460,IC3,0,OP,IC,DFO,2,,-6.6,-2.038,Data from EIA-923 Generator File overwritten with distributed data from EIA-923 Generation and Fuel,1964,,PSCO,Black Hills/Colorado Elec.Util,38.2667,-104.6144,Colorado,0.0,0.0,0.0,2.0,0.0,0.0,0.0,0.0,0.0,0.0
228,5053,CO,Pueblo,460,IC4,0,OP,IC,DFO,2,,-6.6,-2.038,Data from EIA-923 Generator File overwritten with distributed data from EIA-923 Generation and Fuel,1964,,PSCO,Black Hills/Colorado Elec.Util,38.2667,-104.6144,Colorado,0.0,0.0,0.0,2.0,0.0,0.0,0.0,0.0,0.0,0.0
229,5054,CO,Pueblo,460,IC5,0,OP,IC,DFO,2,,-6.6,-2.038,Data from EIA-923 Generator File overwritten with distributed data from EIA-923 Generation and Fuel,1964,,PSCO,Black Hills/Colorado Elec.Util,38.2667,-104.6144,Colorado,0.0,0.0,0.0,2.0,0.0,0.0,0.0,0.0,0.0,0.0
230,5057,CO,Pueblo Airport Generating Station,56998,4,0,OP,CT,NG,40,0.676,236738,111772,EIA-923 Generator File,2012,,WACM,Black Hills/Colorado Elec.Util,38.320833,-104.52639,Colorado,40.0,0.0,0.0,0.0,0.0,0.0,0.0,0.0,0.0,0.0
231,5058,CO,Pueblo Airport Generating Station,56998,43,2,OP,CA,NG,20,0.834,146153,68579,EIA-923 Generator File,2012,,WACM,Black Hills/Colorado Elec.Util,38.320833,-104.52639,Colorado,20.0,0.0,0.0,0.0,0.0,0.0,0.0,0.0,0.0,0.0
232,5059,CO,Pueblo Airport Generating Station,56998,5,0,OP,CT,NG,40,0.636,222776,102158,EIA-923 Generator File,2012,,WACM,Black Hills/Colorado Elec.Util,38.320833,-104.52639,Colorado,40.0,0.0,0.0,0.0,0.0,0.0,0.0,0.0,0.0,0.0
233,5060,CO,Pueblo Airport Generating Station,56998,53,2,OP,CA,NG,20,0.852,149336,64603,EIA-923 Generator File,2012,,WACM,Black Hills/Colorado Elec.Util,38.320833,-104.52639,Colorado,20.0,0.0,0.0,0.0,0.0,0.0,0.0,0.0,0.0,0.0
234,5061,CO,Pueblo Airport Generating Station,56998,6,0,OP,CT,NG,40,0.685,239980,104120,EIA-923 Generator File,2012,,WACM,Black Hills/Colorado Elec.Util,38.320833,-104.52639,Colorado,40.0,0.0,0.0,0.0,0.0,0.0,0.0,0.0,0.0,0.0
235,5062,CO,Pueblo Airport Generating Station,56998,7,0,OP,CT,NG,40,0.674,236250,103876,EIA-923 Generator File,2012,,WACM,Black Hills/Colorado Elec.Util,38.320833,-104.52639,Colorado,40.0,0.0,0.0,0.0,0.0,0.0,0.0,0.0,0.0,0.0
236,5063,CO,Pueblo Airport Generating Station,56998,CT08,0,OP,GT,NG,40,0.073,25569.333,17161.833,Distributed from 923 Generation And Fuel,2016,,WACM,Black Hills/Colorado Elec.Util,38.320833,-104.52639,Colorado,0.0,40.0,0.0,0.0,0.0,0.0,0.0,0.0,0.0,0.0
237,5064,CO,Pueblo Airport Generating Station,56998,GT1,0,OP,GT,NG,100,0.073,63923.333,42904.583,Distributed from 923 Generation And Fuel,2012,,WACM,Black Hills/Colorado Elec.Util,38.320833,-104.52639,Colorado,0.0,100.0,0.0,0.0,0.0,0.0,0.0,0.0,0.0,0.0
238,5065,CO,Pueblo Airport Generating Station,56998,GT2,0,OP,GT,NG,100,0.073,63923.333,42904.583,Distributed from 923 Generation And Fuel,2012,,WACM,Black Hills/Colorado Elec.Util,38.320833,-104.52639,Colorado,0.0,100.0,0.0,0.0,0.0,0.0,0.0,0.0,0.0,0.0
239,5067,CO,Rawhide,6761,1,1,OP,ST,SUB,293.6,0.863,2218430,975066,EIA-923 Generator File,1984,,PSCO,Platte River Power Authority,40.860905,-105.021207,Colorado,0.0,0.0,293.6,0.0,0.0,0.0,0.0,0.0,0.0,0.0
240,5068,CO,Rawhide,6761,A,0,OP,GT,NG,89.3,0.009,7077.747,5896.478,Distributed from 923 Generation And Fuel,2002,,PSCO,Platte River Power Authority,40.860905,-105.021207,Colorado,0.0,89.3,0.0,0.0,0.0,0.0,0.0,0.0,0.0,0.0
241,5069,CO,Rawhide,6761,B,0,OP,GT,NG,89.3,0.009,7077.747,5896.478,Distributed from 923 Generation And Fuel,2002,,PSCO,Platte River Power Authority,40.860905,-105.021207,Colorado,0.0,89.3,0.0,0.0,0.0,0.0,0.0,0.0,0.0,0.0
242,5070,CO,Rawhide,6761,C,0,OP,GT,NG,89.3,0.009,7077.747,5896.478,Distributed from 923 Generation And Fuel,2002,,PSCO,Platte River Power Authority,40.860905,-105.021207,Colorado,0.0,89.3,0.0,0.0,0.0,0.0,0.0,0.0,0.0,0.0
243,5071,CO,Rawhide,6761,D,0,OP,GT,NG,89.3,0.009,7077.747,5896.478,Distributed from 923 Generation And Fuel,2004,,PSCO,Platte River Power Authority,40.860905,-105.021207,Colorado,0.0,89.3,0.0,0.0,0.0,0.0,0.0,0.0,0.0,0.0
244,5072,CO,Rawhide,6761,F,0,OP,GT,NG,149.6,0.009,11857.01,9878.087,Distributed from 923 Generation And Fuel,2008,,PSCO,Platte River Power Authority,40.860905,-105.021207,Colorado,0.0,149.6,0.0,0.0,0.0,0.0,0.0,0.0,0.0,0.0
245,5073,CO,Ray D Nixon,8219,1,1,OP,ST,SUB,207,0.665,1205749,579750,EIA-923 Generator File,1980,,WACM,City of Colorado Springs - (CO),38.633451,-104.70577,Colorado,0.0,0.0,207.0,0.0,0.0,0.0,0.0,0.0,0.0,0.0
246,5074,CO,Ray D Nixon,8219,GT1,0,OP,GT,NG,37.8,0.002,805,136.5,Distributed from 923 Generation And Fuel,1999,,WACM,City of Colorado Springs - (CO),38.633451,-104.70577,Colorado,0.0,37.8,0.0,0.0,0.0,0.0,0.0,0.0,0.0,0.0
247,5075,CO,Ray D Nixon,8219,GT2,0,OP,GT,NG,37.8,0.002,805,136.5,Distributed from 923 Generation And Fuel,1999,,WACM,City of Colorado Springs - (CO),38.633451,-104.70577,Colorado,0.0,37.8,0.0,0.0,0.0,0.0,0.0,0.0,0.0,0.0
248,5076,CO,Redlands Water & Power,50267,RED1,0,OP,HY,WAT,1.4,0.656,8046,3628,Distributed from 923 Generation And Fuel,1931,,PSCO,Public Service Co of Colorado,39.067347,-108.592791,Colorado,0.0,0.0,0.0,0.0,0.0,0.0,0.0,1.4,0.0,0.0
249,5077,CO,Ridge Crest Wind Partners,55741,A1,0,OP,WT,WND,29.7,0.306,79739,22959,Distributed from 923 Generation And Fuel,2001,,PSCO,Public Service Co of Colorado,40.945911,-103.162028,Colorado,0.0,0.0,0.0,0.0,29.7,0.0,0.0,0.0,0.0,0.0
250,5078,CO,Rifle Generating Station,10755,GT2,0,OP,CT,NG,15,0.003,367,362,EIA-923 Generator File,1987,,PSCO,Public Service Co of Colorado,39.5173,-107.7299,Colorado,15.0,0.0,0.0,0.0,0.0,0.0,0.0,0.0,0.0,0.0
251,5079,CO,Rifle Generating Station,10755,GT3,0,OP,CT,NG,15,0.003,361,358,EIA-923 Generator File,1987,,PSCO,Public Service Co of Colorado,39.5173,-107.7299,Colorado,15.0,0.0,0.0,0.0,0.0,0.0,0.0,0.0,0.0,0.0
252,5080,CO,Rifle Generating Station,10755,GT4,0,OP,CT,NG,15,0.002,267,264,EIA-923 Generator File,1987,,PSCO,Public Service Co of Colorado,39.5173,-107.7299,Colorado,15.0,0.0,0.0,0.0,0.0,0.0,0.0,0.0,0.0,0.0
253,5081,CO,Rifle Generating Station,10755,ST1,3,OP,CA,NG,39,0.002,809,809,EIA-923 Generator File,1987,,PSCO,Public Service Co of Colorado,39.5173,-107.7299,Colorado,39.0,0.0,0.0,0.0,0.0,0.0,0.0,0.0,0.0,0.0
254,5082,CO,Rocky Ford,6516,IC1,0,OP,IC,DFO,2,,-39.8,-12.289,Data from EIA-923 Generator File overwritten with distributed data from EIA-923 Generation and Fuel,1964,,PSCO,Black Hills/Colorado Elec.Util,38.0492,-103.7136,Colorado,0.0,0.0,0.0,2.0,0.0,0.0,0.0,0.0,0.0,0.0
255,5083,CO,Rocky Ford,6516,IC2,0,OP,IC,DFO,2,,-39.8,-12.289,Data from EIA-923 Generator File overwritten with distributed data from EIA-923 Generation and Fuel,1964,,PSCO,Black Hills/Colorado Elec.Util,38.0492,-103.7136,Colorado,0.0,0.0,0.0,2.0,0.0,0.0,0.0,0.0,0.0,0.0
256,5084,CO,Rocky Ford,6516,IC3,0,OP,IC,DFO,2,,-39.8,-12.289,Data from EIA-923 Generator File overwritten with distributed data from EIA-923 Generation and Fuel,1964,,PSCO,Black Hills/Colorado Elec.Util,38.0492,-103.7136,Colorado,0.0,0.0,0.0,2.0,0.0,0.0,0.0,0.0,0.0,0.0
257,5085,CO,Rocky Ford,6516,IC4,0,OP,IC,DFO,2,,-39.8,-12.289,Data from EIA-923 Generator File overwritten with distributed data from EIA-923 Generation and Fuel,1964,,PSCO,Black Hills/Colorado Elec.Util,38.0492,-103.7136,Colorado,0.0,0.0,0.0,2.0,0.0,0.0,0.0,0.0,0.0,0.0
258,5086,CO,Rocky Ford,6516,IC5,0,OP,IC,DFO,2,,-39.8,-12.289,Data from EIA-923 Generator File overwritten with distributed data from EIA-923 Generation and Fuel,1964,,PSCO,Black Hills/Colorado Elec.Util,38.0492,-103.7136,Colorado,0.0,0.0,0.0,2.0,0.0,0.0,0.0,0.0,0.0,0.0
259,5087,CO,Rocky Mountain Energy Center,55835,CTG1,0,OP,CT,NG,175.1,0.372,571028,282510,EIA-923 Generator File,2004,,PSCO,Public Service Co of Colorado,40.0908,-104.5953,Colorado,175.1,0.0,0.0,0.0,0.0,0.0,0.0,0.0,0.0,0.0
260,5088,CO,Rocky Mountain Energy Center,55835,CTG2,0,OP,CT,NG,175.1,0.363,556840,270916,EIA-923 Generator File,2004,,PSCO,Public Service Co of Colorado,40.0908,-104.5953,Colorado,175.1,0.0,0.0,0.0,0.0,0.0,0.0,0.0,0.0,0.0
261,5089,CO,Rocky Mountain Energy Center,55835,STG1,2,OP,CA,NG,334.9,0.25,732657,393871,EIA-923 Generator File,2004,,PSCO,Public Service Co of Colorado,40.0908,-104.5953,Colorado,334.9,0.0,0.0,0.0,0.0,0.0,0.0,0.0,0.0,0.0
262,5091,CO,Ruxton Park,495,1,0,OP,HY,WAT,1.2,0.073,766,345,Distributed from 923 Generation And Fuel,1925,,WACM,City of Colorado Springs - (CO),38.841354,-104.973802,Colorado,0.0,0.0,0.0,0.0,0.0,0.0,0.0,1.2,0.0,0.0
263,5092,CO,RV CSU Power II LLC,57507,CSUII,0,OP,PV,SUN,3,0.194,5093,2286,Distributed from 923 Generation And Fuel,2010,,PSCO,Public Service Co of Colorado,40.592841,-105.147097,Colorado,0.0,0.0,0.0,0.0,0.0,3.0,0.0,0.0,0.0,0.0
264,5093,CO,RV CSU Power LLC,57141,CSU1,0,OP,PV,SUN,1.9,0.277,4610,2070,Distributed from 923 Generation And Fuel,2009,,PSCO,Public Service Co of Colorado,40.591099,-105.145904,Colorado,0.0,0.0,0.0,0.0,0.0,1.9,0.0,0.0,0.0,0.0
265,5094,CO,Salida,474,1,0,OP,HY,WAT,0.8,0.173,1209.143,545.143,Distributed from 923 Generation And Fuel,1929,2018,PSCO,Public Service Co of Colorado,38.53419,-106.182003,Colorado,0.0,0.0,0.0,0.0,0.0,0.0,0.0,0.8,0.0,0.0
266,5095,CO,Salida,474,2,0,OP,HY,WAT,0.6,0.173,906.857,408.857,Distributed from 923 Generation And Fuel,1908,,PSCO,Public Service Co of Colorado,38.53419,-106.182003,Colorado,0.0,0.0,0.0,0.0,0.0,0.0,0.0,0.6,0.0,0.0
267,5096,CO,"San Isabel Solar, LLC",60304,SISPV,0,OP,PV,SUN,30,0.016,4287,0,Distributed from 923 Generation And Fuel,2016,,PSCO,"Tri-State G & T Assn, Inc",37.372,-104.843,Colorado,0.0,0.0,0.0,0.0,0.0,30.0,0.0,0.0,0.0,0.0
268,5097,CO,San Luis Valley Solar Ranch,57317,1,0,OP,PV,SUN,35,0.252,77242,39749,Distributed from 923 Generation And Fuel,2011,,PSCO,Public Service Co of Colorado,37.694535,-105.927622,Colorado,0.0,0.0,0.0,0.0,0.0,35.0,0.0,0.0,0.0,0.0
269,5099,CO,Shavano Falls Hydro,61189,GEN1,0,OP,HY,WAT,2.8,0,0,0,Distributed from 923 Generation And Fuel,2015,,WACM,Delta Montrose Electric Assn,38.491966,-108.002283,Colorado,0.0,0.0,0.0,0.0,0.0,0.0,0.0,2.8,0.0,0.0
270,5100,CO,Shavano Falls Hydro Drop 4,61190,GEN1,0,OP,HY,WAT,4.8,0,0,0,Distributed from 923 Generation And Fuel,2015,,WACM,Delta Montrose Electric Assn,38.450483,-107.776727,Colorado,0.0,0.0,0.0,0.0,0.0,0.0,0.0,4.8,0.0,0.0
271,5101,CO,Shoshone (CO),476,A,0,OP,HY,WAT,7.2,0.658,41522.5,18722,Distributed from 923 Generation And Fuel,1909,,PSCO,Public Service Co of Colorado,39.57013,-107.226876,Colorado,0.0,0.0,0.0,0.0,0.0,0.0,0.0,7.2,0.0,0.0
272,5102,CO,Shoshone (CO),476,B,0,OP,HY,WAT,7.2,0.658,41522.5,18722,Distributed from 923 Generation And Fuel,1909,,PSCO,Public Service Co of Colorado,39.57013,-107.226876,Colorado,0.0,0.0,0.0,0.0,0.0,0.0,0.0,7.2,0.0,0.0
273,5103,CO,Skylark,60248,CAREY,0,OP,PV,SUN,4,0.26,9096,4084,Distributed from 923 Generation And Fuel,2015,,WACM,"Poudre Valley R  E  A, Inc",40.577889,-104.894792,Colorado,0.0,0.0,0.0,0.0,0.0,4.0,0.0,0.0,0.0,0.0
274,5104,CO,SMPA Solar 1,58547,1,0,OP,PV,SUN,1,0.213,1862,836,Distributed from 923 Generation And Fuel,2012,,WACM,"San Miguel Power Assn, Inc",38.2725,-108.785556,Colorado,0.0,0.0,0.0,0.0,0.0,1.0,0.0,0.0,0.0,0.0
275,5105,CO,South Canal Hydro-1,58783,SC-1,0,OP,HY,WAT,4,0.437,15317,6906,Distributed from 923 Generation And Fuel,2013,,WACM,Delta Montrose Electric Assn,38.483333,-107.755,Colorado,0.0,0.0,0.0,0.0,0.0,0.0,0.0,4.0,0.0,0.0
276,5106,CO,South Canal Hydro-3,58784,SC-3,0,OP,HY,WAT,3.5,0.436,13360,6024,Distributed from 923 Generation And Fuel,2013,,WACM,Delta Montrose Electric Assn,38.470278,-107.771389,Colorado,0.0,0.0,0.0,0.0,0.0,0.0,0.0,3.5,0.0,0.0
277,5107,CO,Spindle Hill Energy Center,56445,GEN1,0,OP,GT,NG,210,0.016,28566.5,14795,Distributed from 923 Generation And Fuel,2007,,PSCO,Public Service Co of Colorado,40.092192,-104.887844,Colorado,0.0,210.0,0.0,0.0,0.0,0.0,0.0,0.0,0.0,0.0
278,5108,CO,Spindle Hill Energy Center,56445,GEN2,0,OP,GT,NG,210,0.016,28566.5,14795,Distributed from 923 Generation And Fuel,2007,,PSCO,Public Service Co of Colorado,40.092192,-104.887844,Colorado,0.0,210.0,0.0,0.0,0.0,0.0,0.0,0.0,0.0,0.0
279,5109,CO,Spring Canyon,56320,1,0,OP,WT,WND,60,0.385,202556,61491,Distributed from 923 Generation And Fuel,2006,,PSCO,Public Service Co of Colorado,40.983,-102.9647,Colorado,0.0,0.0,0.0,0.0,60.0,0.0,0.0,0.0,0.0,0.0
280,5110,CO,Spring Canyon Expansion Wind Energy Ctr,58769,1,0,OP,WT,WND,34,0.471,140403.163,45878.275,Distributed from 923 Generation And Fuel,2014,,PSCO,Public Service Co of Colorado,40.964167,-103.077222,Colorado,0.0,0.0,0.0,0.0,34.0,0.0,0.0,0.0,0.0,0.0
281,5111,CO,Spring Canyon Expansion Wind Energy Ctr,58769,SCIII,0,OP,WT,WND,28.6,0.471,118103.837,38591.725,Distributed from 923 Generation And Fuel,2014,,PSCO,Public Service Co of Colorado,40.964167,-103.077222,Colorado,0.0,0.0,0.0,0.0,28.6,0.0,0.0,0.0,0.0,0.0
282,5116,CO,SR Jenkins Ft Lupton,60023,FTLUP,0,OP,PV,SUN,13,0.177,20184,11585,Distributed from 923 Generation And Fuel,2016,,WACM,"United Power, Inc",40.081444,-104.746661,Colorado,0.0,0.0,0.0,0.0,0.0,13.0,0.0,0.0,0.0,0.0
283,5118,CO,SR Mavericks,60283,MVRKS,0,OP,PV,SUN,6.5,0.007,385,0,Distributed from 923 Generation And Fuel,2016,,WACM,"United Power, Inc",40.23,-105.03,Colorado,0.0,0.0,0.0,0.0,0.0,6.5,0.0,0.0,0.0,0.0
284,5119,CO,SR Skylark B,60497,SKY B,0,OP,PV,SUN,2,0.048,842,254,Distributed from 923 Generation And Fuel,2016,,WACM,"Poudre Valley R  E  A, Inc",40.579472,-104.895675,Colorado,0.0,0.0,0.0,0.0,0.0,2.0,0.0,0.0,0.0,0.0
285,5120,CO,Sterling PV 3,59198,STER3,0,OP,PV,SUN,1.6,0.271,3792,1702,Distributed from 923 Generation And Fuel,2014,,PSCO,Public Service Co of Colorado,40.6316,-103.194694,Colorado,0.0,0.0,0.0,0.0,0.0,1.6,0.0,0.0,0.0,0.0
286,5121,CO,Strontia Springs Hydro Plant,10081,GEN1,0,OP,HY,WAT,1,0.384,3368,1519,Distributed from 923 Generation And Fuel,1986,,PSCO,Public Service Co of Colorado,39.4326,-105.1263,Colorado,0.0,0.0,0.0,0.0,0.0,0.0,0.0,1.0,0.0,0.0
287,5122,CO,Sugarloaf Hydro Plant,50435,SUG1,0,OP,HY,WAT,2.5,0.256,5612,2530,Distributed from 923 Generation And Fuel,1985,,PSCO,Public Service Co of Colorado,39.252672,-106.374808,Colorado,0.0,0.0,0.0,0.0,0.0,0.0,0.0,2.5,0.0,0.0
288,5123,CO,SunE Alamosa,56481,1,0,OP,PV,SUN,1,0.037,321.463,144.268,Distributed from 923 Generation And Fuel,2007,,PSCO,Public Service Co of Colorado,37.690304,-105.880501,Colorado,0.0,0.0,0.0,0.0,0.0,1.0,0.0,0.0,0.0,0.0
289,5124,CO,SunE Alamosa,56481,2,0,OP,PV,SUN,7.2,0.037,2314.537,1038.732,Distributed from 923 Generation And Fuel,2007,,PSCO,Public Service Co of Colorado,37.690304,-105.880501,Colorado,0.0,0.0,0.0,0.0,0.0,7.2,0.0,0.0,0.0,0.0
290,5125,CO,Sunnyside Ranch Community Solar Array,59742,HCE,0,OP,PV,SUN,1.5,0.238,3130,1405,Distributed from 923 Generation And Fuel,2015,,PSCO,"Holy Cross Electric Assn, Inc",39.415027,-107.157188,Colorado,0.0,0.0,0.0,0.0,0.0,1.5,0.0,0.0,0.0,0.0
291,5126,CO,Tacoma,6206,1,0,OP,HY,WAT,2.3,0.099,2002.5,903,Distributed from 923 Generation And Fuel,1906,,WACM,"Tri-State G & T Assn, Inc",37.52372,-107.782786,Colorado,0.0,0.0,0.0,0.0,0.0,0.0,0.0,2.3,0.0,0.0
292,5127,CO,Tacoma,6206,2,0,OP,HY,WAT,2.3,0.099,2002.5,903,Distributed from 923 Generation And Fuel,1905,,WACM,"Tri-State G & T Assn, Inc",37.52372,-107.782786,Colorado,0.0,0.0,0.0,0.0,0.0,0.0,0.0,2.3,0.0,0.0
293,5129,CO,Taylor Draw Hydroelectric Facility,54729,COX1,0,OP,HY,WAT,2.3,0.538,10837,4886,Distributed from 923 Generation And Fuel,1993,,WACM,Moon Lake Electric Assn Inc,40.106269,-108.711161,Colorado,0.0,0.0,0.0,0.0,0.0,0.0,0.0,2.3,0.0,0.0
294,5130,CO,Tesla,7233,1,0,OP,HY,WAT,27.6,0.282,68115,30712,Distributed from 923 Generation And Fuel,1997,,WACM,City of Colorado Springs - (CO),38.973655,-104.901141,Colorado,0.0,0.0,0.0,0.0,0.0,0.0,0.0,27.6,0.0,0.0
295,5132,CO,Towaoc,7373,1,0,OP,HY,WAT,11.4,0.179,17862,8054,Distributed from 923 Generation And Fuel,1993,,WACM,WAPA-- Western Area Power Administration,37.429538,-108.574871,Colorado,0.0,0.0,0.0,0.0,0.0,0.0,0.0,11.4,0.0,0.0
296,5133,CO,Tri-County Water Hydropower Project,58901,TCWG1,0,OP,HY,WAT,7.2,0.334,21076.2,9503.1,Distributed from 923 Generation And Fuel,2014,,WACM,"Tri-State G & T Assn, Inc",38.239167,-107.758056,Colorado,0.0,0.0,0.0,0.0,0.0,0.0,0.0,7.2,0.0,0.0
297,5134,CO,Tri-County Water Hydropower Project,58901,TCWG2,0,OP,HY,WAT,0.8,0.334,2341.8,1055.9,Distributed from 923 Generation And Fuel,2014,,WACM,"Tri-State G & T Assn, Inc",38.239167,-107.758056,Colorado,0.0,0.0,0.0,0.0,0.0,0.0,0.0,0.8,0.0,0.0
298,5138,CO,Trinidad (CO),511,5,0,OP,IC,DFO,1.8,0,7.435,2.348,Distributed from 923 Generation And Fuel,1999,,WACM,"San Isabel Electric Assn, Inc",37.178979,-104.487492,Colorado,0.0,0.0,0.0,1.8,0.0,0.0,0.0,0.0,0.0,0.0
299,5139,CO,Trinidad (CO),511,6,0,OP,IC,DFO,1.8,0,7.435,2.348,Distributed from 923 Generation And Fuel,1999,,WACM,"San Isabel Electric Assn, Inc",37.178979,-104.487492,Colorado,0.0,0.0,0.0,1.8,0.0,0.0,0.0,0.0,0.0,0.0
300,5140,CO,Trinidad (CO),511,7,0,OP,IC,DFO,1.8,0,7.435,2.348,Distributed from 923 Generation And Fuel,1999,,WACM,"San Isabel Electric Assn, Inc",37.178979,-104.487492,Colorado,0.0,0.0,0.0,1.8,0.0,0.0,0.0,0.0,0.0,0.0
301,5143,CO,Twin Buttes Wind Project,56460,WT1,0,OP,WT,WND,75,0.399,262259,108656,Distributed from 923 Generation And Fuel,2007,,PSCO,Public Service Co of Colorado,37.6735,-102.8622,Colorado,0.0,0.0,0.0,0.0,75.0,0.0,0.0,0.0,0.0,0.0
302,5144,CO,University of Colorado,54372,GT1,0,OP,CT,NG,16,0.015,2067,0,EIA-923 Generator File,1992,,PSCO,Public Service Co of Colorado,40.00759,-105.269204,Colorado,16.0,0.0,0.0,0.0,0.0,0.0,0.0,0.0,0.0,0.0
303,5145,CO,University of Colorado,54372,GT2,0,OP,CT,NG,16,0,0,0,EIA-923 Generator File,1992,,PSCO,Public Service Co of Colorado,40.00759,-105.269204,Colorado,16.0,0.0,0.0,0.0,0.0,0.0,0.0,0.0,0.0,0.0
304,5146,CO,University of Colorado,54372,ST1,0,OP,CA,NG,1,0,0,0,EIA-923 Generator File,1992,,PSCO,Public Service Co of Colorado,40.00759,-105.269204,Colorado,1.0,0.0,0.0,0.0,0.0,0.0,0.0,0.0,0.0,0.0
305,5147,CO,Upper Molina,521,1,0,OP,HY,WAT,9.9,0.299,25913,11684,Distributed from 923 Generation And Fuel,1962,,WACM,WAPA-- Western Area Power Administration,39.143808,-108.004777,Colorado,0.0,0.0,0.0,0.0,0.0,0.0,0.0,9.9,0.0,0.0
306,5148,CO,Vallecito Hydroelectric,50206,GEN1,0,OP,HY,WAT,0.8,0.453,3172.414,1430.345,Distributed from 923 Generation And Fuel,1989,,WACM,"La Plata Electric Assn, Inc",37.377715,-107.578745,Colorado,0.0,0.0,0.0,0.0,0.0,0.0,0.0,0.8,0.0,0.0
307,5149,CO,Vallecito Hydroelectric,50206,GEN2,0,OP,HY,WAT,2.5,0.453,9913.793,4469.828,Distributed from 923 Generation And Fuel,1989,,WACM,"La Plata Electric Assn, Inc",37.377715,-107.578745,Colorado,0.0,0.0,0.0,0.0,0.0,0.0,0.0,2.5,0.0,0.0
308,5150,CO,Vallecito Hydroelectric,50206,GEN3,0,OP,HY,WAT,2.5,0.453,9913.793,4469.828,Distributed from 923 Generation And Fuel,1989,,WACM,"La Plata Electric Assn, Inc",37.377715,-107.578745,Colorado,0.0,0.0,0.0,0.0,0.0,0.0,0.0,2.5,0.0,0.0
309,5151,CO,Valley View Solar,60247,VVS,0,OP,PV,SUN,4,0.283,9910,4449,Distributed from 923 Generation And Fuel,2015,,WACM,"Poudre Valley R  E  A, Inc",40.418786,-104.891944,Colorado,0.0,0.0,0.0,0.0,0.0,4.0,0.0,0.0,0.0,0.0
310,5152,CO,Valmont,477,5,1,OP,ST,BIT,191.7,0.601,1009281,452226,EIA-923 Generator File,1964,2017,PSCO,Public Service Co of Colorado,40.0195,-105.202,Colorado,0.0,0.0,0.0,0.0,0.0,0.0,0.0,0.0,0.0,191.7
311,5153,CO,Valmont,477,6,0,OP,GT,NG,59.3,0.002,1284,483,Distributed from 923 Generation And Fuel,1973,,PSCO,Public Service Co of Colorado,40.0195,-105.202,Colorado,0.0,59.3,0.0,0.0,0.0,0.0,0.0,0.0,0.0,0.0
312,5154,CO,Valmont Combustion Turbine Project,55207,UN7,0,OP,GT,NG,71.1,0,0,0,Distributed from 923 Generation And Fuel,2000,,PSCO,Public Service Co of Colorado,40.0205,-105.2009,Colorado,0.0,71.1,0.0,0.0,0.0,0.0,0.0,0.0,0.0,0.0
313,5155,CO,Valmont Combustion Turbine Project,55207,UN8,0,OP,GT,NG,71.1,0,0,0,Distributed from 923 Generation And Fuel,2001,,PSCO,Public Service Co of Colorado,40.0205,-105.2009,Colorado,0.0,71.1,0.0,0.0,0.0,0.0,0.0,0.0,0.0,0.0
314,5156,CO,"Vestas Towers America, Inc.",57643,V100,0,OP,WT,WND,1.8,0.214,3378,1162,Distributed from 923 Generation And Fuel,2010,,WACM,Black Hills/Colorado Elec.Util,38.1728,-104.62,Colorado,0.0,0.0,0.0,0.0,1.8,0.0,0.0,0.0,0.0,0.0
315,5158,CO,Victory Solar LLC,60764,PV1,0,OP,PV,SUN,12.8,0.01,1162,0,Distributed from 923 Generation And Fuel,2016,,PSCO,Intermountain Rural Elec Assn,39.795,-104.433,Colorado,0.0,0.0,0.0,0.0,0.0,12.8,0.0,0.0,0.0,0.0
316,5162,CO,Western Sugar Coop- Ft Morgan,58081,ATB-2,0,OP,ST,SUB,3,0.295,7758,3395.978,EIA-923 Generator File,1947,,PSCO,City of Fort Morgan,40.263,-103.8069,Colorado,0.0,0.0,3.0,0.0,0.0,0.0,0.0,0.0,0.0,0.0
317,5163,CO,Williams Fork Hydro Plant,10422,GEN1,0,OP,HY,WAT,3,0.427,11213.143,5056.286,Distributed from 923 Generation And Fuel,1959,,WACM,"Mountain Parks Electric, Inc",40.035,-106.2053,Colorado,0.0,0.0,0.0,0.0,0.0,0.0,0.0,3.0,0.0,0.0
318,5164,CO,Williams Fork Hydro Plant,10422,GEN2,0,OP,HY,WAT,0.5,0.427,1868.857,842.714,Distributed from 923 Generation And Fuel,2012,,WACM,"Mountain Parks Electric, Inc",40.035,-106.2053,Colorado,0.0,0.0,0.0,0.0,0.0,0.0,0.0,0.5,0.0,0.0
319,5165,CO,Williams Ignacio Natural Gas Plant,50205,7101,0,OP,ST,WH,6.1,0.785,41961,17279,Distributed from 923 Generation And Fuel,1984,,WACM,"La Plata Electric Assn, Inc",37.145556,-107.784722,Colorado,0.0,0.0,0.0,0.0,0.0,0.0,0.0,0.0,0.0,6.1
320,5166,CO,WWRF Solar Plant,56922,EAST,0,OP,PV,SUN,0.5,0.2,876.765,393.529,Distributed from 923 Generation And Fuel,2009,,PSCO,Public Service Co of Colorado,39.522904,-107.81341,Colorado,0.0,0.0,0.0,0.0,0.0,0.5,0.0,0.0,0.0,0.0
321,5167,CO,WWRF Solar Plant,56922,WEST,0,OP,PV,SUN,1.2,0.2,2104.235,944.471,Distributed from 923 Generation And Fuel,2009,,PSCO,Public Service Co of Colorado,39.522904,-107.81341,Colorado,0.0,0.0,0.0,0.0,0.0,1.2,0.0,0.0,0.0,0.0
