,eGRID2016 Generator file sequence number,Plant state abbreviation,Plant name,DOE/EIA ORIS plant or facility code,Generator ID,Number of associated boilers,Generator status,Generator prime mover type,Generator primary fuel,Generator nameplate capacity (MW),Generator capacity factor,Generator annual net generation (MWh),Generator ozone season net generation (MWh),Generation data source,Generator year on-line,Generator planned or actual retirement year,area,utility,latitude,longitude,state,NGCC,NGCT,Coal,Oil,Wind,SolarPV,SolarCSP,Hydro,Nuclear,Other
0,24669,WA,Alder,3913,11,0,OP,HY,WAT,25,0.574,125627.5,49293,Distributed from 923 Generation And Fuel,1947,,TPWR,City of Tacoma  - (WA),46.8016,-122.3102,Washington,0.0,0.0,0.0,0.0,0.0,0.0,0.0,25.0,0.0,0.0
1,24670,WA,Alder,3913,12,0,OP,HY,WAT,25,0.574,125627.5,49293,Distributed from 923 Generation And Fuel,1945,,TPWR,City of Tacoma  - (WA),46.8016,-122.3102,Washington,0.0,0.0,0.0,0.0,0.0,0.0,0.0,25.0,0.0,0.0
2,24671,WA,Big Horn Wind II,57319,1,0,OP,WT,WND,50,0.281,123028,47617,Distributed from 923 Generation And Fuel,2011,,BPAT,Bonneville Power Administration,45.9192,-120.3039,Washington,0.0,0.0,0.0,0.0,50.0,0.0,0.0,0.0,0.0,0.0
3,24672,WA,Big Horn Wind Project,56361,1,0,OP,WT,WND,199,0.288,502920,218558,Distributed from 923 Generation And Fuel,2006,,BPAT,Bonneville Power Administration,45.8877,-120.2896,Washington,0.0,0.0,0.0,0.0,199.0,0.0,0.0,0.0,0.0,0.0
4,24674,WA,Black Creek,54860,GEN1,0,OP,HY,WAT,3.7,0.379,12276,4817,Distributed from 923 Generation And Fuel,1994,,PSEI,Puget Sound Energy Inc,47.534465,-121.702596,Washington,0.0,0.0,0.0,0.0,0.0,0.0,0.0,3.7,0.0,0.0
5,24675,WA,Boulder Park,8022,1,0,OP,IC,NG,4.1,0.085,3059.667,1595.167,Distributed from 923 Generation And Fuel,2002,,AVA,Avista Corp,47.697222,-117.147222,Washington,0.0,4.1,0.0,0.0,0.0,0.0,0.0,0.0,0.0,0.0
6,24676,WA,Boulder Park,8022,2,0,OP,IC,NG,4.1,0.085,3059.667,1595.167,Distributed from 923 Generation And Fuel,2002,,AVA,Avista Corp,47.697222,-117.147222,Washington,0.0,4.1,0.0,0.0,0.0,0.0,0.0,0.0,0.0,0.0
7,24677,WA,Boulder Park,8022,3,0,OP,IC,NG,4.1,0.085,3059.667,1595.167,Distributed from 923 Generation And Fuel,2002,,AVA,Avista Corp,47.697222,-117.147222,Washington,0.0,4.1,0.0,0.0,0.0,0.0,0.0,0.0,0.0,0.0
8,24678,WA,Boulder Park,8022,4,0,OP,IC,NG,4.1,0.085,3059.667,1595.167,Distributed from 923 Generation And Fuel,2002,,AVA,Avista Corp,47.697222,-117.147222,Washington,0.0,4.1,0.0,0.0,0.0,0.0,0.0,0.0,0.0,0.0
9,24679,WA,Boulder Park,8022,5,0,OP,IC,NG,4.1,0.085,3059.667,1595.167,Distributed from 923 Generation And Fuel,2002,,AVA,Avista Corp,47.697222,-117.147222,Washington,0.0,4.1,0.0,0.0,0.0,0.0,0.0,0.0,0.0,0.0
10,24680,WA,Boulder Park,8022,6,0,OP,IC,NG,4.1,0.085,3059.667,1595.167,Distributed from 923 Generation And Fuel,2002,,AVA,Avista Corp,47.697222,-117.147222,Washington,0.0,4.1,0.0,0.0,0.0,0.0,0.0,0.0,0.0,0.0
11,24681,WA,Boundary,6433,51,0,OP,HY,WAT,158.4,0.396,550069.135,207017.585,Distributed from 923 Generation And Fuel,1967,,SCL,Bonneville Power Administration,48.987111,-117.347847,Washington,0.0,0.0,0.0,0.0,0.0,0.0,0.0,158.4,0.0,0.0
12,24682,WA,Boundary,6433,52,0,OP,HY,WAT,161.5,0.396,560834.377,211069.065,Distributed from 923 Generation And Fuel,1967,,SCL,Bonneville Power Administration,48.987111,-117.347847,Washington,0.0,0.0,0.0,0.0,0.0,0.0,0.0,161.5,0.0,0.0
13,24683,WA,Boundary,6433,53,0,OP,HY,WAT,158.4,0.396,550069.135,207017.585,Distributed from 923 Generation And Fuel,1967,,SCL,Bonneville Power Administration,48.987111,-117.347847,Washington,0.0,0.0,0.0,0.0,0.0,0.0,0.0,158.4,0.0,0.0
14,24684,WA,Boundary,6433,54,0,OP,HY,WAT,161.5,0.396,560834.377,211069.065,Distributed from 923 Generation And Fuel,1967,,SCL,Bonneville Power Administration,48.987111,-117.347847,Washington,0.0,0.0,0.0,0.0,0.0,0.0,0.0,161.5,0.0,0.0
15,24685,WA,Boundary,6433,55,0,OP,HY,WAT,239.4,0.396,831354.488,312878.85,Distributed from 923 Generation And Fuel,1985,,SCL,Bonneville Power Administration,48.987111,-117.347847,Washington,0.0,0.0,0.0,0.0,0.0,0.0,0.0,239.4,0.0,0.0
16,24686,WA,Boundary,6433,56,0,OP,HY,WAT,239.4,0.396,831354.488,312878.85,Distributed from 923 Generation And Fuel,1986,,SCL,Bonneville Power Administration,48.987111,-117.347847,Washington,0.0,0.0,0.0,0.0,0.0,0.0,0.0,239.4,0.0,0.0
17,24687,WA,Box Canyon,3891,1,0,OP,HY,WAT,22.5,0.618,121851.5,47811.5,Distributed from 923 Generation And Fuel,1955,,AVA,PUD No 1 of Pend Oreille County,48.780856,-117.418337,Washington,0.0,0.0,0.0,0.0,0.0,0.0,0.0,22.5,0.0,0.0
18,24688,WA,Box Canyon,3891,2,0,OP,HY,WAT,22.5,0.618,121851.5,47811.5,Distributed from 923 Generation And Fuel,1955,,AVA,PUD No 1 of Pend Oreille County,48.780856,-117.418337,Washington,0.0,0.0,0.0,0.0,0.0,0.0,0.0,22.5,0.0,0.0
19,24689,WA,Box Canyon,3891,3,0,OP,HY,WAT,22.5,0.618,121851.5,47811.5,Distributed from 923 Generation And Fuel,1955,,AVA,PUD No 1 of Pend Oreille County,48.780856,-117.418337,Washington,0.0,0.0,0.0,0.0,0.0,0.0,0.0,22.5,0.0,0.0
20,24690,WA,Box Canyon,3891,4,0,OP,HY,WAT,22.5,0.618,121851.5,47811.5,Distributed from 923 Generation And Fuel,1955,,AVA,PUD No 1 of Pend Oreille County,48.780856,-117.418337,Washington,0.0,0.0,0.0,0.0,0.0,0.0,0.0,22.5,0.0,0.0
21,24692,WA,Cedar Falls (WA),6430,5,0,OP,HY,WAT,15,0.259,33982,13333.5,Distributed from 923 Generation And Fuel,1921,,SCL,City of Seattle - (WA),47.4193,-121.781858,Washington,0.0,0.0,0.0,0.0,0.0,0.0,0.0,15.0,0.0,0.0
22,24693,WA,Cedar Falls (WA),6430,6,0,OP,HY,WAT,15,0.259,33982,13333.5,Distributed from 923 Generation And Fuel,1929,,SCL,City of Seattle - (WA),47.4193,-121.781858,Washington,0.0,0.0,0.0,0.0,0.0,0.0,0.0,15.0,0.0,0.0
23,24694,WA,Cedar Hills,57298,1,0,OP,IC,LFG,0.3,0.571,1501.167,605.222,Distributed from 923 Generation And Fuel,2009,,PSEI,Puget Sound Energy Inc,47.455833,-122.042778,Washington,0.0,0.0,0.0,0.0,0.0,0.0,0.0,0.0,0.0,0.3
24,24695,WA,Cedar Hills,57298,10,0,OP,IC,LFG,0.3,0.571,1501.167,605.222,Distributed from 923 Generation And Fuel,2009,,PSEI,Puget Sound Energy Inc,47.455833,-122.042778,Washington,0.0,0.0,0.0,0.0,0.0,0.0,0.0,0.0,0.0,0.3
25,24696,WA,Cedar Hills,57298,11,0,OP,IC,LFG,0.3,0.571,1501.167,605.222,Distributed from 923 Generation And Fuel,2009,,PSEI,Puget Sound Energy Inc,47.455833,-122.042778,Washington,0.0,0.0,0.0,0.0,0.0,0.0,0.0,0.0,0.0,0.3
26,24697,WA,Cedar Hills,57298,12,0,OP,IC,LFG,0.3,0.571,1501.167,605.222,Distributed from 923 Generation And Fuel,2009,,PSEI,Puget Sound Energy Inc,47.455833,-122.042778,Washington,0.0,0.0,0.0,0.0,0.0,0.0,0.0,0.0,0.0,0.3
27,24698,WA,Cedar Hills,57298,13,0,OP,IC,LFG,0.3,0.571,1501.167,605.222,Distributed from 923 Generation And Fuel,2009,,PSEI,Puget Sound Energy Inc,47.455833,-122.042778,Washington,0.0,0.0,0.0,0.0,0.0,0.0,0.0,0.0,0.0,0.3
28,24699,WA,Cedar Hills,57298,14,0,OP,IC,LFG,0.3,0.571,1501.167,605.222,Distributed from 923 Generation And Fuel,2009,,PSEI,Puget Sound Energy Inc,47.455833,-122.042778,Washington,0.0,0.0,0.0,0.0,0.0,0.0,0.0,0.0,0.0,0.3
29,24700,WA,Cedar Hills,57298,15,0,OP,IC,LFG,0.3,0.571,1501.167,605.222,Distributed from 923 Generation And Fuel,2009,,PSEI,Puget Sound Energy Inc,47.455833,-122.042778,Washington,0.0,0.0,0.0,0.0,0.0,0.0,0.0,0.0,0.0,0.3
30,24701,WA,Cedar Hills,57298,16,0,OP,IC,LFG,0.3,0.571,1501.167,605.222,Distributed from 923 Generation And Fuel,2009,,PSEI,Puget Sound Energy Inc,47.455833,-122.042778,Washington,0.0,0.0,0.0,0.0,0.0,0.0,0.0,0.0,0.0,0.3
31,24702,WA,Cedar Hills,57298,17,0,OP,IC,LFG,0.3,0.571,1501.167,605.222,Distributed from 923 Generation And Fuel,2009,,PSEI,Puget Sound Energy Inc,47.455833,-122.042778,Washington,0.0,0.0,0.0,0.0,0.0,0.0,0.0,0.0,0.0,0.3
32,24703,WA,Cedar Hills,57298,18,0,OP,IC,LFG,0.3,0.571,1501.167,605.222,Distributed from 923 Generation And Fuel,2009,,PSEI,Puget Sound Energy Inc,47.455833,-122.042778,Washington,0.0,0.0,0.0,0.0,0.0,0.0,0.0,0.0,0.0,0.3
33,24704,WA,Cedar Hills,57298,2,0,OP,IC,LFG,0.3,0.571,1501.167,605.222,Distributed from 923 Generation And Fuel,2009,,PSEI,Puget Sound Energy Inc,47.455833,-122.042778,Washington,0.0,0.0,0.0,0.0,0.0,0.0,0.0,0.0,0.0,0.3
34,24705,WA,Cedar Hills,57298,3,0,OP,IC,LFG,0.3,0.571,1501.167,605.222,Distributed from 923 Generation And Fuel,2009,,PSEI,Puget Sound Energy Inc,47.455833,-122.042778,Washington,0.0,0.0,0.0,0.0,0.0,0.0,0.0,0.0,0.0,0.3
35,24706,WA,Cedar Hills,57298,4,0,OP,IC,LFG,0.3,0.571,1501.167,605.222,Distributed from 923 Generation And Fuel,2009,,PSEI,Puget Sound Energy Inc,47.455833,-122.042778,Washington,0.0,0.0,0.0,0.0,0.0,0.0,0.0,0.0,0.0,0.3
36,24707,WA,Cedar Hills,57298,5,0,OP,IC,LFG,0.3,0.571,1501.167,605.222,Distributed from 923 Generation And Fuel,2009,,PSEI,Puget Sound Energy Inc,47.455833,-122.042778,Washington,0.0,0.0,0.0,0.0,0.0,0.0,0.0,0.0,0.0,0.3
37,24708,WA,Cedar Hills,57298,6,0,OP,IC,LFG,0.3,0.571,1501.167,605.222,Distributed from 923 Generation And Fuel,2009,,PSEI,Puget Sound Energy Inc,47.455833,-122.042778,Washington,0.0,0.0,0.0,0.0,0.0,0.0,0.0,0.0,0.0,0.3
38,24709,WA,Cedar Hills,57298,7,0,OP,IC,LFG,0.3,0.571,1501.167,605.222,Distributed from 923 Generation And Fuel,2009,,PSEI,Puget Sound Energy Inc,47.455833,-122.042778,Washington,0.0,0.0,0.0,0.0,0.0,0.0,0.0,0.0,0.0,0.3
39,24710,WA,Cedar Hills,57298,8,0,OP,IC,LFG,0.3,0.571,1501.167,605.222,Distributed from 923 Generation And Fuel,2009,,PSEI,Puget Sound Energy Inc,47.455833,-122.042778,Washington,0.0,0.0,0.0,0.0,0.0,0.0,0.0,0.0,0.0,0.3
40,24711,WA,Cedar Hills,57298,9,0,OP,IC,LFG,0.3,0.571,1501.167,605.222,Distributed from 923 Generation And Fuel,2009,,PSEI,Puget Sound Energy Inc,47.455833,-122.042778,Washington,0.0,0.0,0.0,0.0,0.0,0.0,0.0,0.0,0.0,0.3
41,24712,WA,Chandler,6406,1,0,OP,HY,WAT,6,0.512,26930,10566.5,Distributed from 923 Generation And Fuel,1956,,BPAT,Bonneville Power Administration,46.26678,-119.589821,Washington,0.0,0.0,0.0,0.0,0.0,0.0,0.0,6.0,0.0,0.0
42,24713,WA,Chandler,6406,2,0,OP,HY,WAT,6,0.512,26930,10566.5,Distributed from 923 Generation And Fuel,1956,,BPAT,Bonneville Power Administration,46.26678,-119.589821,Washington,0.0,0.0,0.0,0.0,0.0,0.0,0.0,6.0,0.0,0.0
43,24714,WA,Chehalis Generating Facility,55662,CA,1,OP,CA,NG,230,0.252,507357,237888,EIA-923 Generator File,2003,,BPAT,Bonneville Power Administration,46.6225,-122.9131,Washington,230.0,0.0,0.0,0.0,0.0,0.0,0.0,0.0,0.0,0.0
44,24715,WA,Chehalis Generating Facility,55662,CT1,0,OP,CT,NG,234,0.242,496681,232663,EIA-923 Generator File,2003,,BPAT,Bonneville Power Administration,46.6225,-122.9131,Washington,234.0,0.0,0.0,0.0,0.0,0.0,0.0,0.0,0.0,0.0
45,24716,WA,Chehalis Generating Facility,55662,CT2,0,OP,CT,NG,234,0.203,415990,188540,EIA-923 Generator File,2003,,BPAT,Bonneville Power Administration,46.6225,-122.9131,Washington,234.0,0.0,0.0,0.0,0.0,0.0,0.0,0.0,0.0,0.0
46,24717,WA,Chelan,6424,A-1,0,OP,HY,WAT,29.6,0.854,221384.5,86866,Distributed from 923 Generation And Fuel,1927,,CHPD,PUD No 1 of Chelan County,47.8347,-120.0133,Washington,0.0,0.0,0.0,0.0,0.0,0.0,0.0,29.6,0.0,0.0
47,24718,WA,Chelan,6424,A-2,0,OP,HY,WAT,29.6,0.854,221384.5,86866,Distributed from 923 Generation And Fuel,1928,,CHPD,PUD No 1 of Chelan County,47.8347,-120.0133,Washington,0.0,0.0,0.0,0.0,0.0,0.0,0.0,29.6,0.0,0.0
48,24719,WA,Chief Joseph,3921,1,0,OP,HY,WAT,88.2,0.541,417917.828,173251.739,Distributed from 923 Generation And Fuel,1958,,BPAT,Bonneville Power Administration,47.9951,-119.6404,Washington,0.0,0.0,0.0,0.0,0.0,0.0,0.0,88.2,0.0,0.0
49,24720,WA,Chief Joseph,3921,10,0,OP,HY,WAT,88.2,0.541,417917.828,173251.739,Distributed from 923 Generation And Fuel,1955,,BPAT,Bonneville Power Administration,47.9951,-119.6404,Washington,0.0,0.0,0.0,0.0,0.0,0.0,0.0,88.2,0.0,0.0
50,24721,WA,Chief Joseph,3921,11,0,OP,HY,WAT,88.2,0.541,417917.828,173251.739,Distributed from 923 Generation And Fuel,1955,,BPAT,Bonneville Power Administration,47.9951,-119.6404,Washington,0.0,0.0,0.0,0.0,0.0,0.0,0.0,88.2,0.0,0.0
51,24722,WA,Chief Joseph,3921,12,0,OP,HY,WAT,88.2,0.541,417917.828,173251.739,Distributed from 923 Generation And Fuel,1955,,BPAT,Bonneville Power Administration,47.9951,-119.6404,Washington,0.0,0.0,0.0,0.0,0.0,0.0,0.0,88.2,0.0,0.0
52,24723,WA,Chief Joseph,3921,13,0,OP,HY,WAT,88.2,0.541,417917.828,173251.739,Distributed from 923 Generation And Fuel,1957,,BPAT,Bonneville Power Administration,47.9951,-119.6404,Washington,0.0,0.0,0.0,0.0,0.0,0.0,0.0,88.2,0.0,0.0
53,24725,WA,Chief Joseph,3921,15,0,OP,HY,WAT,88.2,0.541,417917.828,173251.739,Distributed from 923 Generation And Fuel,1957,,BPAT,Bonneville Power Administration,47.9951,-119.6404,Washington,0.0,0.0,0.0,0.0,0.0,0.0,0.0,88.2,0.0,0.0
54,24726,WA,Chief Joseph,3921,16,0,OP,HY,WAT,88.2,0.541,417917.828,173251.739,Distributed from 923 Generation And Fuel,1957,,BPAT,Bonneville Power Administration,47.9951,-119.6404,Washington,0.0,0.0,0.0,0.0,0.0,0.0,0.0,88.2,0.0,0.0
55,24727,WA,Chief Joseph,3921,17,0,OP,HY,WAT,95,0.541,450138.25,186609.016,Distributed from 923 Generation And Fuel,1977,,BPAT,Bonneville Power Administration,47.9951,-119.6404,Washington,0.0,0.0,0.0,0.0,0.0,0.0,0.0,95.0,0.0,0.0
56,24728,WA,Chief Joseph,3921,18,0,OP,HY,WAT,95,0.541,450138.25,186609.016,Distributed from 923 Generation And Fuel,1977,,BPAT,Bonneville Power Administration,47.9951,-119.6404,Washington,0.0,0.0,0.0,0.0,0.0,0.0,0.0,95.0,0.0,0.0
57,24729,WA,Chief Joseph,3921,19,0,OP,HY,WAT,95,0.541,450138.25,186609.016,Distributed from 923 Generation And Fuel,1977,,BPAT,Bonneville Power Administration,47.9951,-119.6404,Washington,0.0,0.0,0.0,0.0,0.0,0.0,0.0,95.0,0.0,0.0
58,24730,WA,Chief Joseph,3921,2,0,OP,HY,WAT,88.2,0.541,417917.828,173251.739,Distributed from 923 Generation And Fuel,1958,,BPAT,Bonneville Power Administration,47.9951,-119.6404,Washington,0.0,0.0,0.0,0.0,0.0,0.0,0.0,88.2,0.0,0.0
59,24731,WA,Chief Joseph,3921,20,0,OP,HY,WAT,95,0.541,450138.25,186609.016,Distributed from 923 Generation And Fuel,1978,,BPAT,Bonneville Power Administration,47.9951,-119.6404,Washington,0.0,0.0,0.0,0.0,0.0,0.0,0.0,95.0,0.0,0.0
60,24732,WA,Chief Joseph,3921,21,0,OP,HY,WAT,95,0.541,450138.25,186609.016,Distributed from 923 Generation And Fuel,1978,,BPAT,Bonneville Power Administration,47.9951,-119.6404,Washington,0.0,0.0,0.0,0.0,0.0,0.0,0.0,95.0,0.0,0.0
61,24733,WA,Chief Joseph,3921,22,0,OP,HY,WAT,95,0.541,450138.25,186609.016,Distributed from 923 Generation And Fuel,1978,,BPAT,Bonneville Power Administration,47.9951,-119.6404,Washington,0.0,0.0,0.0,0.0,0.0,0.0,0.0,95.0,0.0,0.0
62,24734,WA,Chief Joseph,3921,23,0,OP,HY,WAT,95,0.541,450138.25,186609.016,Distributed from 923 Generation And Fuel,1978,,BPAT,Bonneville Power Administration,47.9951,-119.6404,Washington,0.0,0.0,0.0,0.0,0.0,0.0,0.0,95.0,0.0,0.0
63,24735,WA,Chief Joseph,3921,24,0,OP,HY,WAT,95,0.541,450138.25,186609.016,Distributed from 923 Generation And Fuel,1979,,BPAT,Bonneville Power Administration,47.9951,-119.6404,Washington,0.0,0.0,0.0,0.0,0.0,0.0,0.0,95.0,0.0,0.0
64,24736,WA,Chief Joseph,3921,25,0,OP,HY,WAT,95,0.541,450138.25,186609.016,Distributed from 923 Generation And Fuel,1979,,BPAT,Bonneville Power Administration,47.9951,-119.6404,Washington,0.0,0.0,0.0,0.0,0.0,0.0,0.0,95.0,0.0,0.0
65,24737,WA,Chief Joseph,3921,26,0,OP,HY,WAT,95,0.541,450138.25,186609.016,Distributed from 923 Generation And Fuel,1979,,BPAT,Bonneville Power Administration,47.9951,-119.6404,Washington,0.0,0.0,0.0,0.0,0.0,0.0,0.0,95.0,0.0,0.0
66,24738,WA,Chief Joseph,3921,27,0,OP,HY,WAT,95,0.541,450138.25,186609.016,Distributed from 923 Generation And Fuel,1979,,BPAT,Bonneville Power Administration,47.9951,-119.6404,Washington,0.0,0.0,0.0,0.0,0.0,0.0,0.0,95.0,0.0,0.0
67,24741,WA,Chief Joseph,3921,5,0,OP,HY,WAT,88.2,0.541,417917.828,173251.739,Distributed from 923 Generation And Fuel,1957,,BPAT,Bonneville Power Administration,47.9951,-119.6404,Washington,0.0,0.0,0.0,0.0,0.0,0.0,0.0,88.2,0.0,0.0
68,24742,WA,Chief Joseph,3921,6,0,OP,HY,WAT,88.2,0.541,417917.828,173251.739,Distributed from 923 Generation And Fuel,1956,,BPAT,Bonneville Power Administration,47.9951,-119.6404,Washington,0.0,0.0,0.0,0.0,0.0,0.0,0.0,88.2,0.0,0.0
69,24743,WA,Chief Joseph,3921,7,0,OP,HY,WAT,88.2,0.541,417917.828,173251.739,Distributed from 923 Generation And Fuel,1956,,BPAT,Bonneville Power Administration,47.9951,-119.6404,Washington,0.0,0.0,0.0,0.0,0.0,0.0,0.0,88.2,0.0,0.0
70,24744,WA,Chief Joseph,3921,8,0,OP,HY,WAT,88.2,0.541,417917.828,173251.739,Distributed from 923 Generation And Fuel,1956,,BPAT,Bonneville Power Administration,47.9951,-119.6404,Washington,0.0,0.0,0.0,0.0,0.0,0.0,0.0,88.2,0.0,0.0
71,24745,WA,Chief Joseph,3921,9,0,OP,HY,WAT,88.2,0.541,417917.828,173251.739,Distributed from 923 Generation And Fuel,1955,,BPAT,Bonneville Power Administration,47.9951,-119.6404,Washington,0.0,0.0,0.0,0.0,0.0,0.0,0.0,88.2,0.0,0.0
72,24746,WA,Coastal Energy Project,57756,1,0,OP,WT,WND,6,0.269,14164,6286,Distributed from 923 Generation And Fuel,2010,,BPAT,PUD No 1 of Grays Harbor County,46.793581,-124.065412,Washington,0.0,0.0,0.0,0.0,6.0,0.0,0.0,0.0,0.0,0.0
73,24747,WA,Columbia Generating Station,371,2,1,OP,ST,NUC,1200,0.916,9625622,4097709,Distributed from 923 Generation And Fuel,1984,,BPAT,Bonneville Power Administration,46.4711,-119.3339,Washington,0.0,0.0,0.0,0.0,0.0,0.0,0.0,0.0,1200.0,0.0
74,24750,WA,Consumer Products (Camas) LLC,57759,STG1,3,OP,ST,BLQ,72.3,0.097,61579.94,23406,EIA-923 Generator File,1995,,PACW,PacifiCorp,45.584722,-122.4056,Washington,0.0,0.0,0.0,0.0,0.0,0.0,0.0,0.0,0.0,72.3
75,24751,WA,Cosmo Specialty Fibers Plant,50185,TG1,4,OP,ST,WDL,7.5,0.78,51246,20449,EIA-923 Generator File,1957,,BPAT,PUD No 1 of Grays Harbor County,46.954071,-123.761086,Washington,0.0,0.0,0.0,0.0,0.0,0.0,0.0,0.0,0.0,7.5
76,24752,WA,Cosmo Specialty Fibers Plant,50185,TG2,4,OP,ST,WDL,7.5,1.04,68330,27265,EIA-923 Generator File,1957,,BPAT,PUD No 1 of Grays Harbor County,46.954071,-123.761086,Washington,0.0,0.0,0.0,0.0,0.0,0.0,0.0,0.0,0.0,7.5
77,24753,WA,Cowiche,50423,983,0,OP,HY,WAT,1.7,0.257,3830,1503,Distributed from 923 Generation And Fuel,1987,,PACW,PacifiCorp,46.692628,-120.737194,Washington,0.0,0.0,0.0,0.0,0.0,0.0,0.0,1.7,0.0,0.0
78,24754,WA,Cowlitz Falls,7427,U#1,0,OP,HY,WAT,35,0.409,125421,49212,Distributed from 923 Generation And Fuel,1994,,BPAT,Bonneville Power Administration,46.4661,-122.1097,Washington,0.0,0.0,0.0,0.0,0.0,0.0,0.0,35.0,0.0,0.0
79,24755,WA,Cowlitz Falls,7427,U#2,0,OP,HY,WAT,35,0.409,125421,49212,Distributed from 923 Generation And Fuel,1994,,BPAT,Bonneville Power Administration,46.4661,-122.1097,Washington,0.0,0.0,0.0,0.0,0.0,0.0,0.0,35.0,0.0,0.0
80,24758,WA,Cushman 1,3914,21,0,OP,HY,WAT,21.6,0.489,92517,36301.5,Distributed from 923 Generation And Fuel,1926,,TPWR,City of Tacoma  - (WA),47.4181,-123.2252,Washington,0.0,0.0,0.0,0.0,0.0,0.0,0.0,21.6,0.0,0.0
81,24759,WA,Cushman 1,3914,22,0,OP,HY,WAT,21.6,0.489,92517,36301.5,Distributed from 923 Generation And Fuel,1926,,TPWR,City of Tacoma  - (WA),47.4181,-123.2252,Washington,0.0,0.0,0.0,0.0,0.0,0.0,0.0,21.6,0.0,0.0
82,24760,WA,Cushman 2,3915,31,0,OP,HY,WAT,27,0.433,102406.596,40181.809,Distributed from 923 Generation And Fuel,1930,,TPWR,City of Tacoma  - (WA),47.3698,-123.1603,Washington,0.0,0.0,0.0,0.0,0.0,0.0,0.0,27.0,0.0,0.0
83,24761,WA,Cushman 2,3915,32,0,OP,HY,WAT,27,0.433,102406.596,40181.809,Distributed from 923 Generation And Fuel,1931,,TPWR,City of Tacoma  - (WA),47.3698,-123.1603,Washington,0.0,0.0,0.0,0.0,0.0,0.0,0.0,27.0,0.0,0.0
84,24762,WA,Cushman 2,3915,33,0,OP,HY,WAT,27,0.433,102406.596,40181.809,Distributed from 923 Generation And Fuel,1952,,TPWR,City of Tacoma  - (WA),47.3698,-123.1603,Washington,0.0,0.0,0.0,0.0,0.0,0.0,0.0,27.0,0.0,0.0
85,24763,WA,Cushman 2,3915,34,0,OP,HY,WAT,1.8,0.433,6827.106,2678.787,Distributed from 923 Generation And Fuel,2013,,TPWR,City of Tacoma  - (WA),47.3698,-123.1603,Washington,0.0,0.0,0.0,0.0,0.0,0.0,0.0,1.8,0.0,0.0
86,24764,WA,Cushman 2,3915,35,0,OP,HY,WAT,1.8,0.433,6827.106,2678.787,Distributed from 923 Generation And Fuel,2013,,TPWR,City of Tacoma  - (WA),47.3698,-123.1603,Washington,0.0,0.0,0.0,0.0,0.0,0.0,0.0,1.8,0.0,0.0
87,24765,WA,Darrington,57969,GEN1,0,OP,ST,WDS,4.5,0.484,19086,7907.306,EIA-923 Generator File,2007,,BPAT,4-County Electric Power Assn,48.269737,-121.599979,Washington,0.0,0.0,0.0,0.0,0.0,0.0,0.0,0.0,0.0,4.5
88,24766,WA,Diablo,6432,31,0,OP,HY,WAT,90,0.544,428850.493,168270.395,Distributed from 923 Generation And Fuel,1937,,SCL,City of Seattle - (WA),48.713853,-121.131736,Washington,0.0,0.0,0.0,0.0,0.0,0.0,0.0,90.0,0.0,0.0
89,24767,WA,Diablo,6432,32,0,OP,HY,WAT,90,0.544,428850.493,168270.395,Distributed from 923 Generation And Fuel,1936,,SCL,City of Seattle - (WA),48.713853,-121.131736,Washington,0.0,0.0,0.0,0.0,0.0,0.0,0.0,90.0,0.0,0.0
90,24768,WA,Diablo,6432,35,0,OP,HY,WAT,1.2,0.544,5718.007,2243.605,Distributed from 923 Generation And Fuel,1936,,SCL,City of Seattle - (WA),48.713853,-121.131736,Washington,0.0,0.0,0.0,0.0,0.0,0.0,0.0,1.2,0.0,0.0
91,24769,WA,Diablo,6432,36,0,OP,HY,WAT,1.2,0.544,5718.007,2243.605,Distributed from 923 Generation And Fuel,1936,,SCL,City of Seattle - (WA),48.713853,-121.131736,Washington,0.0,0.0,0.0,0.0,0.0,0.0,0.0,1.2,0.0,0.0
92,24796,WA,Drop 2 (WA),6507,1,0,OP,HY,WAT,2.5,0.056,1235,485,Distributed from 923 Generation And Fuel,1942,,BPAT,Bonneville Power Administration,46.4492,-120.5342,Washington,0.0,0.0,0.0,0.0,0.0,0.0,0.0,2.5,0.0,0.0
93,24799,WA,Electron,3854,1,0,OP,HY,WAT,5.1,0.835,37286.592,14630.289,Distributed from 923 Generation And Fuel,1904,,PSEI,Puget Sound Energy Inc,46.990967,-122.174921,Washington,0.0,0.0,0.0,0.0,0.0,0.0,0.0,5.1,0.0,0.0
94,24800,WA,Electron,3854,2,0,OP,HY,WAT,5.1,0.835,37286.592,14630.289,Distributed from 923 Generation And Fuel,1904,,PSEI,Puget Sound Energy Inc,46.990967,-122.174921,Washington,0.0,0.0,0.0,0.0,0.0,0.0,0.0,5.1,0.0,0.0
95,24801,WA,Electron,3854,3,0,OP,HY,WAT,5.1,0.835,37286.592,14630.289,Distributed from 923 Generation And Fuel,1904,,PSEI,Puget Sound Energy Inc,46.990967,-122.174921,Washington,0.0,0.0,0.0,0.0,0.0,0.0,0.0,5.1,0.0,0.0
96,24802,WA,Electron,3854,4,0,OP,HY,WAT,7.5,0.835,54833.224,21515.132,Distributed from 923 Generation And Fuel,1929,,PSEI,Puget Sound Energy Inc,46.990967,-122.174921,Washington,0.0,0.0,0.0,0.0,0.0,0.0,0.0,7.5,0.0,0.0
97,24803,WA,Eltopia Branch Canal 4.6,56696,1,0,OP,HY,WAT,2.2,0.291,5604,2199,Distributed from 923 Generation And Fuel,1983,,BPAT,Bonneville Power Administration,46.378381,-119.254522,Washington,0.0,0.0,0.0,0.0,0.0,0.0,0.0,2.2,0.0,0.0
98,24808,WA,Encogen,7870,CTG1,0,OP,CT,NG,39.4,0.15,51608,37278,EIA-923 Generator File,1993,,PSEI,Puget Sound Energy Inc,48.746,-122.486,Washington,39.4,0.0,0.0,0.0,0.0,0.0,0.0,0.0,0.0,0.0
99,24809,WA,Encogen,7870,CTG2,0,OP,CT,NG,39.4,0.109,37702,24706,EIA-923 Generator File,1993,,PSEI,Puget Sound Energy Inc,48.746,-122.486,Washington,39.4,0.0,0.0,0.0,0.0,0.0,0.0,0.0,0.0,0.0
100,24810,WA,Encogen,7870,CTG3,0,OP,CT,NG,39.4,0.153,52924,38298,EIA-923 Generator File,1993,,PSEI,Puget Sound Energy Inc,48.746,-122.486,Washington,39.4,0.0,0.0,0.0,0.0,0.0,0.0,0.0,0.0,0.0
101,24811,WA,Encogen,7870,STG,1,OP,CA,NG,58.2,0.138,70483,50610,EIA-923 Generator File,1993,,PSEI,Puget Sound Energy Inc,48.746,-122.486,Washington,58.2,0.0,0.0,0.0,0.0,0.0,0.0,0.0,0.0,0.0
102,24813,WA,Ferndale Generating Station,54537,CT1A,0,OP,CT,NG,95.9,0.295,248136,135305,EIA-923 Generator File,1994,,PSEI,Puget Sound Energy Inc,48.828813,-122.686667,Washington,95.9,0.0,0.0,0.0,0.0,0.0,0.0,0.0,0.0,0.0
103,24814,WA,Ferndale Generating Station,54537,CT1B,0,OP,CT,NG,95.9,0.294,246990,135305,EIA-923 Generator File,1994,,PSEI,Puget Sound Energy Inc,48.828813,-122.686667,Washington,95.9,0.0,0.0,0.0,0.0,0.0,0.0,0.0,0.0,0.0
104,24815,WA,Ferndale Generating Station,54537,ST1,2,OP,CA,NG,93.7,0.301,247221,139629,EIA-923 Generator File,1994,,PSEI,Puget Sound Energy Inc,48.828813,-122.686667,Washington,93.7,0.0,0.0,0.0,0.0,0.0,0.0,0.0,0.0,0.0
105,24816,WA,FPL Energy Vansycle LLC (WA),55560,V-47,0,OP,WT,WND,176.9,0.246,381650,154232,Distributed from 923 Generation And Fuel,2001,,BPAT,Bonneville Power Administration,46.06,-118.917,Washington,0.0,0.0,0.0,0.0,176.9,0.0,0.0,0.0,0.0,0.0
106,24821,WA,Frederickson,99,2,0,OP,GT,NG,88.9,0.013,9737,5076.5,Distributed from 923 Generation And Fuel,1981,,PSEI,Puget Sound Energy Inc,47.079722,-122.365,Washington,0.0,88.9,0.0,0.0,0.0,0.0,0.0,0.0,0.0,0.0
107,24822,WA,Frederickson,99,1,0,OP,GT,NG,88.9,0.013,9737,5076.5,Distributed from 923 Generation And Fuel,1981,,PSEI,Puget Sound Energy Inc,47.079722,-122.365,Washington,0.0,88.9,0.0,0.0,0.0,0.0,0.0,0.0,0.0,0.0
108,24823,WA,Frederickson Power LP,55818,FICT,0,OP,CT,NG,192,0.321,539706,387666,EIA-923 Generator File,2002,,BPAT,Bonneville Power Administration,47.086111,-122.365674,Washington,192.0,0.0,0.0,0.0,0.0,0.0,0.0,0.0,0.0,0.0
109,24824,WA,Frederickson Power LP,55818,FIST,1,OP,CA,NG,126.3,0.269,297856,216893,EIA-923 Generator File,2002,,BPAT,Bonneville Power Administration,47.086111,-122.365674,Washington,126.3,0.0,0.0,0.0,0.0,0.0,0.0,0.0,0.0,0.0
110,24829,WA,Glacier Battery Storage,60444,GLA,0,OP,BA,MWH,2,0.015,257,71,Distributed from 923 Generation And Fuel,2016,,PSEI,Puget Sound Energy Inc,48.88804,-121.9462,Washington,0.0,0.0,0.0,0.0,0.0,0.0,0.0,0.0,0.0,2.0
111,24831,WA,Goldendale Generating Station,55482,G1,0,OP,CT,NG,170,0.434,646659,294606,EIA-923 Generator File,2004,,BPAT,PUD No 1 of Klickitat County,45.8114,-120.833,Washington,170.0,0.0,0.0,0.0,0.0,0.0,0.0,0.0,0.0,0.0
112,24832,WA,Goldendale Generating Station,55482,G2,1,OP,CA,NG,114.3,0.357,357388,166596,EIA-923 Generator File,2004,,BPAT,PUD No 1 of Klickitat County,45.8114,-120.833,Washington,114.3,0.0,0.0,0.0,0.0,0.0,0.0,0.0,0.0,0.0
113,24833,WA,Goodnoe Hills,56666,1,0,OP,WT,WND,94,0.272,223899,108355,Distributed from 923 Generation And Fuel,2008,,PACW,PacifiCorp,45.781825,-120.521151,Washington,0.0,0.0,0.0,0.0,94.0,0.0,0.0,0.0,0.0,0.0
114,24834,WA,Gorge,6431,21,0,OP,HY,WAT,36.8,0.57,183817.686,63195.168,Distributed from 923 Generation And Fuel,1924,,SCL,City of Seattle - (WA),48.698056,-121.208611,Washington,0.0,0.0,0.0,0.0,0.0,0.0,0.0,36.8,0.0,0.0
115,24835,WA,Gorge,6431,22,0,OP,HY,WAT,36.8,0.57,183817.686,63195.168,Distributed from 923 Generation And Fuel,1924,,SCL,City of Seattle - (WA),48.698056,-121.208611,Washington,0.0,0.0,0.0,0.0,0.0,0.0,0.0,36.8,0.0,0.0
116,24836,WA,Gorge,6431,23,0,OP,HY,WAT,36.8,0.57,183817.686,63195.168,Distributed from 923 Generation And Fuel,1929,,SCL,City of Seattle - (WA),48.698056,-121.208611,Washington,0.0,0.0,0.0,0.0,0.0,0.0,0.0,36.8,0.0,0.0
117,24837,WA,Gorge,6431,24,0,OP,HY,WAT,96.9,0.57,484019.941,166402.495,Distributed from 923 Generation And Fuel,1951,,SCL,City of Seattle - (WA),48.698056,-121.208611,Washington,0.0,0.0,0.0,0.0,0.0,0.0,0.0,96.9,0.0,0.0
118,24838,WA,Grand Coulee,6163,1,0,OP,HY,WAT,125,0.334,365931.678,151656.563,Distributed from 923 Generation And Fuel,1942,,BPAT,Bonneville Power Administration,47.957511,-118.977323,Washington,0.0,0.0,0.0,0.0,0.0,0.0,0.0,125.0,0.0,0.0
119,24839,WA,Grand Coulee,6163,10,0,OP,HY,WAT,125,0.334,365931.678,151656.563,Distributed from 923 Generation And Fuel,1951,,BPAT,Bonneville Power Administration,47.957511,-118.977323,Washington,0.0,0.0,0.0,0.0,0.0,0.0,0.0,125.0,0.0,0.0
120,24840,WA,Grand Coulee,6163,11,0,OP,HY,WAT,125,0.334,365931.678,151656.563,Distributed from 923 Generation And Fuel,1951,,BPAT,Bonneville Power Administration,47.957511,-118.977323,Washington,0.0,0.0,0.0,0.0,0.0,0.0,0.0,125.0,0.0,0.0
121,24841,WA,Grand Coulee,6163,12,0,OP,HY,WAT,125,0.334,365931.678,151656.563,Distributed from 923 Generation And Fuel,1951,,BPAT,Bonneville Power Administration,47.957511,-118.977323,Washington,0.0,0.0,0.0,0.0,0.0,0.0,0.0,125.0,0.0,0.0
122,24842,WA,Grand Coulee,6163,13,0,OP,HY,WAT,125,0.334,365931.678,151656.563,Distributed from 923 Generation And Fuel,1950,,BPAT,Bonneville Power Administration,47.957511,-118.977323,Washington,0.0,0.0,0.0,0.0,0.0,0.0,0.0,125.0,0.0,0.0
123,24843,WA,Grand Coulee,6163,14,0,OP,HY,WAT,125,0.334,365931.678,151656.563,Distributed from 923 Generation And Fuel,1950,,BPAT,Bonneville Power Administration,47.957511,-118.977323,Washington,0.0,0.0,0.0,0.0,0.0,0.0,0.0,125.0,0.0,0.0
124,24844,WA,Grand Coulee,6163,15,0,OP,HY,WAT,125,0.334,365931.678,151656.563,Distributed from 923 Generation And Fuel,1950,,BPAT,Bonneville Power Administration,47.957511,-118.977323,Washington,0.0,0.0,0.0,0.0,0.0,0.0,0.0,125.0,0.0,0.0
125,24845,WA,Grand Coulee,6163,16,0,OP,HY,WAT,125,0.334,365931.678,151656.563,Distributed from 923 Generation And Fuel,1949,,BPAT,Bonneville Power Administration,47.957511,-118.977323,Washington,0.0,0.0,0.0,0.0,0.0,0.0,0.0,125.0,0.0,0.0
126,24846,WA,Grand Coulee,6163,17,0,OP,HY,WAT,125,0.334,365931.678,151656.563,Distributed from 923 Generation And Fuel,1949,,BPAT,Bonneville Power Administration,47.957511,-118.977323,Washington,0.0,0.0,0.0,0.0,0.0,0.0,0.0,125.0,0.0,0.0
127,24847,WA,Grand Coulee,6163,18,0,OP,HY,WAT,125,0.334,365931.678,151656.563,Distributed from 923 Generation And Fuel,1949,,BPAT,Bonneville Power Administration,47.957511,-118.977323,Washington,0.0,0.0,0.0,0.0,0.0,0.0,0.0,125.0,0.0,0.0
128,24848,WA,Grand Coulee,6163,19,0,OP,HY,WAT,600,0.334,1756472.055,727951.501,Distributed from 923 Generation And Fuel,1975,,BPAT,Bonneville Power Administration,47.957511,-118.977323,Washington,0.0,0.0,0.0,0.0,0.0,0.0,0.0,600.0,0.0,0.0
129,24849,WA,Grand Coulee,6163,2,0,OP,HY,WAT,125,0.334,365931.678,151656.563,Distributed from 923 Generation And Fuel,1942,,BPAT,Bonneville Power Administration,47.957511,-118.977323,Washington,0.0,0.0,0.0,0.0,0.0,0.0,0.0,125.0,0.0,0.0
130,24850,WA,Grand Coulee,6163,20,0,OP,HY,WAT,600,0.334,1756472.055,727951.501,Distributed from 923 Generation And Fuel,1976,,BPAT,Bonneville Power Administration,47.957511,-118.977323,Washington,0.0,0.0,0.0,0.0,0.0,0.0,0.0,600.0,0.0,0.0
131,24851,WA,Grand Coulee,6163,21,0,OP,HY,WAT,600,0.334,1756472.055,727951.501,Distributed from 923 Generation And Fuel,1976,,BPAT,Bonneville Power Administration,47.957511,-118.977323,Washington,0.0,0.0,0.0,0.0,0.0,0.0,0.0,600.0,0.0,0.0
132,24852,WA,Grand Coulee,6163,22,0,OP,HY,WAT,805,0.334,2356600.008,976668.264,Distributed from 923 Generation And Fuel,1978,,BPAT,Bonneville Power Administration,47.957511,-118.977323,Washington,0.0,0.0,0.0,0.0,0.0,0.0,0.0,805.0,0.0,0.0
133,24853,WA,Grand Coulee,6163,23,0,OP,HY,WAT,805,0.334,2356600.008,976668.264,Distributed from 923 Generation And Fuel,1979,,BPAT,Bonneville Power Administration,47.957511,-118.977323,Washington,0.0,0.0,0.0,0.0,0.0,0.0,0.0,805.0,0.0,0.0
134,24854,WA,Grand Coulee,6163,24,0,OP,HY,WAT,805,0.334,2356600.008,976668.264,Distributed from 923 Generation And Fuel,1980,,BPAT,Bonneville Power Administration,47.957511,-118.977323,Washington,0.0,0.0,0.0,0.0,0.0,0.0,0.0,805.0,0.0,0.0
135,24855,WA,Grand Coulee,6163,3,0,OP,HY,WAT,125,0.334,365931.678,151656.563,Distributed from 923 Generation And Fuel,1941,,BPAT,Bonneville Power Administration,47.957511,-118.977323,Washington,0.0,0.0,0.0,0.0,0.0,0.0,0.0,125.0,0.0,0.0
136,24856,WA,Grand Coulee,6163,4,0,OP,HY,WAT,125,0.334,365931.678,151656.563,Distributed from 923 Generation And Fuel,1944,,BPAT,Bonneville Power Administration,47.957511,-118.977323,Washington,0.0,0.0,0.0,0.0,0.0,0.0,0.0,125.0,0.0,0.0
137,24857,WA,Grand Coulee,6163,5,0,OP,HY,WAT,125,0.334,365931.678,151656.563,Distributed from 923 Generation And Fuel,1943,,BPAT,Bonneville Power Administration,47.957511,-118.977323,Washington,0.0,0.0,0.0,0.0,0.0,0.0,0.0,125.0,0.0,0.0
138,24858,WA,Grand Coulee,6163,6,0,OP,HY,WAT,125,0.334,365931.678,151656.563,Distributed from 923 Generation And Fuel,1943,,BPAT,Bonneville Power Administration,47.957511,-118.977323,Washington,0.0,0.0,0.0,0.0,0.0,0.0,0.0,125.0,0.0,0.0
139,24859,WA,Grand Coulee,6163,7,0,OP,HY,WAT,125,0.334,365931.678,151656.563,Distributed from 923 Generation And Fuel,1947,,BPAT,Bonneville Power Administration,47.957511,-118.977323,Washington,0.0,0.0,0.0,0.0,0.0,0.0,0.0,125.0,0.0,0.0
140,24860,WA,Grand Coulee,6163,8,0,OP,HY,WAT,125,0.334,365931.678,151656.563,Distributed from 923 Generation And Fuel,1943,,BPAT,Bonneville Power Administration,47.957511,-118.977323,Washington,0.0,0.0,0.0,0.0,0.0,0.0,0.0,125.0,0.0,0.0
141,24861,WA,Grand Coulee,6163,9,0,OP,HY,WAT,125,0.334,365931.678,151656.563,Distributed from 923 Generation And Fuel,1948,,BPAT,Bonneville Power Administration,47.957511,-118.977323,Washington,0.0,0.0,0.0,0.0,0.0,0.0,0.0,125.0,0.0,0.0
142,24862,WA,Grand Coulee,6163,LS1,0,OP,HY,WAT,10,0.334,29274.534,12132.525,Distributed from 923 Generation And Fuel,1941,,BPAT,Bonneville Power Administration,47.957511,-118.977323,Washington,0.0,0.0,0.0,0.0,0.0,0.0,0.0,10.0,0.0,0.0
143,24863,WA,Grand Coulee,6163,LS2,0,OP,HY,WAT,10,0.334,29274.534,12132.525,Distributed from 923 Generation And Fuel,1941,,BPAT,Bonneville Power Administration,47.957511,-118.977323,Washington,0.0,0.0,0.0,0.0,0.0,0.0,0.0,10.0,0.0,0.0
144,24864,WA,Grand Coulee,6163,LS3,0,OP,HY,WAT,10,0.334,29274.534,12132.525,Distributed from 923 Generation And Fuel,1951,,BPAT,Bonneville Power Administration,47.957511,-118.977323,Washington,0.0,0.0,0.0,0.0,0.0,0.0,0.0,10.0,0.0,0.0
145,24865,WA,Grand Coulee,6163,PG10,0,OP,PS,WAT,53.5,,-394.946,-163.226,Data from EIA-923 Generator File overwritten with distributed data from EIA-923 Generation and Fuel,1983,,BPAT,Bonneville Power Administration,47.957511,-118.977323,Washington,0.0,0.0,0.0,0.0,0.0,0.0,0.0,53.5,0.0,0.0
146,24866,WA,Grand Coulee,6163,PG11,0,OP,PS,WAT,53.5,,-394.946,-163.226,Data from EIA-923 Generator File overwritten with distributed data from EIA-923 Generation and Fuel,1983,,BPAT,Bonneville Power Administration,47.957511,-118.977323,Washington,0.0,0.0,0.0,0.0,0.0,0.0,0.0,53.5,0.0,0.0
147,24867,WA,Grand Coulee,6163,PG12,0,OP,PS,WAT,53.5,,-394.946,-163.226,Data from EIA-923 Generator File overwritten with distributed data from EIA-923 Generation and Fuel,1984,,BPAT,Bonneville Power Administration,47.957511,-118.977323,Washington,0.0,0.0,0.0,0.0,0.0,0.0,0.0,53.5,0.0,0.0
148,24868,WA,Grand Coulee,6163,PG7,0,OP,PS,WAT,50,,-369.108,-152.548,Data from EIA-923 Generator File overwritten with distributed data from EIA-923 Generation and Fuel,1973,,BPAT,Bonneville Power Administration,47.957511,-118.977323,Washington,0.0,0.0,0.0,0.0,0.0,0.0,0.0,50.0,0.0,0.0
149,24869,WA,Grand Coulee,6163,PG8,0,OP,PS,WAT,50,,-369.108,-152.548,Data from EIA-923 Generator File overwritten with distributed data from EIA-923 Generation and Fuel,1973,,BPAT,Bonneville Power Administration,47.957511,-118.977323,Washington,0.0,0.0,0.0,0.0,0.0,0.0,0.0,50.0,0.0,0.0
150,24870,WA,Grand Coulee,6163,PG9,0,OP,PS,WAT,53.5,,-394.946,-163.226,Data from EIA-923 Generator File overwritten with distributed data from EIA-923 Generation and Fuel,1983,,BPAT,Bonneville Power Administration,47.957511,-118.977323,Washington,0.0,0.0,0.0,0.0,0.0,0.0,0.0,53.5,0.0,0.0
151,24871,WA,Grays Harbor Energy Facility,7999,CT1,0,OP,CT,NG,198.9,0.494,861258,456835,EIA-923 Generator File,2008,,BPAT,Bonneville Power Administration,46.9692,-123.48,Washington,198.9,0.0,0.0,0.0,0.0,0.0,0.0,0.0,0.0,0.0
152,24872,WA,Grays Harbor Energy Facility,7999,CT2,0,OP,CT,NG,198.9,0.516,899677,479135,EIA-923 Generator File,2008,,BPAT,Bonneville Power Administration,46.9692,-123.48,Washington,198.9,0.0,0.0,0.0,0.0,0.0,0.0,0.0,0.0,0.0
153,24873,WA,Grays Harbor Energy Facility,7999,ST1,2,OP,CA,NG,300,0.402,1057357,577250,EIA-923 Generator File,2008,,BPAT,Bonneville Power Administration,46.9692,-123.48,Washington,300.0,0.0,0.0,0.0,0.0,0.0,0.0,0.0,0.0,0.0
154,24877,WA,H M Jackson,7588,1,0,OP,HY,WAT,47.5,0.494,205552.214,80653.555,Distributed from 923 Generation And Fuel,1984,,BPAT,PUD 1 of Snohomish County,47.9084,-121.8144,Washington,0.0,0.0,0.0,0.0,0.0,0.0,0.0,47.5,0.0,0.0
155,24878,WA,H M Jackson,7588,2,0,OP,HY,WAT,47.5,0.494,205552.214,80653.555,Distributed from 923 Generation And Fuel,1984,,BPAT,PUD 1 of Snohomish County,47.9084,-121.8144,Washington,0.0,0.0,0.0,0.0,0.0,0.0,0.0,47.5,0.0,0.0
156,24879,WA,H M Jackson,7588,3,0,OP,HY,WAT,8.4,0.494,36350.286,14262.945,Distributed from 923 Generation And Fuel,1984,,BPAT,PUD 1 of Snohomish County,47.9084,-121.8144,Washington,0.0,0.0,0.0,0.0,0.0,0.0,0.0,8.4,0.0,0.0
157,24880,WA,H M Jackson,7588,4,0,OP,HY,WAT,8.4,0.494,36350.286,14262.945,Distributed from 923 Generation And Fuel,1984,,BPAT,PUD 1 of Snohomish County,47.9084,-121.8144,Washington,0.0,0.0,0.0,0.0,0.0,0.0,0.0,8.4,0.0,0.0
158,24882,WA,Harvest Wind Project,57152,HWP1,0,OP,WT,WND,98.9,0.302,261218,124971,Distributed from 923 Generation And Fuel,2009,,BPAT,PUD No 1 of Klickitat County,45.8131,-120.3475,Washington,0.0,0.0,0.0,0.0,98.9,0.0,0.0,0.0,0.0,0.0
159,24883,WA,Hopkins Ridge Wind,56255,1,0,OP,WT,WND,149.4,0.303,395986.322,154870.368,Distributed from 923 Generation And Fuel,2005,,BPAT,Bonneville Power Administration,46.4211,-117.8331,Washington,0.0,0.0,0.0,0.0,149.4,0.0,0.0,0.0,0.0,0.0
160,24884,WA,Hopkins Ridge Wind,56255,2,0,OP,WT,WND,7.2,0.303,19083.678,7463.632,Distributed from 923 Generation And Fuel,2008,,BPAT,Bonneville Power Administration,46.4211,-117.8331,Washington,0.0,0.0,0.0,0.0,7.2,0.0,0.0,0.0,0.0,0.0
161,24885,WA,Ice Harbor,3925,1,0,OP,HY,WAT,90,0.316,248946.567,79383.134,Distributed from 923 Generation And Fuel,1962,,BPAT,Bonneville Power Administration,46.249801,-118.879838,Washington,0.0,0.0,0.0,0.0,0.0,0.0,0.0,90.0,0.0,0.0
162,24887,WA,Ice Harbor,3925,3,0,OP,HY,WAT,90,0.316,248946.567,79383.134,Distributed from 923 Generation And Fuel,1962,,BPAT,Bonneville Power Administration,46.249801,-118.879838,Washington,0.0,0.0,0.0,0.0,0.0,0.0,0.0,90.0,0.0,0.0
163,24888,WA,Ice Harbor,3925,4,0,OP,HY,WAT,111,0.316,307034.1,97905.866,Distributed from 923 Generation And Fuel,1975,,BPAT,Bonneville Power Administration,46.249801,-118.879838,Washington,0.0,0.0,0.0,0.0,0.0,0.0,0.0,111.0,0.0,0.0
164,24890,WA,Ice Harbor,3925,6,0,OP,HY,WAT,111,0.316,307034.1,97905.866,Distributed from 923 Generation And Fuel,1976,,BPAT,Bonneville Power Administration,46.249801,-118.879838,Washington,0.0,0.0,0.0,0.0,0.0,0.0,0.0,111.0,0.0,0.0
165,24891,WA,Juniper Canyon I Wind Project,57320,1,0,OP,WT,WND,151.2,0.243,322142,147343,Distributed from 923 Generation And Fuel,2011,,BPAT,Bonneville Power Administration,45.9215,-120.2355,Washington,0.0,0.0,0.0,0.0,151.2,0.0,0.0,0.0,0.0,0.0
166,24892,WA,Kettle Falls Generating Station,550,1,1,OP,ST,WDS,50.7,0.769,341370,130709,EIA-923 Generator File,1983,,AVA,Avista Corp,48.620336,-118.111059,Washington,0.0,0.0,0.0,0.0,0.0,0.0,0.0,0.0,0.0,50.7
167,24893,WA,Kettle Falls Generating Station,550,2,0,OP,GT,NG,7.2,0.055,3468,2582,Distributed from 923 Generation And Fuel,2002,,AVA,Avista Corp,48.620336,-118.111059,Washington,0.0,7.2,0.0,0.0,0.0,0.0,0.0,0.0,0.0,0.0
168,24894,WA,Koma Kulshan Associates,54267,GEN1,0,OP,HY,WAT,12,0.444,46654,18306,Distributed from 923 Generation And Fuel,1990,,PSEI,Puget Sound Energy Inc,48.680178,-121.723294,Washington,0.0,0.0,0.0,0.0,0.0,0.0,0.0,12.0,0.0,0.0
169,24895,WA,LaGrande,3916,1,0,OP,HY,WAT,6,0.675,35460.469,13913.812,Distributed from 923 Generation And Fuel,1912,,TPWR,City of Tacoma  - (WA),46.8328,-122.3196,Washington,0.0,0.0,0.0,0.0,0.0,0.0,0.0,6.0,0.0,0.0
170,24896,WA,LaGrande,3916,2,0,OP,HY,WAT,6,0.675,35460.469,13913.812,Distributed from 923 Generation And Fuel,1912,,TPWR,City of Tacoma  - (WA),46.8328,-122.3196,Washington,0.0,0.0,0.0,0.0,0.0,0.0,0.0,6.0,0.0,0.0
171,24897,WA,LaGrande,3916,3,0,OP,HY,WAT,6,0.675,35460.469,13913.812,Distributed from 923 Generation And Fuel,1912,,TPWR,City of Tacoma  - (WA),46.8328,-122.3196,Washington,0.0,0.0,0.0,0.0,0.0,0.0,0.0,6.0,0.0,0.0
172,24898,WA,LaGrande,3916,4,0,OP,HY,WAT,6,0.675,35460.469,13913.812,Distributed from 923 Generation And Fuel,1912,,TPWR,City of Tacoma  - (WA),46.8328,-122.3196,Washington,0.0,0.0,0.0,0.0,0.0,0.0,0.0,6.0,0.0,0.0
173,24899,WA,LaGrande,3916,5,0,OP,HY,WAT,40,0.675,236403.125,92758.75,Distributed from 923 Generation And Fuel,1945,,TPWR,City of Tacoma  - (WA),46.8328,-122.3196,Washington,0.0,0.0,0.0,0.0,0.0,0.0,0.0,40.0,0.0,0.0
174,24900,WA,Lilliwaup Falls Generating,50700,4735,0,OP,HY,WAT,0.2,0.49,858,336.714,Distributed from 923 Generation And Fuel,1986,,BPAT,PUD No 1 of Mason County,47.4706,-123.1153,Washington,0.0,0.0,0.0,0.0,0.0,0.0,0.0,0.2,0.0,0.0
175,24901,WA,Lilliwaup Falls Generating,50700,4736,0,OP,HY,WAT,0.2,0.49,858,336.714,Distributed from 923 Generation And Fuel,1986,,BPAT,PUD No 1 of Mason County,47.4706,-123.1153,Washington,0.0,0.0,0.0,0.0,0.0,0.0,0.0,0.2,0.0,0.0
176,24902,WA,Lilliwaup Falls Generating,50700,4737,0,OP,HY,WAT,0.2,0.49,858,336.714,Distributed from 923 Generation And Fuel,1986,,BPAT,PUD No 1 of Mason County,47.4706,-123.1153,Washington,0.0,0.0,0.0,0.0,0.0,0.0,0.0,0.2,0.0,0.0
177,24903,WA,Lilliwaup Falls Generating,50700,4738,0,OP,HY,WAT,0.2,0.49,858,336.714,Distributed from 923 Generation And Fuel,1986,,BPAT,PUD No 1 of Mason County,47.4706,-123.1153,Washington,0.0,0.0,0.0,0.0,0.0,0.0,0.0,0.2,0.0,0.0
178,24904,WA,Lilliwaup Falls Generating,50700,4739,0,OP,HY,WAT,0.2,0.49,858,336.714,Distributed from 923 Generation And Fuel,1986,,BPAT,PUD No 1 of Mason County,47.4706,-123.1153,Washington,0.0,0.0,0.0,0.0,0.0,0.0,0.0,0.2,0.0,0.0
179,24905,WA,Lilliwaup Falls Generating,50700,4740,0,OP,HY,WAT,0.2,0.49,858,336.714,Distributed from 923 Generation And Fuel,1986,,BPAT,PUD No 1 of Mason County,47.4706,-123.1153,Washington,0.0,0.0,0.0,0.0,0.0,0.0,0.0,0.2,0.0,0.0
180,24906,WA,Lilliwaup Falls Generating,50700,4741,0,OP,HY,WAT,0.2,0.49,858,336.714,Distributed from 923 Generation And Fuel,1986,,BPAT,PUD No 1 of Mason County,47.4706,-123.1153,Washington,0.0,0.0,0.0,0.0,0.0,0.0,0.0,0.2,0.0,0.0
181,24907,WA,Linden Wind Energy Project,57635,LW1,0,OP,WT,WND,50,0.325,142458,70567,Distributed from 923 Generation And Fuel,2010,,BPAT,Bonneville Power Administration,45.744171,-120.783568,Washington,0.0,0.0,0.0,0.0,50.0,0.0,0.0,0.0,0.0,0.0
182,24909,WA,Little Falls (WA),3866,2,0,OP,HY,WAT,8,0.554,38805.319,15226.17,Distributed from 923 Generation And Fuel,1910,,AVA,Avista Corp,47.821667,-117.916667,Washington,0.0,0.0,0.0,0.0,0.0,0.0,0.0,8.0,0.0,0.0
183,24910,WA,Little Falls (WA),3866,3,0,OP,HY,WAT,10.8,0.554,52387.181,20555.33,Distributed from 923 Generation And Fuel,1910,,AVA,Avista Corp,47.821667,-117.916667,Washington,0.0,0.0,0.0,0.0,0.0,0.0,0.0,10.8,0.0,0.0
184,24911,WA,Little Falls (WA),3866,4,0,OP,HY,WAT,8,0.554,38805.319,15226.17,Distributed from 923 Generation And Fuel,1911,,AVA,Avista Corp,47.821667,-117.916667,Washington,0.0,0.0,0.0,0.0,0.0,0.0,0.0,8.0,0.0,0.0
185,24912,WA,Little Goose,3926,1,0,OP,HY,WAT,135,0.287,339918,130260.333,Distributed from 923 Generation And Fuel,1970,,BPAT,Bonneville Power Administration,46.5838,-118.0273,Washington,0.0,0.0,0.0,0.0,0.0,0.0,0.0,135.0,0.0,0.0
186,24913,WA,Little Goose,3926,2,0,OP,HY,WAT,135,0.287,339918,130260.333,Distributed from 923 Generation And Fuel,1970,,BPAT,Bonneville Power Administration,46.5838,-118.0273,Washington,0.0,0.0,0.0,0.0,0.0,0.0,0.0,135.0,0.0,0.0
187,24914,WA,Little Goose,3926,3,0,OP,HY,WAT,135,0.287,339918,130260.333,Distributed from 923 Generation And Fuel,1971,,BPAT,Bonneville Power Administration,46.5838,-118.0273,Washington,0.0,0.0,0.0,0.0,0.0,0.0,0.0,135.0,0.0,0.0
188,24915,WA,Little Goose,3926,4,0,OP,HY,WAT,135,0.287,339918,130260.333,Distributed from 923 Generation And Fuel,1978,,BPAT,Bonneville Power Administration,46.5838,-118.0273,Washington,0.0,0.0,0.0,0.0,0.0,0.0,0.0,135.0,0.0,0.0
189,24916,WA,Little Goose,3926,5,0,OP,HY,WAT,135,0.287,339918,130260.333,Distributed from 923 Generation And Fuel,1978,,BPAT,Bonneville Power Administration,46.5838,-118.0273,Washington,0.0,0.0,0.0,0.0,0.0,0.0,0.0,135.0,0.0,0.0
190,24917,WA,Little Goose,3926,6,0,OP,HY,WAT,135,0.287,339918,130260.333,Distributed from 923 Generation And Fuel,1978,,BPAT,Bonneville Power Administration,46.5838,-118.0273,Washington,0.0,0.0,0.0,0.0,0.0,0.0,0.0,135.0,0.0,0.0
191,24918,WA,Long Lake,3867,1,0,OP,HY,WAT,17.5,0.857,131332.75,51531.75,Distributed from 923 Generation And Fuel,1915,,AVA,Avista Corp,47.834444,-117.836111,Washington,0.0,0.0,0.0,0.0,0.0,0.0,0.0,17.5,0.0,0.0
192,24919,WA,Long Lake,3867,2,0,OP,HY,WAT,17.5,0.857,131332.75,51531.75,Distributed from 923 Generation And Fuel,1915,,AVA,Avista Corp,47.834444,-117.836111,Washington,0.0,0.0,0.0,0.0,0.0,0.0,0.0,17.5,0.0,0.0
193,24920,WA,Long Lake,3867,3,0,OP,HY,WAT,17.5,0.857,131332.75,51531.75,Distributed from 923 Generation And Fuel,1919,,AVA,Avista Corp,47.834444,-117.836111,Washington,0.0,0.0,0.0,0.0,0.0,0.0,0.0,17.5,0.0,0.0
194,24921,WA,Long Lake,3867,4,0,OP,HY,WAT,17.5,0.857,131332.75,51531.75,Distributed from 923 Generation And Fuel,1924,,AVA,Avista Corp,47.834444,-117.836111,Washington,0.0,0.0,0.0,0.0,0.0,0.0,0.0,17.5,0.0,0.0
195,24922,WA,Longview Fibre,54562,4,8,OP,ST,BLQ,10,0,0,0,EIA-923 Generator File,1949,,BPAT,PUD No 1 of Cowlitz County,46.103887,-122.918429,Washington,0.0,0.0,0.0,0.0,0.0,0.0,0.0,0.0,0.0,10.0
196,24923,WA,Longview Fibre,54562,6,8,OP,ST,BLQ,20,0.769,134707,49126,EIA-923 Generator File,1958,,BPAT,PUD No 1 of Cowlitz County,46.103887,-122.918429,Washington,0.0,0.0,0.0,0.0,0.0,0.0,0.0,0.0,0.0,20.0
197,24924,WA,Longview Fibre,54562,7,8,OP,ST,BLQ,25,0.751,164451,68087,EIA-923 Generator File,1966,,BPAT,PUD No 1 of Cowlitz County,46.103887,-122.918429,Washington,0.0,0.0,0.0,0.0,0.0,0.0,0.0,0.0,0.0,25.0
198,24929,WA,Lower Baker,3855,3,0,OP,HY,WAT,80.8,0.368,260734.77,102305.734,Distributed from 923 Generation And Fuel,1960,,PSEI,Puget Sound Energy Inc,48.5478,-121.7407,Washington,0.0,0.0,0.0,0.0,0.0,0.0,0.0,80.8,0.0,0.0
199,24930,WA,Lower Baker,3855,4,0,OP,HY,WAT,30.4,0.368,98098.23,38491.266,Distributed from 923 Generation And Fuel,2013,,PSEI,Puget Sound Energy Inc,48.5478,-121.7407,Washington,0.0,0.0,0.0,0.0,0.0,0.0,0.0,30.4,0.0,0.0
200,24933,WA,Lower Granite,6175,3,0,OP,HY,WAT,135,0.297,350684,129335.833,Distributed from 923 Generation And Fuel,1975,,BPAT,Bonneville Power Administration,46.659503,-117.429385,Washington,0.0,0.0,0.0,0.0,0.0,0.0,0.0,135.0,0.0,0.0
201,24934,WA,Lower Granite,6175,4,0,OP,HY,WAT,135,0.297,350684,129335.833,Distributed from 923 Generation And Fuel,1978,,BPAT,Bonneville Power Administration,46.659503,-117.429385,Washington,0.0,0.0,0.0,0.0,0.0,0.0,0.0,135.0,0.0,0.0
202,24935,WA,Lower Granite,6175,5,0,OP,HY,WAT,135,0.297,350684,129335.833,Distributed from 923 Generation And Fuel,1978,,BPAT,Bonneville Power Administration,46.659503,-117.429385,Washington,0.0,0.0,0.0,0.0,0.0,0.0,0.0,135.0,0.0,0.0
203,24936,WA,Lower Granite,6175,6,0,OP,HY,WAT,135,0.297,350684,129335.833,Distributed from 923 Generation And Fuel,1978,,BPAT,Bonneville Power Administration,46.659503,-117.429385,Washington,0.0,0.0,0.0,0.0,0.0,0.0,0.0,135.0,0.0,0.0
204,24938,WA,Lower Monumental,3927,2,0,OP,HY,WAT,135,0.28,331188.5,107064.5,Distributed from 923 Generation And Fuel,1969,,BPAT,Bonneville Power Administration,46.5635,-118.5397,Washington,0.0,0.0,0.0,0.0,0.0,0.0,0.0,135.0,0.0,0.0
205,24939,WA,Lower Monumental,3927,3,0,OP,HY,WAT,135,0.28,331188.5,107064.5,Distributed from 923 Generation And Fuel,1970,,BPAT,Bonneville Power Administration,46.5635,-118.5397,Washington,0.0,0.0,0.0,0.0,0.0,0.0,0.0,135.0,0.0,0.0
206,24940,WA,Lower Monumental,3927,4,0,OP,HY,WAT,135,0.28,331188.5,107064.5,Distributed from 923 Generation And Fuel,1979,,BPAT,Bonneville Power Administration,46.5635,-118.5397,Washington,0.0,0.0,0.0,0.0,0.0,0.0,0.0,135.0,0.0,0.0
207,24941,WA,Lower Monumental,3927,5,0,OP,HY,WAT,135,0.28,331188.5,107064.5,Distributed from 923 Generation And Fuel,1979,,BPAT,Bonneville Power Administration,46.5635,-118.5397,Washington,0.0,0.0,0.0,0.0,0.0,0.0,0.0,135.0,0.0,0.0
208,24942,WA,Lower Monumental,3927,6,0,OP,HY,WAT,135,0.28,331188.5,107064.5,Distributed from 923 Generation And Fuel,1979,,BPAT,Bonneville Power Administration,46.5635,-118.5397,Washington,0.0,0.0,0.0,0.0,0.0,0.0,0.0,135.0,0.0,0.0
209,24943,WA,Lower Snake River Wind Energy Project,57195,LSR 1,0,OP,WT,WND,342.7,0.288,865023,355298,Distributed from 923 Generation And Fuel,2012,,BPAT,Bonneville Power Administration,46.524167,-117.821666,Washington,0.0,0.0,0.0,0.0,342.7,0.0,0.0,0.0,0.0,0.0
210,24944,WA,LRI LFGTE Facility,58688,A,0,OP,IC,LFG,1.5,0.932,12241.333,4825.333,Distributed from 923 Generation And Fuel,2013,,PSEI,Puget Sound Energy Inc,46.975556,-122.290556,Washington,0.0,0.0,0.0,0.0,0.0,0.0,0.0,0.0,0.0,1.5
211,24945,WA,LRI LFGTE Facility,58688,B,0,OP,IC,LFG,1.5,0.932,12241.333,4825.333,Distributed from 923 Generation And Fuel,2013,,PSEI,Puget Sound Energy Inc,46.975556,-122.290556,Washington,0.0,0.0,0.0,0.0,0.0,0.0,0.0,0.0,0.0,1.5
212,24946,WA,LRI LFGTE Facility,58688,C,0,OP,IC,LFG,1.5,0.932,12241.333,4825.333,Distributed from 923 Generation And Fuel,2013,,PSEI,Puget Sound Energy Inc,46.975556,-122.290556,Washington,0.0,0.0,0.0,0.0,0.0,0.0,0.0,0.0,0.0,1.5
213,24948,WA,Main Canal Headworks,56698,1,0,OP,HY,WAT,26.8,0.425,99832,39172,Distributed from 923 Generation And Fuel,1987,,AVA,Avista Corp,47.6164,-119.2992,Washington,0.0,0.0,0.0,0.0,0.0,0.0,0.0,26.8,0.0,0.0
214,24949,WA,March Point Cogeneration,54268,GTG1,0,OP,GT,NG,46.6,0.838,342088.667,131650.667,Distributed from 923 Generation And Fuel,1991,,PSEI,Puget Sound Energy Inc,48.4708,-122.56,Washington,0.0,46.6,0.0,0.0,0.0,0.0,0.0,0.0,0.0,0.0
215,24950,WA,March Point Cogeneration,54268,GTG2,0,OP,GT,NG,46.6,0.838,342088.667,131650.667,Distributed from 923 Generation And Fuel,1991,,PSEI,Puget Sound Energy Inc,48.4708,-122.56,Washington,0.0,46.6,0.0,0.0,0.0,0.0,0.0,0.0,0.0,0.0
216,24951,WA,March Point Cogeneration,54268,GTG3,0,OP,GT,NG,46.6,0.838,342088.667,131650.667,Distributed from 923 Generation And Fuel,1993,,PSEI,Puget Sound Energy Inc,48.4708,-122.56,Washington,0.0,46.6,0.0,0.0,0.0,0.0,0.0,0.0,0.0,0.0
217,24953,WA,Marengo Wind Plant,56466,1,0,OP,WT,WND,140.4,0.285,350948,121014,Distributed from 923 Generation And Fuel,2007,,PACW,PacifiCorp,46.3747,-117.7772,Washington,0.0,0.0,0.0,0.0,140.4,0.0,0.0,0.0,0.0,0.0
218,24954,WA,Marengo Wind Plant,56466,2,0,OP,WT,WND,70.2,0.285,175474,60507,Distributed from 923 Generation And Fuel,2008,,PACW,PacifiCorp,46.3747,-117.7772,Washington,0.0,0.0,0.0,0.0,70.2,0.0,0.0,0.0,0.0,0.0
219,24955,WA,Mayfield,3917,41,0,OP,HY,WAT,40.5,0.553,196200.25,76984.25,Distributed from 923 Generation And Fuel,1983,,TPWR,City of Tacoma  - (WA),46.5035,-122.5885,Washington,0.0,0.0,0.0,0.0,0.0,0.0,0.0,40.5,0.0,0.0
220,24956,WA,Mayfield,3917,42,0,OP,HY,WAT,40.5,0.553,196200.25,76984.25,Distributed from 923 Generation And Fuel,1963,,TPWR,City of Tacoma  - (WA),46.5035,-122.5885,Washington,0.0,0.0,0.0,0.0,0.0,0.0,0.0,40.5,0.0,0.0
221,24957,WA,Mayfield,3917,43,0,OP,HY,WAT,40.5,0.553,196200.25,76984.25,Distributed from 923 Generation And Fuel,1963,,TPWR,City of Tacoma  - (WA),46.5035,-122.5885,Washington,0.0,0.0,0.0,0.0,0.0,0.0,0.0,40.5,0.0,0.0
222,24958,WA,Mayfield,3917,44,0,OP,HY,WAT,40.5,0.553,196200.25,76984.25,Distributed from 923 Generation And Fuel,1963,,TPWR,City of Tacoma  - (WA),46.5035,-122.5885,Washington,0.0,0.0,0.0,0.0,0.0,0.0,0.0,40.5,0.0,0.0
223,24959,WA,McNary Dam Fish Attraction Project,7511,1,0,OP,HY,WAT,10,0,0,0,Distributed from 923 Generation And Fuel,1997,,BPAT,Bonneville Power Administration,45.940034,-119.299078,Washington,0.0,0.0,0.0,0.0,0.0,0.0,0.0,10.0,0.0,0.0
224,24960,WA,Merwin,3847,1,0,OP,HY,WAT,45,0.47,185332.5,72720,Distributed from 923 Generation And Fuel,1932,,PACW,PacifiCorp,45.9567,-122.554444,Washington,0.0,0.0,0.0,0.0,0.0,0.0,0.0,45.0,0.0,0.0
225,24961,WA,Merwin,3847,2,0,OP,HY,WAT,45,0.47,185332.5,72720,Distributed from 923 Generation And Fuel,1949,,PACW,PacifiCorp,45.9567,-122.554444,Washington,0.0,0.0,0.0,0.0,0.0,0.0,0.0,45.0,0.0,0.0
226,24962,WA,Merwin,3847,3,0,OP,HY,WAT,45,0.47,185332.5,72720,Distributed from 923 Generation And Fuel,1958,,PACW,PacifiCorp,45.9567,-122.554444,Washington,0.0,0.0,0.0,0.0,0.0,0.0,0.0,45.0,0.0,0.0
227,24963,WA,Merwin,3847,House,0,OP,HY,WAT,1,0.47,4118.5,1616,Distributed from 923 Generation And Fuel,1931,,PACW,PacifiCorp,45.9567,-122.554444,Washington,0.0,0.0,0.0,0.0,0.0,0.0,0.0,1.0,0.0,0.0
228,24964,WA,MESA 1,60016,A,0,OP,BA,MWH,1,,-28,-12.62,Data from EIA-923 Generator File overwritten with distributed data from EIA-923 Generation and Fuel,2015,,BPAT,PUD 1 of Snohomish County,47.936194,-122.246917,Washington,0.0,0.0,0.0,0.0,0.0,0.0,0.0,0.0,0.0,1.0
229,24965,WA,MESA 1,60016,B,0,OP,BA,MWH,1,,-28,-12.62,Data from EIA-923 Generator File overwritten with distributed data from EIA-923 Generation and Fuel,2016,,BPAT,PUD 1 of Snohomish County,47.936194,-122.246917,Washington,0.0,0.0,0.0,0.0,0.0,0.0,0.0,0.0,0.0,1.0
230,24967,WA,Meyers Falls,3868,UN1,0,OP,HY,WAT,0.9,0.954,7524.75,2952.75,Distributed from 923 Generation And Fuel,1915,,AVA,Avista Corp,48.5953,-118.0603,Washington,0.0,0.0,0.0,0.0,0.0,0.0,0.0,0.9,0.0,0.0
231,24968,WA,Meyers Falls,3868,UN2,0,OP,HY,WAT,0.3,0.954,2508.25,984.25,Distributed from 923 Generation And Fuel,1915,,AVA,Avista Corp,48.5953,-118.0603,Washington,0.0,0.0,0.0,0.0,0.0,0.0,0.0,0.3,0.0,0.0
232,24969,WA,Mint Farm Generating Station,55700,1STG,1,OP,CA,NG,133,0.378,440542,276591,EIA-923 Generator File,2008,,BPAT,Bonneville Power Administration,46.138824,-122.985506,Washington,133.0,0.0,0.0,0.0,0.0,0.0,0.0,0.0,0.0,0.0
233,24970,WA,Mint Farm Generating Station,55700,CTG1,0,OP,CT,NG,186,0.379,617406,371790,EIA-923 Generator File,2008,,BPAT,Bonneville Power Administration,46.138824,-122.985506,Washington,186.0,0.0,0.0,0.0,0.0,0.0,0.0,0.0,0.0,0.0
234,24971,WA,Monroe Street,9095,6,0,OP,HY,WAT,14.8,0.747,96851,38002,Distributed from 923 Generation And Fuel,1992,,AVA,Avista Corp,47.653611,-117.420556,Washington,0.0,0.0,0.0,0.0,0.0,0.0,0.0,14.8,0.0,0.0
235,24972,WA,Mossyrock,3918,51,0,OP,HY,WAT,150,0.457,601068,163109.5,Distributed from 923 Generation And Fuel,1968,,TPWR,City of Tacoma  - (WA),46.5347,-122.4247,Washington,0.0,0.0,0.0,0.0,0.0,0.0,0.0,150.0,0.0,0.0
236,24973,WA,Mossyrock,3918,52,0,OP,HY,WAT,150,0.457,601068,163109.5,Distributed from 923 Generation And Fuel,1968,,TPWR,City of Tacoma  - (WA),46.5347,-122.4247,Washington,0.0,0.0,0.0,0.0,0.0,0.0,0.0,150.0,0.0,0.0
237,24974,WA,Newhalem,9842,20,0,OP,HY,WAT,2.3,,-60,-23.542,Data from EIA-923 Generator File overwritten with distributed data from EIA-923 Generation and Fuel,1970,,SCL,City of Seattle - (WA),48.675944,-121.240826,Washington,0.0,0.0,0.0,0.0,0.0,0.0,0.0,2.3,0.0,0.0
238,24975,WA,Nine Canyon,7936,1,0,OP,WT,WND,95.9,0.293,245759,87633,Distributed from 923 Generation And Fuel,2002,,BPAT,PUD No 1 of Benton County,46.0958,-119.0964,Washington,0.0,0.0,0.0,0.0,95.9,0.0,0.0,0.0,0.0,0.0
239,24976,WA,Nine Mile,3869,1,0,OP,HY,WAT,8.8,0.33,25459.149,9989.638,Distributed from 923 Generation And Fuel,1910,,AVA,Avista Corp,47.769722,-117.537222,Washington,0.0,0.0,0.0,0.0,0.0,0.0,0.0,8.8,0.0,0.0
240,24977,WA,Nine Mile,3869,2,0,OP,HY,WAT,8.8,0.33,25459.149,9989.638,Distributed from 923 Generation And Fuel,1908,,AVA,Avista Corp,47.769722,-117.537222,Washington,0.0,0.0,0.0,0.0,0.0,0.0,0.0,8.8,0.0,0.0
241,24978,WA,Nine Mile,3869,3N,0,OP,HY,WAT,10,0.33,28930.851,11351.862,Distributed from 923 Generation And Fuel,1994,,AVA,Avista Corp,47.769722,-117.537222,Washington,0.0,0.0,0.0,0.0,0.0,0.0,0.0,10.0,0.0,0.0
242,24979,WA,Nine Mile,3869,4N,0,OP,HY,WAT,10,0.33,28930.851,11351.862,Distributed from 923 Generation And Fuel,1994,,AVA,Avista Corp,47.769722,-117.537222,Washington,0.0,0.0,0.0,0.0,0.0,0.0,0.0,10.0,0.0,0.0
243,24980,WA,Nippon Dynawave Packaging Longview WA,50187,TG1,2,OP,ST,BLQ,8,0.617,43246.753,17445,EIA-923 Generator File,1948,,BPAT,PUD No 1 of Cowlitz County,46.1236,-122.9728,Washington,0.0,0.0,0.0,0.0,0.0,0.0,0.0,0.0,0.0,8.0
244,24981,WA,Nippon Dynawave Packaging Longview WA,50187,TG2,2,OP,ST,BLQ,5,0.82,35906.95,13376,EIA-923 Generator File,1948,,BPAT,PUD No 1 of Cowlitz County,46.1236,-122.9728,Washington,0.0,0.0,0.0,0.0,0.0,0.0,0.0,0.0,0.0,5.0
245,24982,WA,Nippon Dynawave Packaging Longview WA,50187,TG4,2,OP,ST,BLQ,18,0.609,96039.427,40042,EIA-923 Generator File,1954,,BPAT,PUD No 1 of Cowlitz County,46.1236,-122.9728,Washington,0.0,0.0,0.0,0.0,0.0,0.0,0.0,0.0,0.0,18.0
246,24983,WA,Nippon Dynawave Packaging Longview WA,50187,TG5,1,OP,ST,WDS,31.4,0.396,108870.25,35818,EIA-923 Generator File,1976,,BPAT,PUD No 1 of Cowlitz County,46.1236,-122.9728,Washington,0.0,0.0,0.0,0.0,0.0,0.0,0.0,0.0,0.0,31.4
247,24984,WA,Nooksack Hydro,58696,GEN1,0,OP,HY,WAT,1.5,1.855,24374,9564,Distributed from 923 Generation And Fuel,1906,,PSEI,Puget Sound Energy Inc,48.907778,-121.814167,Washington,0.0,0.0,0.0,0.0,0.0,0.0,0.0,1.5,0.0,0.0
248,24985,WA,Northeast (WA),6210,1,0,OP,GT,NG,61.8,0.002,1087,567,Distributed from 923 Generation And Fuel,1978,,AVA,Avista Corp,47.73511,-117.370538,Washington,0.0,61.8,0.0,0.0,0.0,0.0,0.0,0.0,0.0,0.0
249,24986,WA,NPI USA Cogeneration Plant,58352,G-11,1,OP,ST,WDS,20,0.337,58989,26757,EIA-923 Generator File,2013,,BPAT,Bonneville Power Administration,48.134722,-123.465556,Washington,0.0,0.0,0.0,0.0,0.0,0.0,0.0,0.0,0.0,20.0
250,24987,WA,Orchard Avenue 1,50421,201,0,OP,HY,WAT,0.8,0.238,1669.5,655,Distributed from 923 Generation And Fuel,1987,,PACW,PacifiCorp,46.596413,-120.677489,Washington,0.0,0.0,0.0,0.0,0.0,0.0,0.0,0.8,0.0,0.0
251,24988,WA,Orchard Avenue 1,50421,301,0,OP,HY,WAT,0.8,0.238,1669.5,655,Distributed from 923 Generation And Fuel,1987,,PACW,PacifiCorp,46.596413,-120.677489,Washington,0.0,0.0,0.0,0.0,0.0,0.0,0.0,0.8,0.0,0.0
252,24989,WA,Packwood,3929,1,0,OP,HY,WAT,27.5,0.401,96505,37866,Distributed from 923 Generation And Fuel,1964,,BPAT,PUD No 1 of Lewis County,46.595833,-121.569444,Washington,0.0,0.0,0.0,0.0,0.0,0.0,0.0,27.5,0.0,0.0
253,24990,WA,Palouse,57530,1,0,OP,WT,WND,105.3,0.379,349771,115641,Distributed from 923 Generation And Fuel,2012,,AVA,Avista Corp,47.155833,-117.364444,Washington,0.0,0.0,0.0,0.0,105.3,0.0,0.0,0.0,0.0,0.0
254,24991,WA,PEC Headworks,7113,1,0,OP,HY,WAT,6.6,0.368,21280,8350,Distributed from 923 Generation And Fuel,1990,,GCPD,PUD No 2 of Grant County,47.159553,-119.896306,Washington,0.0,0.0,0.0,0.0,0.0,0.0,0.0,6.6,0.0,0.0
255,24992,WA,Port Townsend Paper,50544,GEN6,3,OP,ST,BLQ,7.5,0.473,31073.388,12721,EIA-923 Generator File,1986,,BPAT,PUD No 1 of Jefferson County,48.0931,-122.7958,Washington,0.0,0.0,0.0,0.0,0.0,0.0,0.0,0.0,0.0,7.5
256,24996,WA,Potholes East Canal 66.0,56697,1,0,OP,HY,WAT,2.3,0.449,9043,3548,Distributed from 923 Generation And Fuel,1985,,BPAT,Bonneville Power Administration,46.378469,-119.254443,Washington,0.0,0.0,0.0,0.0,0.0,0.0,0.0,2.3,0.0,0.0
257,24997,WA,Priest Rapids,3887,1,0,OP,HY,WAT,95,0.568,473054.27,181297.201,Distributed from 923 Generation And Fuel,1961,,BPAT,Bonneville Power Administration,46.6451,-119.908,Washington,0.0,0.0,0.0,0.0,0.0,0.0,0.0,95.0,0.0,0.0
258,24998,WA,Priest Rapids,3887,10,0,OP,HY,WAT,95,0.568,473054.27,181297.201,Distributed from 923 Generation And Fuel,1959,,BPAT,Bonneville Power Administration,46.6451,-119.908,Washington,0.0,0.0,0.0,0.0,0.0,0.0,0.0,95.0,0.0,0.0
259,24999,WA,Priest Rapids,3887,2,0,OP,HY,WAT,97.8,0.568,486996.922,186640.697,Distributed from 923 Generation And Fuel,1961,,BPAT,Bonneville Power Administration,46.6451,-119.908,Washington,0.0,0.0,0.0,0.0,0.0,0.0,0.0,97.8,0.0,0.0
260,25000,WA,Priest Rapids,3887,3,0,OP,HY,WAT,95,0.568,473054.27,181297.201,Distributed from 923 Generation And Fuel,1960,,BPAT,Bonneville Power Administration,46.6451,-119.908,Washington,0.0,0.0,0.0,0.0,0.0,0.0,0.0,95.0,0.0,0.0
261,25001,WA,Priest Rapids,3887,4,0,OP,HY,WAT,95,0.568,473054.27,181297.201,Distributed from 923 Generation And Fuel,1960,,BPAT,Bonneville Power Administration,46.6451,-119.908,Washington,0.0,0.0,0.0,0.0,0.0,0.0,0.0,95.0,0.0,0.0
262,25002,WA,Priest Rapids,3887,5,0,OP,HY,WAT,95,0.568,473054.27,181297.201,Distributed from 923 Generation And Fuel,1960,,BPAT,Bonneville Power Administration,46.6451,-119.908,Washington,0.0,0.0,0.0,0.0,0.0,0.0,0.0,95.0,0.0,0.0
263,25003,WA,Priest Rapids,3887,6,0,OP,HY,WAT,95,0.568,473054.27,181297.201,Distributed from 923 Generation And Fuel,1960,,BPAT,Bonneville Power Administration,46.6451,-119.908,Washington,0.0,0.0,0.0,0.0,0.0,0.0,0.0,95.0,0.0,0.0
264,25004,WA,Priest Rapids,3887,7,0,OP,HY,WAT,95,0.568,473054.27,181297.201,Distributed from 923 Generation And Fuel,1960,,BPAT,Bonneville Power Administration,46.6451,-119.908,Washington,0.0,0.0,0.0,0.0,0.0,0.0,0.0,95.0,0.0,0.0
265,25005,WA,Priest Rapids,3887,8,0,OP,HY,WAT,95,0.568,473054.27,181297.201,Distributed from 923 Generation And Fuel,1959,,BPAT,Bonneville Power Administration,46.6451,-119.908,Washington,0.0,0.0,0.0,0.0,0.0,0.0,0.0,95.0,0.0,0.0
266,25006,WA,Priest Rapids,3887,9,0,OP,HY,WAT,97.8,0.568,486996.922,186640.697,Distributed from 923 Generation And Fuel,1959,,BPAT,Bonneville Power Administration,46.6451,-119.908,Washington,0.0,0.0,0.0,0.0,0.0,0.0,0.0,97.8,0.0,0.0
267,25007,WA,Quincy Chute,917,1,0,OP,HY,WAT,9.4,0.319,26235,10294,Distributed from 923 Generation And Fuel,1985,,GCPD,PUD No 2 of Grant County,46.982514,-119.257764,Washington,0.0,0.0,0.0,0.0,0.0,0.0,0.0,9.4,0.0,0.0
268,25028,WA,River Road Gen Plant,7605,1,1,OP,CS,NG,248,0.663,1440649,593847,EIA-923 Generator File,1997,,BPAT,PUD No 1 of Clark County - (WA),45.6497,-122.7256,Washington,0.0,248.0,0.0,0.0,0.0,0.0,0.0,0.0,0.0,0.0
269,25029,WA,Rock Island,6200,A,0,OP,HY,WAT,1.2,0.484,5083.308,1974.011,Distributed from 923 Generation And Fuel,1931,,CHPD,PUD No 1 of Chelan County,47.346111,-120.0917,Washington,0.0,0.0,0.0,0.0,0.0,0.0,0.0,1.2,0.0,0.0
270,25030,WA,Rock Island,6200,B-1,0,OP,HY,WAT,20.7,0.484,87687.061,34051.697,Distributed from 923 Generation And Fuel,1931,,CHPD,PUD No 1 of Chelan County,47.346111,-120.0917,Washington,0.0,0.0,0.0,0.0,0.0,0.0,0.0,20.7,0.0,0.0
271,25031,WA,Rock Island,6200,B-10,0,OP,HY,WAT,22.5,0.484,95312.023,37012.714,Distributed from 923 Generation And Fuel,1953,,CHPD,PUD No 1 of Chelan County,47.346111,-120.0917,Washington,0.0,0.0,0.0,0.0,0.0,0.0,0.0,22.5,0.0,0.0
272,25032,WA,Rock Island,6200,B-2,0,OP,HY,WAT,20.7,0.484,87687.061,34051.697,Distributed from 923 Generation And Fuel,1931,,CHPD,PUD No 1 of Chelan County,47.346111,-120.0917,Washington,0.0,0.0,0.0,0.0,0.0,0.0,0.0,20.7,0.0,0.0
273,25033,WA,Rock Island,6200,B-3,0,OP,HY,WAT,20.7,0.484,87687.061,34051.697,Distributed from 923 Generation And Fuel,1932,,CHPD,PUD No 1 of Chelan County,47.346111,-120.0917,Washington,0.0,0.0,0.0,0.0,0.0,0.0,0.0,20.7,0.0,0.0
274,25034,WA,Rock Island,6200,B-4,0,OP,HY,WAT,20.7,0.484,87687.061,34051.697,Distributed from 923 Generation And Fuel,1932,,CHPD,PUD No 1 of Chelan County,47.346111,-120.0917,Washington,0.0,0.0,0.0,0.0,0.0,0.0,0.0,20.7,0.0,0.0
275,25035,WA,Rock Island,6200,B-5,0,OP,HY,WAT,22.5,0.484,95312.023,37012.714,Distributed from 923 Generation And Fuel,1952,,CHPD,PUD No 1 of Chelan County,47.346111,-120.0917,Washington,0.0,0.0,0.0,0.0,0.0,0.0,0.0,22.5,0.0,0.0
276,25036,WA,Rock Island,6200,B-6,0,OP,HY,WAT,22.5,0.484,95312.023,37012.714,Distributed from 923 Generation And Fuel,1952,,CHPD,PUD No 1 of Chelan County,47.346111,-120.0917,Washington,0.0,0.0,0.0,0.0,0.0,0.0,0.0,22.5,0.0,0.0
277,25037,WA,Rock Island,6200,B-7,0,OP,HY,WAT,22.5,0.484,95312.023,37012.714,Distributed from 923 Generation And Fuel,1952,,CHPD,PUD No 1 of Chelan County,47.346111,-120.0917,Washington,0.0,0.0,0.0,0.0,0.0,0.0,0.0,22.5,0.0,0.0
278,25038,WA,Rock Island,6200,B-8,0,OP,HY,WAT,22.5,0.484,95312.023,37012.714,Distributed from 923 Generation And Fuel,1953,,CHPD,PUD No 1 of Chelan County,47.346111,-120.0917,Washington,0.0,0.0,0.0,0.0,0.0,0.0,0.0,22.5,0.0,0.0
279,25039,WA,Rock Island,6200,B-9,0,OP,HY,WAT,22.5,0.484,95312.023,37012.714,Distributed from 923 Generation And Fuel,1953,,CHPD,PUD No 1 of Chelan County,47.346111,-120.0917,Washington,0.0,0.0,0.0,0.0,0.0,0.0,0.0,22.5,0.0,0.0
280,25040,WA,Rock Island,6200,U-1,0,OP,HY,WAT,51.3,0.484,217311.413,84388.989,Distributed from 923 Generation And Fuel,1979,,CHPD,PUD No 1 of Chelan County,47.346111,-120.0917,Washington,0.0,0.0,0.0,0.0,0.0,0.0,0.0,51.3,0.0,0.0
281,25041,WA,Rock Island,6200,U-2,0,OP,HY,WAT,51.3,0.484,217311.413,84388.989,Distributed from 923 Generation And Fuel,1979,,CHPD,PUD No 1 of Chelan County,47.346111,-120.0917,Washington,0.0,0.0,0.0,0.0,0.0,0.0,0.0,51.3,0.0,0.0
282,25042,WA,Rock Island,6200,U-3,0,OP,HY,WAT,51.3,0.484,217311.413,84388.989,Distributed from 923 Generation And Fuel,1979,,CHPD,PUD No 1 of Chelan County,47.346111,-120.0917,Washington,0.0,0.0,0.0,0.0,0.0,0.0,0.0,51.3,0.0,0.0
283,25043,WA,Rock Island,6200,U-4,0,OP,HY,WAT,51.3,0.484,217311.413,84388.989,Distributed from 923 Generation And Fuel,1979,,CHPD,PUD No 1 of Chelan County,47.346111,-120.0917,Washington,0.0,0.0,0.0,0.0,0.0,0.0,0.0,51.3,0.0,0.0
284,25044,WA,Rock Island,6200,U-5,0,OP,HY,WAT,51.3,0.484,217311.413,84388.989,Distributed from 923 Generation And Fuel,1978,,CHPD,PUD No 1 of Chelan County,47.346111,-120.0917,Washington,0.0,0.0,0.0,0.0,0.0,0.0,0.0,51.3,0.0,0.0
285,25045,WA,Rock Island,6200,U-6,0,OP,HY,WAT,51.3,0.484,217311.413,84388.989,Distributed from 923 Generation And Fuel,1978,,CHPD,PUD No 1 of Chelan County,47.346111,-120.0917,Washington,0.0,0.0,0.0,0.0,0.0,0.0,0.0,51.3,0.0,0.0
286,25046,WA,Rock Island,6200,U-7,0,OP,HY,WAT,51.3,0.484,217311.413,84388.989,Distributed from 923 Generation And Fuel,1978,,CHPD,PUD No 1 of Chelan County,47.346111,-120.0917,Washington,0.0,0.0,0.0,0.0,0.0,0.0,0.0,51.3,0.0,0.0
287,25047,WA,Rock Island,6200,U-8,0,OP,HY,WAT,51.3,0.484,217311.413,84388.989,Distributed from 923 Generation And Fuel,1978,,CHPD,PUD No 1 of Chelan County,47.346111,-120.0917,Washington,0.0,0.0,0.0,0.0,0.0,0.0,0.0,51.3,0.0,0.0
288,25049,WA,Rocky Reach,3883,C-1,0,OP,HY,WAT,114,0.533,532406.053,216611.491,Distributed from 923 Generation And Fuel,1961,,CHPD,PUD No 1 of Chelan County,47.533611,-120.295278,Washington,0.0,0.0,0.0,0.0,0.0,0.0,0.0,114.0,0.0,0.0
289,25050,WA,Rocky Reach,3883,C-10,0,OP,HY,WAT,125.4,0.533,585646.658,238272.64,Distributed from 923 Generation And Fuel,1974,,CHPD,PUD No 1 of Chelan County,47.533611,-120.295278,Washington,0.0,0.0,0.0,0.0,0.0,0.0,0.0,125.4,0.0,0.0
290,25051,WA,Rocky Reach,3883,C-11,0,OP,HY,WAT,125.4,0.533,585646.658,238272.64,Distributed from 923 Generation And Fuel,1974,,CHPD,PUD No 1 of Chelan County,47.533611,-120.295278,Washington,0.0,0.0,0.0,0.0,0.0,0.0,0.0,125.4,0.0,0.0
291,25052,WA,Rocky Reach,3883,C-2,0,OP,HY,WAT,114,0.533,532406.053,216611.491,Distributed from 923 Generation And Fuel,1961,,CHPD,PUD No 1 of Chelan County,47.533611,-120.295278,Washington,0.0,0.0,0.0,0.0,0.0,0.0,0.0,114.0,0.0,0.0
292,25053,WA,Rocky Reach,3883,C-3,0,OP,HY,WAT,114,0.533,532406.053,216611.491,Distributed from 923 Generation And Fuel,1961,,CHPD,PUD No 1 of Chelan County,47.533611,-120.295278,Washington,0.0,0.0,0.0,0.0,0.0,0.0,0.0,114.0,0.0,0.0
293,25054,WA,Rocky Reach,3883,C-4,0,OP,HY,WAT,114,0.533,532406.053,216611.491,Distributed from 923 Generation And Fuel,1961,,CHPD,PUD No 1 of Chelan County,47.533611,-120.295278,Washington,0.0,0.0,0.0,0.0,0.0,0.0,0.0,114.0,0.0,0.0
294,25055,WA,Rocky Reach,3883,C-5,0,OP,HY,WAT,114,0.533,532406.053,216611.491,Distributed from 923 Generation And Fuel,1961,,CHPD,PUD No 1 of Chelan County,47.533611,-120.295278,Washington,0.0,0.0,0.0,0.0,0.0,0.0,0.0,114.0,0.0,0.0
295,25056,WA,Rocky Reach,3883,C-6,0,OP,HY,WAT,114,0.533,532406.053,216611.491,Distributed from 923 Generation And Fuel,1961,,CHPD,PUD No 1 of Chelan County,47.533611,-120.295278,Washington,0.0,0.0,0.0,0.0,0.0,0.0,0.0,114.0,0.0,0.0
296,25057,WA,Rocky Reach,3883,C-7,0,OP,HY,WAT,114,0.533,532406.053,216611.491,Distributed from 923 Generation And Fuel,1961,,CHPD,PUD No 1 of Chelan County,47.533611,-120.295278,Washington,0.0,0.0,0.0,0.0,0.0,0.0,0.0,114.0,0.0,0.0
297,25058,WA,Rocky Reach,3883,C-8,0,OP,HY,WAT,125.4,0.533,585646.658,238272.64,Distributed from 923 Generation And Fuel,1973,,CHPD,PUD No 1 of Chelan County,47.533611,-120.295278,Washington,0.0,0.0,0.0,0.0,0.0,0.0,0.0,125.4,0.0,0.0
298,25059,WA,Rocky Reach,3883,C-9,0,OP,HY,WAT,125.4,0.533,585646.658,238272.64,Distributed from 923 Generation And Fuel,1973,,CHPD,PUD No 1 of Chelan County,47.533611,-120.295278,Washington,0.0,0.0,0.0,0.0,0.0,0.0,0.0,125.4,0.0,0.0
299,25060,WA,Roosevelt Biogas 1,7832,1,0,OP,IC,LFG,2.1,0,0,0,Distributed from 923 Generation And Fuel,1999,,BPAT,PUD No 1 of Klickitat County,45.801549,-120.167176,Washington,0.0,0.0,0.0,0.0,0.0,0.0,0.0,0.0,0.0,2.1
300,25061,WA,Roosevelt Biogas 1,7832,2,0,OP,IC,LFG,2.1,0,0,0,Distributed from 923 Generation And Fuel,1999,,BPAT,PUD No 1 of Klickitat County,45.801549,-120.167176,Washington,0.0,0.0,0.0,0.0,0.0,0.0,0.0,0.0,0.0,2.1
301,25062,WA,Roosevelt Biogas 1,7832,3,0,OP,IC,LFG,2.1,0,0,0,Distributed from 923 Generation And Fuel,1999,,BPAT,PUD No 1 of Klickitat County,45.801549,-120.167176,Washington,0.0,0.0,0.0,0.0,0.0,0.0,0.0,0.0,0.0,2.1
302,25063,WA,Roosevelt Biogas 1,7832,4,0,OP,IC,LFG,2.1,0,0,0,Distributed from 923 Generation And Fuel,1999,,BPAT,PUD No 1 of Klickitat County,45.801549,-120.167176,Washington,0.0,0.0,0.0,0.0,0.0,0.0,0.0,0.0,0.0,2.1
303,25064,WA,Roosevelt Biogas 1,7832,5,0,OP,IC,LFG,2.1,0,0,0,Distributed from 923 Generation And Fuel,2000,,BPAT,PUD No 1 of Klickitat County,45.801549,-120.167176,Washington,0.0,0.0,0.0,0.0,0.0,0.0,0.0,0.0,0.0,2.1
304,25065,WA,Roosevelt Biogas 1,7832,7,0,OP,CT,LFG,10,0.546,47787,12526,EIA-923 Generator File,2011,,BPAT,PUD No 1 of Klickitat County,45.801549,-120.167176,Washington,0.0,0.0,0.0,0.0,0.0,0.0,0.0,0.0,0.0,10.0
305,25066,WA,Roosevelt Biogas 1,7832,8,0,OP,CT,LFG,10,0.726,63633,28535,EIA-923 Generator File,2011,,BPAT,PUD No 1 of Klickitat County,45.801549,-120.167176,Washington,0.0,0.0,0.0,0.0,0.0,0.0,0.0,0.0,0.0,10.0
306,25067,WA,Roosevelt Biogas 1,7832,9,1,OP,CA,LFG,6,0.669,35137,13126,EIA-923 Generator File,2011,,BPAT,PUD No 1 of Klickitat County,45.801549,-120.167176,Washington,0.0,0.0,0.0,0.0,0.0,0.0,0.0,0.0,0.0,6.0
307,25069,WA,Ross,6202,41,0,OP,HY,WAT,112.5,0.2,197373.5,62642,Distributed from 923 Generation And Fuel,1956,,SCL,City of Seattle - (WA),48.732577,-121.06788,Washington,0.0,0.0,0.0,0.0,0.0,0.0,0.0,112.5,0.0,0.0
308,25070,WA,Ross,6202,42,0,OP,HY,WAT,112.5,0.2,197373.5,62642,Distributed from 923 Generation And Fuel,1954,,SCL,City of Seattle - (WA),48.732577,-121.06788,Washington,0.0,0.0,0.0,0.0,0.0,0.0,0.0,112.5,0.0,0.0
309,25071,WA,Ross,6202,43,0,OP,HY,WAT,112.5,0.2,197373.5,62642,Distributed from 923 Generation And Fuel,1953,,SCL,City of Seattle - (WA),48.732577,-121.06788,Washington,0.0,0.0,0.0,0.0,0.0,0.0,0.0,112.5,0.0,0.0
310,25072,WA,Ross,6202,44,0,OP,HY,WAT,112.5,0.2,197373.5,62642,Distributed from 923 Generation And Fuel,1952,,SCL,City of Seattle - (WA),48.732577,-121.06788,Washington,0.0,0.0,0.0,0.0,0.0,0.0,0.0,112.5,0.0,0.0
311,25073,WA,Roza,6407,1,0,OP,HY,WAT,12.9,0.598,67630,26536,Distributed from 923 Generation And Fuel,1958,,BPAT,Bonneville Power Administration,46.618413,-120.477759,Washington,0.0,0.0,0.0,0.0,0.0,0.0,0.0,12.9,0.0,0.0
312,25074,WA,Russell D Smith,56694,1,0,OP,HY,WAT,6.1,0.287,15332,6016,Distributed from 923 Generation And Fuel,1982,,BPAT,Bonneville Power Administration,46.7392,-119.1122,Washington,0.0,0.0,0.0,0.0,0.0,0.0,0.0,6.1,0.0,0.0
313,25075,WA,Sagebrush Power Partners,56858,GEN1,0,OP,WT,WND,100.7,0.285,251119,161655,Distributed from 923 Generation And Fuel,2010,,BPAT,Bonneville Power Administration,47.1356,-120.6872,Washington,0.0,0.0,0.0,0.0,100.7,0.0,0.0,0.0,0.0,0.0
314,25077,WA,SDS Lumber Gorge Energy Division,50231,TG3,1,OP,ST,WDS,5,0.166,7256,4011,EIA-923 Generator File,2002,,BPAT,PUD No 1 of Klickitat County,45.713079,-121.469178,Washington,0.0,0.0,0.0,0.0,0.0,0.0,0.0,0.0,0.0,5.0
315,25079,WA,Sheep Creek Hydro,50091,TB1,0,OP,HY,WAT,1.3,0.756,8611.688,3379.188,Distributed from 923 Generation And Fuel,1986,,AVA,Avista Corp,48.947741,-117.795376,Washington,0.0,0.0,0.0,0.0,0.0,0.0,0.0,1.3,0.0,0.0
316,25081,WA,Sierra Pacific Aberdeen,55882,GEN1,1,OP,ST,WDS,18,0.753,118696,49376,EIA-923 Generator File,2003,,BPAT,PUD No 1 of Grays Harbor County,46.9728,-123.7739,Washington,0.0,0.0,0.0,0.0,0.0,0.0,0.0,0.0,0.0,18.0
317,25082,WA,Sierra Pacific Burlington Facility,56406,GEN1,1,OP,ST,WDS,28,0.702,172281,73891,EIA-923 Generator File,2007,,PSEI,Puget Sound Energy Inc,48.4481,-122.4331,Washington,0.0,0.0,0.0,0.0,0.0,0.0,0.0,0.0,0.0,28.0
318,25083,WA,Skookumchuck,7259,1,0,OP,HY,WAT,1,0.508,4451,1746,Distributed from 923 Generation And Fuel,1990,,BPAT,Bonneville Power Administration,46.7844,-122.7197,Washington,0.0,0.0,0.0,0.0,0.0,0.0,0.0,1.0,0.0,0.0
319,25088,WA,Snoqualmie,3860,5A,0,OP,HY,WAT,6.8,0.462,27537.924,10805.252,Distributed from 923 Generation And Fuel,2013,,PSEI,Puget Sound Energy Inc,47.54011,-121.83702,Washington,0.0,0.0,0.0,0.0,0.0,0.0,0.0,6.8,0.0,0.0
320,25090,WA,Snoqualmie 2,7867,6A,0,OP,HY,WAT,14.4,0.45,56758.326,22270.512,Distributed from 923 Generation And Fuel,2013,,PSEI,Puget Sound Energy Inc,47.5445,-121.8414,Washington,0.0,0.0,0.0,0.0,0.0,0.0,0.0,14.4,0.0,0.0
321,25091,WA,Snoqualmie 2,7867,7,0,OP,HY,WAT,24.3,0.45,95779.674,37581.488,Distributed from 923 Generation And Fuel,1957,,PSEI,Puget Sound Energy Inc,47.5445,-121.8414,Washington,0.0,0.0,0.0,0.0,0.0,0.0,0.0,24.3,0.0,0.0
322,25093,WA,South Fork Tolt,622,1,0,OP,HY,WAT,16.8,0.354,52101,20443,Distributed from 923 Generation And Fuel,1995,,SCL,City of Seattle - (WA),47.699167,-121.783333,Washington,0.0,0.0,0.0,0.0,0.0,0.0,0.0,16.8,0.0,0.0
323,25095,WA,Spokane Waste to Energy,50886,GEN1,2,OP,ST,MSW,26,0.538,122486,55640,EIA-923 Generator File,1991,,AVA,Avista Corp,47.626327,-117.50424,Washington,0.0,0.0,0.0,0.0,0.0,0.0,0.0,0.0,0.0,26.0
324,25100,WA,Sumas Power Plant,54476,GEN1,0,OP,CT,NG,87.8,0.36,276561,142240,EIA-923 Generator File,1993,,PSEI,Puget Sound Energy Inc,48.9905,-122.2733,Washington,87.8,0.0,0.0,0.0,0.0,0.0,0.0,0.0,0.0,0.0
325,25101,WA,Sumas Power Plant,54476,GEN2,1,OP,CA,NG,37.7,0.359,118434,60924,EIA-923 Generator File,1993,,PSEI,Puget Sound Energy Inc,48.9905,-122.2733,Washington,37.7,0.0,0.0,0.0,0.0,0.0,0.0,0.0,0.0,0.0
326,25102,WA,Summer Falls Power Plant,56695,1,0,OP,HY,WAT,46,0.472,190025,74561,Distributed from 923 Generation And Fuel,1985,,AVA,Avista Corp,47.5025,-119.2917,Washington,0.0,0.0,0.0,0.0,0.0,0.0,0.0,46.0,0.0,0.0
327,25103,WA,Summer Falls Power Plant,56695,2,0,OP,HY,WAT,46,0.472,190025,74561,Distributed from 923 Generation And Fuel,1985,,AVA,Avista Corp,47.5025,-119.2917,Washington,0.0,0.0,0.0,0.0,0.0,0.0,0.0,46.0,0.0,0.0
328,25104,WA,Swauk Wind LLC,58441,SW,0,OP,WT,WND,4.3,0.297,11178,4961,Distributed from 923 Generation And Fuel,2012,,PSEI,Puget Sound Energy Inc,47.139167,-120.753056,Washington,0.0,0.0,0.0,0.0,4.3,0.0,0.0,0.0,0.0,0.0
329,25105,WA,Swift 1,3850,HY11,0,OP,HY,WAT,80,0.362,253864,42338,Distributed from 923 Generation And Fuel,1958,,PACW,PacifiCorp,46.060833,-122.201667,Washington,0.0,0.0,0.0,0.0,0.0,0.0,0.0,80.0,0.0,0.0
330,25106,WA,Swift 1,3850,HY12,0,OP,HY,WAT,80,0.362,253864,42338,Distributed from 923 Generation And Fuel,1958,,PACW,PacifiCorp,46.060833,-122.201667,Washington,0.0,0.0,0.0,0.0,0.0,0.0,0.0,80.0,0.0,0.0
331,25107,WA,Swift 1,3850,HY13,0,OP,HY,WAT,80,0.362,253864,42338,Distributed from 923 Generation And Fuel,1958,,PACW,PacifiCorp,46.060833,-122.201667,Washington,0.0,0.0,0.0,0.0,0.0,0.0,0.0,80.0,0.0,0.0
332,25110,WA,Tieton Dam Hydro Electric Project,57496,UNIT1,0,OP,HY,WAT,6.9,0.444,26861,10539.5,Distributed from 923 Generation And Fuel,2006,,PACW,Benton Rural Electric Assn,46.658,-121.1287,Washington,0.0,0.0,0.0,0.0,0.0,0.0,0.0,6.9,0.0,0.0
333,25111,WA,Tieton Dam Hydro Electric Project,57496,UNIT2,0,OP,HY,WAT,6.9,0.444,26861,10539.5,Distributed from 923 Generation And Fuel,2006,,PACW,Benton Rural Electric Assn,46.658,-121.1287,Washington,0.0,0.0,0.0,0.0,0.0,0.0,0.0,6.9,0.0,0.0
334,25112,WA,Transalta Centralia Generation,3845,1,1,OP,ST,RC,729.9,0.333,2128325,1171352,EIA-923 Generator File,1972,2020,BPAT,Bonneville Power Administration,46.755938,-122.859764,Washington,0.0,0.0,0.0,0.0,0.0,0.0,0.0,0.0,0.0,729.9
335,25113,WA,Transalta Centralia Generation,3845,2,1,OP,ST,RC,729.9,0.383,2448510,1223568,EIA-923 Generator File,1973,2025,BPAT,Bonneville Power Administration,46.755938,-122.859764,Washington,0.0,0.0,0.0,0.0,0.0,0.0,0.0,0.0,0.0,729.9
336,25119,WA,Tucannon River Wind Farm,58571,1,0,OP,WT,WND,266.8,0.372,869351,358239,Distributed from 923 Generation And Fuel,2014,,BPAT,Bonneville Power Administration,46.421111,-118.026944,Washington,0.0,0.0,0.0,0.0,266.8,0.0,0.0,0.0,0.0,0.0
337,25120,WA,Tuolumne Wind Project,56702,WPT1,0,OP,WT,WND,136.3,0.324,386317,199737,Distributed from 923 Generation And Fuel,2009,,BPAT,Bonneville Power Administration,45.8797,-120.8072,Washington,0.0,0.0,0.0,0.0,136.3,0.0,0.0,0.0,0.0,0.0
338,25121,WA,Turner Energy Storage Project,60675,TES,0,OP,BA,MWH,1.2,,-468,-210.932,Data from EIA-923 Generator File overwritten with distributed data from EIA-923 Generation and Fuel,2014,,AVA,Avista Corp,46.751832,-117.161386,Washington,0.0,0.0,0.0,0.0,0.0,0.0,0.0,0.0,0.0,1.2
339,25122,WA,Twin Falls Hydro,50827,UNI1,0,OP,HY,WAT,12,0.38,39922.5,15664.5,Distributed from 923 Generation And Fuel,1989,,PSEI,Puget Sound Energy Inc,47.444554,-121.687812,Washington,0.0,0.0,0.0,0.0,0.0,0.0,0.0,12.0,0.0,0.0
340,25123,WA,Twin Falls Hydro,50827,UNI2,0,OP,HY,WAT,12,0.38,39922.5,15664.5,Distributed from 923 Generation And Fuel,1989,,PSEI,Puget Sound Energy Inc,47.444554,-121.687812,Washington,0.0,0.0,0.0,0.0,0.0,0.0,0.0,12.0,0.0,0.0
341,25124,WA,Twin Reservoirs,50382,GEN1,0,OP,HY,WAT,2.2,0.621,11976,4699,Distributed from 923 Generation And Fuel,1988,,BPAT,"Columbia Rural Elec Assn, Inc",46.088333,-118.254722,Washington,0.0,0.0,0.0,0.0,0.0,0.0,0.0,2.2,0.0,0.0
342,25130,WA,University of Washington Power Plant,54809,TG2,0,OP,ST,NG,5,0.452,19812.25,0,EIA-923 Generator File,1969,,SCL,City of Seattle - (WA),47.6539,-122.3036,Washington,5.0,0.0,0.0,0.0,0.0,0.0,0.0,0.0,0.0,0.0
343,25131,WA,Upper Baker,3861,1,0,OP,HY,WAT,52.4,0.402,184552.5,72414,Distributed from 923 Generation And Fuel,1959,,PSEI,Puget Sound Energy Inc,48.649,-121.6907,Washington,0.0,0.0,0.0,0.0,0.0,0.0,0.0,52.4,0.0,0.0
344,25132,WA,Upper Baker,3861,2,0,OP,HY,WAT,52.4,0.402,184552.5,72414,Distributed from 923 Generation And Fuel,1959,,PSEI,Puget Sound Energy Inc,48.649,-121.6907,Washington,0.0,0.0,0.0,0.0,0.0,0.0,0.0,52.4,0.0,0.0
345,25133,WA,Upper Falls,9096,1,0,OP,HY,WAT,10,0.716,62708,24605,Distributed from 923 Generation And Fuel,1922,,AVA,Avista Corp,47.654444,-117.418889,Washington,0.0,0.0,0.0,0.0,0.0,0.0,0.0,10.0,0.0,0.0
346,25134,WA,Upriver Dam Hydro Plant,50380,GEN1,0,OP,HY,WAT,2,0.372,6517.159,1207.045,Distributed from 923 Generation And Fuel,1936,,AVA,Avista Corp,47.6822,-117.3319,Washington,0.0,0.0,0.0,0.0,0.0,0.0,0.0,2.0,0.0,0.0
347,25135,WA,Upriver Dam Hydro Plant,50380,GEN2,0,OP,HY,WAT,2,0.372,6517.159,1207.045,Distributed from 923 Generation And Fuel,1936,,AVA,Avista Corp,47.6822,-117.3319,Washington,0.0,0.0,0.0,0.0,0.0,0.0,0.0,2.0,0.0,0.0
348,25136,WA,Upriver Dam Hydro Plant,50380,GEN3,0,OP,HY,WAT,2,0.372,6517.159,1207.045,Distributed from 923 Generation And Fuel,1936,,AVA,Avista Corp,47.6822,-117.3319,Washington,0.0,0.0,0.0,0.0,0.0,0.0,0.0,2.0,0.0,0.0
349,25137,WA,Upriver Dam Hydro Plant,50380,GEN4,0,OP,HY,WAT,5.8,0.372,18899.761,3500.432,Distributed from 923 Generation And Fuel,1984,,AVA,Avista Corp,47.6822,-117.3319,Washington,0.0,0.0,0.0,0.0,0.0,0.0,0.0,5.8,0.0,0.0
350,25138,WA,Upriver Dam Hydro Plant,50380,GEN5,0,OP,HY,WAT,5.8,0.372,18899.761,3500.432,Distributed from 923 Generation And Fuel,1984,,AVA,Avista Corp,47.6822,-117.3319,Washington,0.0,0.0,0.0,0.0,0.0,0.0,0.0,5.8,0.0,0.0
351,25139,WA,Vantage Wind Energy LLC,57188,1,0,OP,WT,WND,90,0.328,258876,139142,Distributed from 923 Generation And Fuel,2010,,PSEI,Puget Sound Energy Inc,46.9547,-120.1819,Washington,0.0,0.0,0.0,0.0,90.0,0.0,0.0,0.0,0.0,0.0
352,25140,WA,Wanapum,3888,10A,0,OP,HY,WAT,122,0.52,555361.399,220443.971,Distributed from 923 Generation And Fuel,2014,,GCPD,PUD No 2 of Grant County,46.8731,-119.9703,Washington,0.0,0.0,0.0,0.0,0.0,0.0,0.0,122.0,0.0,0.0
353,25141,WA,Wanapum,3888,1A,0,OP,HY,WAT,122,0.52,555361.399,220443.971,Distributed from 923 Generation And Fuel,2013,,GCPD,PUD No 2 of Grant County,46.8731,-119.9703,Washington,0.0,0.0,0.0,0.0,0.0,0.0,0.0,122.0,0.0,0.0
354,25142,WA,Wanapum,3888,2A,0,OP,HY,WAT,122,0.52,555361.399,220443.971,Distributed from 923 Generation And Fuel,2012,,GCPD,PUD No 2 of Grant County,46.8731,-119.9703,Washington,0.0,0.0,0.0,0.0,0.0,0.0,0.0,122.0,0.0,0.0
355,25143,WA,Wanapum,3888,4,0,OP,HY,WAT,103.8,0.52,472512.403,187558.067,Distributed from 923 Generation And Fuel,1963,2019,GCPD,PUD No 2 of Grant County,46.8731,-119.9703,Washington,0.0,0.0,0.0,0.0,0.0,0.0,0.0,103.8,0.0,0.0
356,25144,WA,Wanapum,3888,5A,0,OP,HY,WAT,122,0.52,555361.399,220443.971,Distributed from 923 Generation And Fuel,2012,,GCPD,PUD No 2 of Grant County,46.8731,-119.9703,Washington,0.0,0.0,0.0,0.0,0.0,0.0,0.0,122.0,0.0,0.0
357,25145,WA,Wanapum,3888,6A,0,OP,HY,WAT,122,0.52,555361.399,220443.971,Distributed from 923 Generation And Fuel,2016,,GCPD,PUD No 2 of Grant County,46.8731,-119.9703,Washington,0.0,0.0,0.0,0.0,0.0,0.0,0.0,122.0,0.0,0.0
358,25146,WA,Wanapum,3888,7A,0,OP,HY,WAT,122,0.52,555361.399,220443.971,Distributed from 923 Generation And Fuel,2011,,GCPD,PUD No 2 of Grant County,46.8731,-119.9703,Washington,0.0,0.0,0.0,0.0,0.0,0.0,0.0,122.0,0.0,0.0
359,25147,WA,Wanapum,3888,8,0,OP,HY,WAT,103.8,0.52,472512.403,187558.067,Distributed from 923 Generation And Fuel,1963,2017,GCPD,PUD No 2 of Grant County,46.8731,-119.9703,Washington,0.0,0.0,0.0,0.0,0.0,0.0,0.0,103.8,0.0,0.0
360,25148,WA,Wanapum,3888,9A,0,OP,HY,WAT,122,0.52,555361.399,220443.971,Distributed from 923 Generation And Fuel,2015,,GCPD,PUD No 2 of Grant County,46.8731,-119.9703,Washington,0.0,0.0,0.0,0.0,0.0,0.0,0.0,122.0,0.0,0.0
361,25161,WA,Weeks Falls,54387,GEN1,0,OP,HY,WAT,4.3,0.295,11111,4360,Distributed from 923 Generation And Fuel,1990,,PSEI,Puget Sound Energy Inc,47.43348,-121.6483,Washington,0.0,0.0,0.0,0.0,0.0,0.0,0.0,4.3,0.0,0.0
362,25162,WA,Wells,3886,U-1,0,OP,HY,WAT,77.4,0.637,432097.8,176369.6,Distributed from 923 Generation And Fuel,1967,,DOPD,PUD No 1 of Douglas County,47.9469,-119.8653,Washington,0.0,0.0,0.0,0.0,0.0,0.0,0.0,77.4,0.0,0.0
363,25163,WA,Wells,3886,U-10,0,OP,HY,WAT,77.4,0.637,432097.8,176369.6,Distributed from 923 Generation And Fuel,1969,,DOPD,PUD No 1 of Douglas County,47.9469,-119.8653,Washington,0.0,0.0,0.0,0.0,0.0,0.0,0.0,77.4,0.0,0.0
364,25164,WA,Wells,3886,U-2,0,OP,HY,WAT,77.4,0.637,432097.8,176369.6,Distributed from 923 Generation And Fuel,1967,,DOPD,PUD No 1 of Douglas County,47.9469,-119.8653,Washington,0.0,0.0,0.0,0.0,0.0,0.0,0.0,77.4,0.0,0.0
365,25165,WA,Wells,3886,U-3,0,OP,HY,WAT,77.4,0.637,432097.8,176369.6,Distributed from 923 Generation And Fuel,1967,,DOPD,PUD No 1 of Douglas County,47.9469,-119.8653,Washington,0.0,0.0,0.0,0.0,0.0,0.0,0.0,77.4,0.0,0.0
366,25167,WA,Wells,3886,U-5,0,OP,HY,WAT,77.4,0.637,432097.8,176369.6,Distributed from 923 Generation And Fuel,1967,,DOPD,PUD No 1 of Douglas County,47.9469,-119.8653,Washington,0.0,0.0,0.0,0.0,0.0,0.0,0.0,77.4,0.0,0.0
367,25168,WA,Wells,3886,U-6,0,OP,HY,WAT,77.4,0.637,432097.8,176369.6,Distributed from 923 Generation And Fuel,1967,,DOPD,PUD No 1 of Douglas County,47.9469,-119.8653,Washington,0.0,0.0,0.0,0.0,0.0,0.0,0.0,77.4,0.0,0.0
368,25169,WA,Wells,3886,U-7,0,OP,HY,WAT,77.4,0.637,432097.8,176369.6,Distributed from 923 Generation And Fuel,1967,,DOPD,PUD No 1 of Douglas County,47.9469,-119.8653,Washington,0.0,0.0,0.0,0.0,0.0,0.0,0.0,77.4,0.0,0.0
369,25170,WA,Wells,3886,U-8,0,OP,HY,WAT,77.4,0.637,432097.8,176369.6,Distributed from 923 Generation And Fuel,1968,,DOPD,PUD No 1 of Douglas County,47.9469,-119.8653,Washington,0.0,0.0,0.0,0.0,0.0,0.0,0.0,77.4,0.0,0.0
370,25171,WA,Wells,3886,U-9,0,OP,HY,WAT,77.4,0.637,432097.8,176369.6,Distributed from 923 Generation And Fuel,1969,,DOPD,PUD No 1 of Douglas County,47.9469,-119.8653,Washington,0.0,0.0,0.0,0.0,0.0,0.0,0.0,77.4,0.0,0.0
371,25172,WA,West Point Treatment Plant,50329,4,0,OP,IC,OBG,2.3,0.391,7872,3103,Distributed from 923 Generation And Fuel,2012,,SCL,City of Seattle - (WA),47.661111,-122.446389,Washington,0.0,0.0,0.0,0.0,0.0,0.0,0.0,0.0,0.0,2.3
372,25173,WA,West Point Treatment Plant,50329,5,0,OP,IC,OBG,2.3,0.391,7872,3103,Distributed from 923 Generation And Fuel,2012,,SCL,City of Seattle - (WA),47.661111,-122.446389,Washington,0.0,0.0,0.0,0.0,0.0,0.0,0.0,0.0,0.0,2.3
373,25174,WA,WestRock (WA),57099,STG1,2,OP,ST,BLQ,64,0.605,339446,151284,EIA-923 Generator File,2009,,TPWR,City of Tacoma  - (WA),47.266069,-122.428288,Washington,0.0,0.0,0.0,0.0,0.0,0.0,0.0,0.0,0.0,64.0
374,25175,WA,White Creek Wind Farm,56487,1,0,OP,WT,WND,204,0.311,555512,257849,Distributed from 923 Generation And Fuel,2007,,BPAT,PUD No 1 of Klickitat County,45.815467,-120.341883,Washington,0.0,0.0,0.0,0.0,204.0,0.0,0.0,0.0,0.0,0.0
375,25180,WA,Whitehorn,6120,2,0,OP,GT,NG,84.6,0.023,16819,8766.5,Distributed from 923 Generation And Fuel,1981,,PSEI,Puget Sound Energy Inc,48.828784,-122.68609,Washington,0.0,84.6,0.0,0.0,0.0,0.0,0.0,0.0,0.0,0.0
376,25181,WA,Whitehorn,6120,3,0,OP,GT,NG,84.6,0.023,16819,8766.5,Distributed from 923 Generation And Fuel,1981,,PSEI,Puget Sound Energy Inc,48.828784,-122.68609,Washington,0.0,84.6,0.0,0.0,0.0,0.0,0.0,0.0,0.0,0.0
377,25182,WA,Wild Horse,56322,1,0,OP,WT,WND,228.6,0.281,563700.262,250322.032,Distributed from 923 Generation And Fuel,2006,,PSEI,Puget Sound Energy Inc,47.036269,-120.206494,Washington,0.0,0.0,0.0,0.0,228.6,0.0,0.0,0.0,0.0,0.0
378,25183,WA,Wild Horse,56322,WH2,0,OP,WT,WND,44,0.281,108498.738,48180.968,Distributed from 923 Generation And Fuel,2009,,PSEI,Puget Sound Energy Inc,47.036269,-120.206494,Washington,0.0,0.0,0.0,0.0,44.0,0.0,0.0,0.0,0.0,0.0
379,25184,WA,Wild Horse,56322,WHS1,0,OP,PV,SUN,0.5,0.166,727,407,Distributed from 923 Generation And Fuel,2007,,PSEI,Puget Sound Energy Inc,47.036269,-120.206494,Washington,0.0,0.0,0.0,0.0,0.0,0.5,0.0,0.0,0.0,0.0
380,25185,WA,Windy Flats Wind Project,57159,GEN1,0,OP,WT,WND,262.2,0.289,663771,370481,Distributed from 923 Generation And Fuel,2009,,BPAT,PUD No 1 of Klickitat County,45.7269,-120.8339,Washington,0.0,0.0,0.0,0.0,262.2,0.0,0.0,0.0,0.0,0.0
381,25186,WA,Wynoochee,7127,1,0,OP,HY,WAT,12.8,0.332,37209,14600,Distributed from 923 Generation And Fuel,1994,,TPWR,City of Tacoma  - (WA),47.385072,-123.605225,Washington,0.0,0.0,0.0,0.0,0.0,0.0,0.0,12.8,0.0,0.0
382,25187,WA,Yale,3852,1,0,OP,HY,WAT,67,0.55,322623.5,126589.5,Distributed from 923 Generation And Fuel,1953,,PACW,PacifiCorp,45.96277,-122.335467,Washington,0.0,0.0,0.0,0.0,0.0,0.0,0.0,67.0,0.0,0.0
383,25188,WA,Yale,3852,2,0,OP,HY,WAT,67,0.55,322623.5,126589.5,Distributed from 923 Generation And Fuel,1953,,PACW,PacifiCorp,45.96277,-122.335467,Washington,0.0,0.0,0.0,0.0,0.0,0.0,0.0,67.0,0.0,0.0
384,25189,WA,Yelm,3878,1,0,OP,HY,WAT,3,0.725,19063.25,7480,Distributed from 923 Generation And Fuel,1930,,BPAT,City of Centralia - (WA),46.974912,-122.635795,Washington,0.0,0.0,0.0,0.0,0.0,0.0,0.0,3.0,0.0,0.0
385,25190,WA,Yelm,3878,2,0,OP,HY,WAT,3,0.725,19063.25,7480,Distributed from 923 Generation And Fuel,1930,,BPAT,City of Centralia - (WA),46.974912,-122.635795,Washington,0.0,0.0,0.0,0.0,0.0,0.0,0.0,3.0,0.0,0.0
386,25191,WA,Yelm,3878,3,0,OP,HY,WAT,6,0.725,38126.5,14960,Distributed from 923 Generation And Fuel,1955,,BPAT,City of Centralia - (WA),46.974912,-122.635795,Washington,0.0,0.0,0.0,0.0,0.0,0.0,0.0,6.0,0.0,0.0
387,25192,WA,Youngs Creek Hydroelectric Project,57763,1,0,OP,HY,WAT,7.5,0.282,18552,7279,Distributed from 923 Generation And Fuel,2011,,BPAT,PUD 1 of Snohomish County,47.7916,-121.8,Washington,0.0,0.0,0.0,0.0,0.0,0.0,0.0,7.5,0.0,0.0
