,eGRID2016 Generator file sequence number,Plant state abbreviation,Plant name,DOE/EIA ORIS plant or facility code,Generator ID,Number of associated boilers,Generator status,Generator prime mover type,Generator primary fuel,Generator nameplate capacity (MW),Generator capacity factor,Generator annual net generation (MWh),Generator ozone season net generation (MWh),Generation data source,Generator year on-line,Generator planned or actual retirement year,area,utility,latitude,longitude,state,NGCC,NGCT,Coal,Oil,Wind,SolarPV,SolarCSP,Hydro,Nuclear,Other
0,17206,NM,Afton Generating Station,55210,0001,0,OP,CT,NG,177,0.386,598085,308368,Distributed from 923 Generation And Fuel,2002,,PNM,El Paso Electric Co,32.114185,-106.846483,New Mexico,177.0,0.0,0.0,0.0,0.0,0.0,0.0,0.0,0.0,0.0
1,17207,NM,Afton Generating Station,55210,0002,1,OP,CA,NG,110,0,0,0,Distributed from 923 Generation And Fuel,2007,,PNM,El Paso Electric Co,32.114185,-106.846483,New Mexico,110.0,0.0,0.0,0.0,0.0,0.0,0.0,0.0,0.0,0.0
2,17209,NM,Alamogordo Solar Energy Center,57577,AGSEC,0,OP,PV,SUN,5,0.264,11552,4804,Distributed from 923 Generation And Fuel,2011,,PNM,Public Service Co of NM,32.86571,-105.999775,New Mexico,0.0,0.0,0.0,0.0,0.0,5.0,0.0,0.0,0.0,0.0
3,17210,NM,Albuquerque Solar Energy Center,57567,ASEC1,0,OP,PV,SUN,2,0.249,4370,1817,Distributed from 923 Generation And Fuel,2011,,PNM,Public Service Co of NM,35.168957,-106.60005,New Mexico,0.0,0.0,0.0,0.0,0.0,2.0,0.0,0.0,0.0,0.0
4,17215,NM,Anderson Wind I,58939,AND1,0,OP,WT,WND,5,0.406,17782,6299,Distributed from 923 Generation And Fuel,2014,,"Series([], Name: Balancing Authority Code, dtype: object)",blank,blank,blank,New Mexico,0.0,0.0,0.0,0.0,5.0,0.0,0.0,0.0,0.0,0.0
5,17216,NM,Anderson Wind II,58940,AND2,0,OP,WT,WND,10,0.464,40666,14406,Distributed from 923 Generation And Fuel,2014,,"Series([], Name: Balancing Authority Code, dtype: object)",blank,blank,blank,New Mexico,0.0,0.0,0.0,0.0,10.0,0.0,0.0,0.0,0.0,0.0
6,17217,NM,Animas,2465,GT1,0,OP,GT,NG,18.6,0.147,24010,11141,Distributed from 923 Generation And Fuel,1994,,WACM,City of Farmington - (NM),36.725138,-108.19202,New Mexico,0.0,18.6,0.0,0.0,0.0,0.0,0.0,0.0,0.0,0.0
7,17225,NM,Aragonne Wind LLC,56336,1,0,OP,WT,WND,90,0.34,268201,73263,Distributed from 923 Generation And Fuel,2006,,PNM,Public Service Co of NM,34.8147,-105.0108,New Mexico,0.0,0.0,0.0,0.0,90.0,0.0,0.0,0.0,0.0,0.0
8,17228,NM,Blue Sky One,58689,1,0,OP,PV,SUN,1.3,0.285,3246,1350,Distributed from 923 Generation And Fuel,2012,,PNM,"Kit Carson Electric Coop, Inc",36.907778,-105.985278,New Mexico,0.0,0.0,0.0,0.0,0.0,1.3,0.0,0.0,0.0,0.0
9,17229,NM,Bluffview,55977,CTG1,0,OP,CT,NG,40,0.784,274667,115390,EIA-923 Generator File,2005,,WACM,City of Farmington - (NM),36.716628,-108.215282,New Mexico,40.0,0.0,0.0,0.0,0.0,0.0,0.0,0.0,0.0,0.0
10,17230,NM,Bluffview,55977,STG1,1,OP,CA,NG,27,0.626,148055,68629,EIA-923 Generator File,2005,,WACM,City of Farmington - (NM),36.716628,-108.215282,New Mexico,27.0,0.0,0.0,0.0,0.0,0.0,0.0,0.0,0.0,0.0
11,17233,NM,Broadview Energy Prime 2 LLC,58465,0002,0,OP,WT,WND,9.9,0.448,38823,13753,Distributed from 923 Generation And Fuel,2014,,"Series([], Name: Balancing Authority Code, dtype: object)",blank,blank,blank,New Mexico,0.0,0.0,0.0,0.0,9.9,0.0,0.0,0.0,0.0,0.0
12,17234,NM,Broadview Energy Prime LLC,58464,0001,0,OP,WT,WND,9.9,0.446,38695,13708,Distributed from 923 Generation And Fuel,2014,,"Series([], Name: Balancing Authority Code, dtype: object)",blank,blank,blank,New Mexico,0.0,0.0,0.0,0.0,9.9,0.0,0.0,0.0,0.0,0.0
13,17235,NM,Caprock Solar 1 LLC,59251,PV1,0,OP,PV,SUN,25,0.014,3053,0,Distributed from 923 Generation And Fuel,2016,,"Series([], Name: Balancing Authority Code, dtype: object)",blank,blank,blank,New Mexico,0.0,0.0,0.0,0.0,0.0,25.0,0.0,0.0,0.0,0.0
14,17237,NM,Caprock Wind Farm,56293,1,0,OP,WT,WND,60,0.464,243688.5,98985,Distributed from 923 Generation And Fuel,2004,,SWPP,Southwestern Public Service Co,34.980556,-103.353889,New Mexico,0.0,0.0,0.0,0.0,60.0,0.0,0.0,0.0,0.0,0.0
15,17238,NM,Caprock Wind Farm,56293,2,0,OP,WT,WND,20,0.464,81229.5,32995,Distributed from 923 Generation And Fuel,2005,,SWPP,Southwestern Public Service Co,34.980556,-103.353889,New Mexico,0.0,0.0,0.0,0.0,20.0,0.0,0.0,0.0,0.0,0.0
16,17239,NM,Carlsbad,2453,5,0,OP,GT,NG,16.3,0,0,0,Distributed from 923 Generation And Fuel,1977,2025,"Series([], Name: Balancing Authority Code, dtype: object)",blank,blank,blank,New Mexico,0.0,16.3,0.0,0.0,0.0,0.0,0.0,0.0,0.0,0.0
17,17240,NM,"Chaves Solar, LLC",60405,CSPV,0,OP,PV,SUN,70,0.039,24188,0,Distributed from 923 Generation And Fuel,2016,,"Series([], Name: Balancing Authority Code, dtype: object)",blank,blank,blank,New Mexico,0.0,0.0,0.0,0.0,0.0,70.0,0.0,0.0,0.0,0.0
18,17246,NM,Cibola,59619,CBLA,0,OP,PV,SUN,7.6,0.288,19150,7963,Distributed from 923 Generation And Fuel,2015,,PNM,Public Service Co of NM,35.20115,-107.245156,New Mexico,0.0,0.0,0.0,0.0,0.0,7.6,0.0,0.0,0.0,0.0
19,17247,NM,Cimarron Solar Facility,57243,CIM1,0,OP,PV,SUN,30.6,0.238,63694,29061,Distributed from 923 Generation And Fuel,2010,,WACM,"Springer Electric Coop, Inc",36.468078,-104.635659,New Mexico,0.0,0.0,0.0,0.0,0.0,30.6,0.0,0.0,0.0,0.0
20,17248,NM,City of Truth or Consequences PV,59653,COTC,0,OP,PV,SUN,1.9,0.215,3585,1491,Distributed from 923 Generation And Fuel,2015,,PNM,"Tri-County Electric Coop, Inc",33.121111,-107.287778,New Mexico,0.0,0.0,0.0,0.0,0.0,1.9,0.0,0.0,0.0,0.0
21,17252,NM,Cunningham,2454,1,1,OP,ST,NG,75,0.249,163340,57807,EIA-923 Generator File,1957,2019,"Series([], Name: Balancing Authority Code, dtype: object)",blank,blank,blank,New Mexico,75.0,0.0,0.0,0.0,0.0,0.0,0.0,0.0,0.0,0.0
22,17253,NM,Cunningham,2454,2,1,OP,ST,NG,190.4,0.465,775399,304014,EIA-923 Generator File,1965,2025,"Series([], Name: Balancing Authority Code, dtype: object)",blank,blank,blank,New Mexico,190.4,0.0,0.0,0.0,0.0,0.0,0.0,0.0,0.0,0.0
23,17254,NM,Cunningham,2454,3,0,OP,GT,NG,126.9,0.181,201055.5,89399.5,Distributed from 923 Generation And Fuel,1998,,"Series([], Name: Balancing Authority Code, dtype: object)",blank,blank,blank,New Mexico,0.0,126.9,0.0,0.0,0.0,0.0,0.0,0.0,0.0,0.0
24,17255,NM,Cunningham,2454,4,0,OP,GT,NG,126.9,0.181,201055.5,89399.5,Distributed from 923 Generation And Fuel,1998,,"Series([], Name: Balancing Authority Code, dtype: object)",blank,blank,blank,New Mexico,0.0,126.9,0.0,0.0,0.0,0.0,0.0,0.0,0.0,0.0
25,17256,NM,Deming Solar Energy Center,57575,DSEC,0,OP,PV,SUN,5,0.265,11591.111,4820,Distributed from 923 Generation And Fuel,2011,,PNM,Public Service Co of NM,32.165833,-107.75056,New Mexico,0.0,0.0,0.0,0.0,0.0,5.0,0.0,0.0,0.0,0.0
26,17257,NM,Deming Solar Energy Center,57575,HON2,0,OP,PV,SUN,4,0.265,9272.889,3856,Distributed from 923 Generation And Fuel,2013,,PNM,Public Service Co of NM,32.165833,-107.75056,New Mexico,0.0,0.0,0.0,0.0,0.0,4.0,0.0,0.0,0.0,0.0
27,17261,NM,Elephant Butte,6402,1,0,OP,HY,WAT,9.3,0.178,14497,6681.333,Distributed from 923 Generation And Fuel,1940,,WACM,WAPA-- Western Area Power Administration,33.153358,-107.191973,New Mexico,0.0,0.0,0.0,0.0,0.0,0.0,0.0,9.3,0.0,0.0
28,17262,NM,Elephant Butte,6402,2,0,OP,HY,WAT,9.3,0.178,14497,6681.333,Distributed from 923 Generation And Fuel,1940,,WACM,WAPA-- Western Area Power Administration,33.153358,-107.191973,New Mexico,0.0,0.0,0.0,0.0,0.0,0.0,0.0,9.3,0.0,0.0
29,17263,NM,Elephant Butte,6402,3,0,OP,HY,WAT,9.3,0.178,14497,6681.333,Distributed from 923 Generation And Fuel,1940,,WACM,WAPA-- Western Area Power Administration,33.153358,-107.191973,New Mexico,0.0,0.0,0.0,0.0,0.0,0.0,0.0,9.3,0.0,0.0
30,17264,NM,Escalante,87,1,1,OP,ST,SUB,257,0.578,1301590,537633,EIA-923 Generator File,1984,,WACM,"Tri-State G & T Assn, Inc",35.4159,-108.082,New Mexico,0.0,0.0,257.0,0.0,0.0,0.0,0.0,0.0,0.0,0.0
31,17265,NM,Eubank Landfill Solar Array,59393,ESNM1,0,OP,PV,SUN,2,0.213,3735,1553,Distributed from 923 Generation And Fuel,2013,,PNM,Public Service Co of NM,35.049167,-106.53,New Mexico,0.0,0.0,0.0,0.0,0.0,2.0,0.0,0.0,0.0,0.0
32,17266,NM,Ford Utilities Center,50906,3,0,OP,GT,NG,7,0.641,39311.898,18241.387,Distributed from 923 Generation And Fuel,2005,,PNM,Public Service Co of NM,35.084078,-106.625191,New Mexico,0.0,7.0,0.0,0.0,0.0,0.0,0.0,0.0,0.0,0.0
33,17267,NM,Ford Utilities Center,50906,4,0,OP,ST,NG,1.1,0.19,1830,849.162,EIA-923 Generator File,2011,,PNM,Public Service Co of NM,35.084078,-106.625191,New Mexico,1.1,0.0,0.0,0.0,0.0,0.0,0.0,0.0,0.0,0.0
34,17268,NM,Ford Utilities Center,50906,5,0,OP,GT,NG,6.7,0.641,37627.102,17459.613,Distributed from 923 Generation And Fuel,2014,,PNM,Public Service Co of NM,35.084078,-106.625191,New Mexico,0.0,6.7,0.0,0.0,0.0,0.0,0.0,0.0,0.0,0.0
35,17270,NM,Four Corners,2442,4,1,OP,ST,SUB,818.1,0.517,3706469,1313210,EIA-923 Generator File,1969,,AZPS,Arizona Public Service Co,36.69,-108.4814,New Mexico,0.0,0.0,818.1,0.0,0.0,0.0,0.0,0.0,0.0,0.0
36,17271,NM,Four Corners,2442,5,1,OP,ST,SUB,818.1,0.442,3166816,1536654,EIA-923 Generator File,1970,,AZPS,Arizona Public Service Co,36.69,-108.4814,New Mexico,0.0,0.0,818.1,0.0,0.0,0.0,0.0,0.0,0.0,0.0
37,17275,NM,Four Peaks Camino Real,60696,1,0,OP,IC,LFG,3.4,0.029,855,359,Distributed from 923 Generation And Fuel,2008,,EPE,El Paso Electric Co,31.811078,-106.59326,New Mexico,0.0,0.0,0.0,0.0,0.0,0.0,0.0,0.0,0.0,3.4
38,17295,NM,Gallup Refinery,50997,GEN1,0,OP,GT,NG,3,0,0,0,Distributed from 923 Generation And Fuel,1990,,PNM,Continental Divide El Coop Inc,35.488289,-108.426497,New Mexico,0.0,3.0,0.0,0.0,0.0,0.0,0.0,0.0,0.0,0.0
39,17296,NM,Gallup Refinery,50997,GEN2,0,OP,GT,NG,3,0,0,0,Distributed from 923 Generation And Fuel,1990,,PNM,Continental Divide El Coop Inc,35.488289,-108.426497,New Mexico,0.0,3.0,0.0,0.0,0.0,0.0,0.0,0.0,0.0,0.0
40,17298,NM,GSE NM1,58576,NMP1,0,OP,PV,SUN,2.3,0.255,5144,2139,Distributed from 923 Generation And Fuel,2011,,SWPP,Southwestern Public Service Co,33.3,-104.4,New Mexico,0.0,0.0,0.0,0.0,0.0,2.3,0.0,0.0,0.0,0.0
41,17299,NM,"Hatch Solar Energy Center I, LLC",57591,1,0,OP,PV,SUN,5,0.17,7447,3097,Distributed from 923 Generation And Fuel,2011,,EPE,El Paso Electric Co,32.63,-107.259722,New Mexico,0.0,0.0,0.0,0.0,0.0,5.0,0.0,0.0,0.0,0.0
42,17300,NM,High Lonesome Mesa  LLC,56945,1,0,OP,WT,WND,100,0.327,286435,93654,Distributed from 923 Generation And Fuel,2009,,PNM,"Tri-State G & T Assn, Inc",34.466667,-105.9625,New Mexico,0.0,0.0,0.0,0.0,100.0,0.0,0.0,0.0,0.0,0.0
43,17301,NM,Hobbs Generating Station,56458,CHW-T,0,OP,GT,NG,7.2,,,,,2008,,"Series([], Name: Balancing Authority Code, dtype: object)",blank,blank,blank,New Mexico,0.0,7.2,0.0,0.0,0.0,0.0,0.0,0.0,0.0,0.0
44,17302,NM,Hobbs Generating Station,56458,GT1,0,OP,CT,NG,196.9,0.676,1165465,488276,EIA-923 Generator File,2008,,"Series([], Name: Balancing Authority Code, dtype: object)",blank,blank,blank,New Mexico,196.9,0.0,0.0,0.0,0.0,0.0,0.0,0.0,0.0,0.0
45,17303,NM,Hobbs Generating Station,56458,GT2,0,OP,CT,NG,196.9,0.643,1109743,495455,EIA-923 Generator File,2008,,"Series([], Name: Balancing Authority Code, dtype: object)",blank,blank,blank,New Mexico,196.9,0.0,0.0,0.0,0.0,0.0,0.0,0.0,0.0,0.0
46,17304,NM,Hobbs Generating Station,56458,ST3,2,OP,CA,NG,264.6,0.528,1224203,532084,EIA-923 Generator File,2008,,"Series([], Name: Balancing Authority Code, dtype: object)",blank,blank,blank,New Mexico,264.6,0.0,0.0,0.0,0.0,0.0,0.0,0.0,0.0,0.0
47,17306,NM,Kit Carson,58240,PV_KC,0,OP,PV,SUN,1.3,0.265,3018,1255,Distributed from 923 Generation And Fuel,2012,,PNM,"Kit Carson Electric Coop, Inc",36.966667,-105.438056,New Mexico,0.0,0.0,0.0,0.0,0.0,1.3,0.0,0.0,0.0,0.0
48,17308,NM,La Luz Energy Center,58284,0001,0,OP,GT,NG,42.3,0.06,22133,10270,Distributed from 923 Generation And Fuel,2015,,PNM,Public Service Co of NM,34.616111,-106.815,New Mexico,0.0,42.3,0.0,0.0,0.0,0.0,0.0,0.0,0.0,0.0
49,17311,NM,Las Vegas Solar Energy Center,57576,LVSEC,0,OP,PV,SUN,5,0.24,10507,4664,Distributed from 923 Generation And Fuel,2011,,PNM,Public Service Co of NM,35.643333,-105.206667,New Mexico,0.0,0.0,0.0,0.0,0.0,5.0,0.0,0.0,0.0,0.0
50,17312,NM,LCEC Generation LLVC,57872,UNIT1,0,OP,IC,NG,9.3,0.132,10744,4985.4,Distributed from 923 Generation And Fuel,2012,,"Series([], Name: Balancing Authority Code, dtype: object)",blank,blank,blank,New Mexico,0.0,9.3,0.0,0.0,0.0,0.0,0.0,0.0,0.0,0.0
51,17313,NM,LCEC Generation LLVC,57872,UNIT2,0,OP,IC,NG,9.3,0.132,10744,4985.4,Distributed from 923 Generation And Fuel,2012,,"Series([], Name: Balancing Authority Code, dtype: object)",blank,blank,blank,New Mexico,0.0,9.3,0.0,0.0,0.0,0.0,0.0,0.0,0.0,0.0
52,17314,NM,LCEC Generation LLVC,57872,UNIT3,0,OP,IC,NG,9.3,0.132,10744,4985.4,Distributed from 923 Generation And Fuel,2012,,"Series([], Name: Balancing Authority Code, dtype: object)",blank,blank,blank,New Mexico,0.0,9.3,0.0,0.0,0.0,0.0,0.0,0.0,0.0,0.0
53,17315,NM,LCEC Generation LLVC,57872,UNIT4,0,OP,IC,NG,9.3,0.132,10744,4985.4,Distributed from 923 Generation And Fuel,2012,,"Series([], Name: Balancing Authority Code, dtype: object)",blank,blank,blank,New Mexico,0.0,9.3,0.0,0.0,0.0,0.0,0.0,0.0,0.0,0.0
54,17316,NM,LCEC Generation LLVC,57872,UNIT5,0,OP,IC,NG,9.3,0.132,10744,4985.4,Distributed from 923 Generation And Fuel,2012,,"Series([], Name: Balancing Authority Code, dtype: object)",blank,blank,blank,New Mexico,0.0,9.3,0.0,0.0,0.0,0.0,0.0,0.0,0.0,0.0
55,17317,NM,"Lightning Dock Geothermal HI-01, LLC",58629,PB01,0,OP,BT,GEO,1,0.406,3554.5,1365,Distributed from 923 Generation And Fuel,2013,,PNM,"Columbus Electric Coop, Inc",32.144722,-108.838333,New Mexico,0.0,0.0,0.0,0.0,0.0,0.0,0.0,0.0,0.0,1.0
56,17318,NM,"Lightning Dock Geothermal HI-01, LLC",58629,PB02,0,OP,BT,GEO,1,0.406,3554.5,1365,Distributed from 923 Generation And Fuel,2013,,PNM,"Columbus Electric Coop, Inc",32.144722,-108.838333,New Mexico,0.0,0.0,0.0,0.0,0.0,0.0,0.0,0.0,0.0,1.0
57,17319,NM,"Lightning Dock Geothermal HI-01, LLC",58629,PB03,0,OP,BT,GEO,1,0.406,3554.5,1365,Distributed from 923 Generation And Fuel,2013,,PNM,"Columbus Electric Coop, Inc",32.144722,-108.838333,New Mexico,0.0,0.0,0.0,0.0,0.0,0.0,0.0,0.0,0.0,1.0
58,17320,NM,"Lightning Dock Geothermal HI-01, LLC",58629,PB04,0,OP,BT,GEO,1,0.406,3554.5,1365,Distributed from 923 Generation And Fuel,2013,,PNM,"Columbus Electric Coop, Inc",32.144722,-108.838333,New Mexico,0.0,0.0,0.0,0.0,0.0,0.0,0.0,0.0,0.0,1.0
59,17321,NM,Lordsburg Generating,7967,GT1,0,OP,GT,NG,44,0.016,6276.5,2912.5,Distributed from 923 Generation And Fuel,2002,,PNM,Public Service Co of NM,32.35051,-108.69799,New Mexico,0.0,44.0,0.0,0.0,0.0,0.0,0.0,0.0,0.0,0.0
60,17322,NM,Lordsburg Generating,7967,GT2,0,OP,GT,NG,44,0.016,6276.5,2912.5,Distributed from 923 Generation And Fuel,2002,,PNM,Public Service Co of NM,32.35051,-108.69799,New Mexico,0.0,44.0,0.0,0.0,0.0,0.0,0.0,0.0,0.0,0.0
61,17323,NM,Los Alamos PV Site,58256,1,0,OP,PV,SUN,1,0.153,1340,557,Distributed from 923 Generation And Fuel,2012,,PNM,Los Alamos County,35.875556,-106.31,New Mexico,0.0,0.0,0.0,0.0,0.0,1.0,0.0,0.0,0.0,0.0
62,17324,NM,Los Alamos PV Site,58256,2,0,OP,BA,MWH,1,0.017,147.778,61.111,Distributed from 923 Generation And Fuel,2012,,PNM,Los Alamos County,35.875556,-106.31,New Mexico,0.0,0.0,0.0,0.0,0.0,0.0,0.0,0.0,0.0,1.0
63,17325,NM,Los Alamos PV Site,58256,3,0,OP,BA,MWH,0.8,0.017,118.222,48.889,Distributed from 923 Generation And Fuel,2012,,PNM,Los Alamos County,35.875556,-106.31,New Mexico,0.0,0.0,0.0,0.0,0.0,0.0,0.0,0.0,0.0,0.8
64,17327,NM,Los Lunas Solar Energy Center,57571,LLSEC,0,OP,PV,SUN,5,0.252,11025.714,4585,Distributed from 923 Generation And Fuel,2011,,PNM,Public Service Co of NM,34.833136,-106.772413,New Mexico,0.0,0.0,0.0,0.0,0.0,5.0,0.0,0.0,0.0,0.0
65,17328,NM,Los Lunas Solar Energy Center,57571,LMS2,0,OP,PV,SUN,2,0.252,4410.286,1834,Distributed from 923 Generation And Fuel,2013,,PNM,Public Service Co of NM,34.833136,-106.772413,New Mexico,0.0,0.0,0.0,0.0,0.0,2.0,0.0,0.0,0.0,0.0
66,17329,NM,Luna Energy Facility,55343,CTG1,0,OP,CT,NG,175,0.476,729155,344481,EIA-923 Generator File,2006,,PNM,El Paso Electric Co,32.299349,-107.7834,New Mexico,175.0,0.0,0.0,0.0,0.0,0.0,0.0,0.0,0.0,0.0
67,17330,NM,Luna Energy Facility,55343,CTG2,0,OP,CT,NG,175,0.476,729634,357726,EIA-923 Generator File,2006,,PNM,El Paso Electric Co,32.299349,-107.7834,New Mexico,175.0,0.0,0.0,0.0,0.0,0.0,0.0,0.0,0.0,0.0
68,17331,NM,Luna Energy Facility,55343,STG1,2,OP,CA,NG,300,0.327,860383,418410,EIA-923 Generator File,2006,,PNM,El Paso Electric Co,32.299349,-107.7834,New Mexico,300.0,0.0,0.0,0.0,0.0,0.0,0.0,0.0,0.0,0.0
69,17332,NM,Macho Springs,59010,MSS1,0,OP,PV,SUN,52.2,0.314,143733,69519,Distributed from 923 Generation And Fuel,2014,,EPE,El Paso Electric Co,32.57,-107.48,New Mexico,0.0,0.0,0.0,0.0,0.0,52.2,0.0,0.0,0.0,0.0
70,17333,NM,Macho Springs Power I,57947,GEN,0,OP,WT,WND,50.4,0.302,133289,49959,Distributed from 923 Generation And Fuel,2011,,EPE,El Paso Electric Co,32.55434,-107.50929,New Mexico,0.0,0.0,0.0,0.0,50.4,0.0,0.0,0.0,0.0,0.0
71,17334,NM,Maddox,2446,1,1,OP,ST,NG,113.6,0.265,263403,155302,EIA-923 Generator File,1967,,"Series([], Name: Balancing Authority Code, dtype: object)",blank,blank,blank,New Mexico,113.6,0.0,0.0,0.0,0.0,0.0,0.0,0.0,0.0,0.0
72,17335,NM,Maddox,2446,2,0,OP,GT,NG,86.9,0.066,50606.886,16359.102,Distributed from 923 Generation And Fuel,1976,2025,"Series([], Name: Balancing Authority Code, dtype: object)",blank,blank,blank,New Mexico,0.0,86.9,0.0,0.0,0.0,0.0,0.0,0.0,0.0,0.0
73,17337,NM,Manzano Solar,58521,MAN1,0,OP,PV,SUN,8.4,0.255,18799,7818,Distributed from 923 Generation And Fuel,2013,,PNM,Public Service Co of NM,34.746667,-106.654444,New Mexico,0.0,0.0,0.0,0.0,0.0,8.4,0.0,0.0,0.0,0.0
74,17338,NM,Meadow Lake Solar Energy Center,59618,MLK,0,OP,PV,SUN,9.1,0.309,24628,10241,Distributed from 923 Generation And Fuel,2015,,PNM,Public Service Co of NM,34.81,-106.52,New Mexico,0.0,0.0,0.0,0.0,0.0,9.1,0.0,0.0,0.0,0.0
75,17339,NM,Mesalands Comm College Wind Turbine,57106,1,0,OP,WT,WND,1.5,0.211,2772,982,Distributed from 923 Generation And Fuel,2008,,"Series([], Name: Balancing Authority Code, dtype: object)",blank,blank,blank,New Mexico,0.0,0.0,0.0,0.0,1.5,0.0,0.0,0.0,0.0,0.0
76,17344,NM,Milo Wind Project LLC,59838,GEN1,0,OP,WT,WND,50,0.455,199426,78115,Distributed from 923 Generation And Fuel,2016,,"Series([], Name: Balancing Authority Code, dtype: object)",blank,blank,blank,New Mexico,0.0,0.0,0.0,0.0,50.0,0.0,0.0,0.0,0.0,0.0
77,17345,NM,Navajo Dam,584,1,0,OP,HY,WAT,15,0.398,52240.5,24076.5,Distributed from 923 Generation And Fuel,1989,,WACM,City of Farmington - (NM),36.8061,-107.6131,New Mexico,0.0,0.0,0.0,0.0,0.0,0.0,0.0,15.0,0.0,0.0
78,17346,NM,Navajo Dam,584,2,0,OP,HY,WAT,15,0.398,52240.5,24076.5,Distributed from 923 Generation And Fuel,1989,,WACM,City of Farmington - (NM),36.8061,-107.6131,New Mexico,0.0,0.0,0.0,0.0,0.0,0.0,0.0,15.0,0.0,0.0
79,17347,NM,New Mexico State University,54975,01,0,OP,GT,NG,4.7,0.915,37689,17489,Distributed from 923 Generation And Fuel,1996,,EPE,El Paso Electric Co,32.164818,-106.451281,New Mexico,0.0,4.7,0.0,0.0,0.0,0.0,0.0,0.0,0.0,0.0
80,17348,NM,New Mexico Wind Energy Center,56097,GE15,0,OP,WT,WND,204,0.278,496547,162265,Distributed from 923 Generation And Fuel,2003,,PNM,Public Service Co of NM,34.63566,-104.04733,New Mexico,0.0,0.0,0.0,0.0,204.0,0.0,0.0,0.0,0.0,0.0
81,17349,NM,Otero Solar,58520,OTE1,0,OP,PV,SUN,8,0.265,18555,7716,Distributed from 923 Generation And Fuel,2013,,PNM,Public Service Co of NM,32.976389,-105.971111,New Mexico,0.0,0.0,0.0,0.0,0.0,8.0,0.0,0.0,0.0,0.0
82,17350,NM,Prosperity Energy Storage Facility,58899,GEN-1,0,OP,PV,SUN,0.5,0.197,864,359,Distributed from 923 Generation And Fuel,2011,,PNM,Public Service Co of NM,35.001944,-106.637222,New Mexico,0.0,0.0,0.0,0.0,0.0,0.5,0.0,0.0,0.0,0.0
83,17351,NM,Prosperity Energy Storage Facility,58899,GEN-2,0,OP,BA,MWH,0.8,0.002,13,0,Distributed from 923 Generation And Fuel,2011,,PNM,Public Service Co of NM,35.001944,-106.637222,New Mexico,0.0,0.0,0.0,0.0,0.0,0.0,0.0,0.0,0.0,0.8
84,17352,NM,Pyramid,7975,1,0,OP,GT,NG,46.5,0.015,6310.5,2893,Distributed from 923 Generation And Fuel,2003,,PNM,Public Service Co of NM,32.2363,-108.5494,New Mexico,0.0,46.5,0.0,0.0,0.0,0.0,0.0,0.0,0.0,0.0
85,17353,NM,Pyramid,7975,2,0,OP,GT,NG,46.5,0.015,6310.5,2893,Distributed from 923 Generation And Fuel,2003,,PNM,Public Service Co of NM,32.2363,-108.5494,New Mexico,0.0,46.5,0.0,0.0,0.0,0.0,0.0,0.0,0.0,0.0
86,17354,NM,Pyramid,7975,3,0,OP,GT,NG,46.5,0.015,6310.5,2893,Distributed from 923 Generation And Fuel,2003,,PNM,Public Service Co of NM,32.2363,-108.5494,New Mexico,0.0,46.5,0.0,0.0,0.0,0.0,0.0,0.0,0.0,0.0
87,17355,NM,Pyramid,7975,4,0,OP,GT,NG,46.5,0.015,6310.5,2893,Distributed from 923 Generation And Fuel,2003,,PNM,Public Service Co of NM,32.2363,-108.5494,New Mexico,0.0,46.5,0.0,0.0,0.0,0.0,0.0,0.0,0.0,0.0
88,17356,NM,Quay County,58125,1,0,OP,GT,DFO,27,0.001,337,120,Distributed from 923 Generation And Fuel,2013,,SWPP,Southwestern Public Service Co,35.182778,-103.731111,New Mexico,0.0,0.0,0.0,27.0,0.0,0.0,0.0,0.0,0.0,0.0
89,17357,NM,Questa Solar Facility,57369,QST,0,OP,PV,SUN,1,0.164,1433,596,Distributed from 923 Generation And Fuel,2011,2019,PNM,"Kit Carson Electric Coop, Inc",36.716944,-105.60944,New Mexico,0.0,0.0,0.0,0.0,0.0,1.0,0.0,0.0,0.0,0.0
90,17358,NM,Red Mesa Wind LLC,57357,EXIS,0,OP,WT,WND,102.4,0.239,214000,64126,Distributed from 923 Generation And Fuel,2010,,PNM,Public Service Co of NM,35.2689,-107.3828,New Mexico,0.0,0.0,0.0,0.0,102.4,0.0,0.0,0.0,0.0,0.0
91,17359,NM,Reeves,2450,1,1,OP,ST,NG,44,0.101,38967,25404,EIA-923 Generator File,1960,,PNM,Public Service Co of NM,35.171,-106.6019,New Mexico,44.0,0.0,0.0,0.0,0.0,0.0,0.0,0.0,0.0,0.0
92,17360,NM,Reeves,2450,2,1,OP,ST,NG,44,0.074,28387,17839,EIA-923 Generator File,1960,,PNM,Public Service Co of NM,35.171,-106.6019,New Mexico,44.0,0.0,0.0,0.0,0.0,0.0,0.0,0.0,0.0,0.0
93,17361,NM,Reeves,2450,3,1,OP,ST,NG,66,0.135,78267,51107,EIA-923 Generator File,1962,,PNM,Public Service Co of NM,35.171,-106.6019,New Mexico,66.0,0.0,0.0,0.0,0.0,0.0,0.0,0.0,0.0,0.0
94,17362,NM,Rio Bravo,55039,GT1,0,OP,GT,NG,150,0.085,111841,51495,Distributed from 923 Generation And Fuel,2000,,PNM,Public Service Co of NM,35.026,-106.644,New Mexico,0.0,150.0,0.0,0.0,0.0,0.0,0.0,0.0,0.0,0.0
95,17363,NM,Rio Communities Solar Energy Center,60198,RCSEC,0,OP,PV,SUN,10,0.269,23590,9810,Distributed from 923 Generation And Fuel,2015,,PNM,Public Service Co of NM,34.582598,-106.682975,New Mexico,0.0,0.0,0.0,0.0,0.0,10.0,0.0,0.0,0.0,0.0
96,17364,NM,Rio Grande,2444,6,1,OP,ST,NG,50,0.142,62154,62652,EIA-923 Generator File,1957,2018,EPE,El Paso Electric Co,31.8047,-106.5472,New Mexico,50.0,0.0,0.0,0.0,0.0,0.0,0.0,0.0,0.0,0.0
97,17365,NM,Rio Grande,2444,7,1,OP,ST,NG,50,0.257,112389,78122,EIA-923 Generator File,1958,2022,EPE,El Paso Electric Co,31.8047,-106.5472,New Mexico,50.0,0.0,0.0,0.0,0.0,0.0,0.0,0.0,0.0,0.0
98,17366,NM,Rio Grande,2444,8,1,OP,ST,NG,166.5,0.29,422994,228568,EIA-923 Generator File,1972,,EPE,El Paso Electric Co,31.8047,-106.5472,New Mexico,166.5,0.0,0.0,0.0,0.0,0.0,0.0,0.0,0.0,0.0
99,17367,NM,Rio Grande,2444,9,0,OP,GT,NG,106,0.182,169051,26268,Distributed from 923 Generation And Fuel,2013,,EPE,El Paso Electric Co,31.8047,-106.5472,New Mexico,0.0,106.0,0.0,0.0,0.0,0.0,0.0,0.0,0.0,0.0
100,17368,NM,Rio Rancho High School,58589,RRHS,0,OP,PV,SUN,1,0.284,2488,1035,Distributed from 923 Generation And Fuel,2013,,PNM,Public Service Co of NM,35.264444,-106.667778,New Mexico,0.0,0.0,0.0,0.0,0.0,1.0,0.0,0.0,0.0,0.0
101,17369,NM,Roadrunner Solar,57338,1,0,OP,PV,SUN,20.2,0.296,52367,21777,Distributed from 923 Generation And Fuel,2011,,EPE,El Paso Electric Co,31.792778,-106.673333,New Mexico,0.0,0.0,0.0,0.0,0.0,20.2,0.0,0.0,0.0,0.0
102,17370,NM,Roosevelt County,58771,GEN1,0,OP,WT,WND,250,0.479,1049875,395787,Distributed from 923 Generation And Fuel,2015,,"Series([], Name: Balancing Authority Code, dtype: object)",blank,blank,blank,New Mexico,0.0,0.0,0.0,0.0,250.0,0.0,0.0,0.0,0.0,0.0
103,17371,NM,"Roswell Solar, LLC",60406,RSPV,0,OP,PV,SUN,70,0.091,55816,22217,Distributed from 923 Generation And Fuel,2016,,"Series([], Name: Balancing Authority Code, dtype: object)",blank,blank,blank,New Mexico,0.0,0.0,0.0,0.0,0.0,70.0,0.0,0.0,0.0,0.0
104,17372,NM,San Juan,2451,1,1,OP,ST,BIT,369,0.695,2245867,960107,EIA-923 Generator File,1976,,PNM,Public Service Co of NM,36.8006,-108.4386,New Mexico,0.0,0.0,0.0,0.0,0.0,0.0,0.0,0.0,0.0,369.0
105,17373,NM,San Juan,2451,2,1,OP,ST,BIT,369,0.603,1948943,848819,EIA-923 Generator File,1973,2017,PNM,Public Service Co of NM,36.8006,-108.4386,New Mexico,0.0,0.0,0.0,0.0,0.0,0.0,0.0,0.0,0.0,369.0
106,17374,NM,San Juan,2451,3,1,OP,ST,BIT,555,0.57,2773322,1248145,EIA-923 Generator File,1979,2017,PNM,Public Service Co of NM,36.8006,-108.4386,New Mexico,0.0,0.0,0.0,0.0,0.0,0.0,0.0,0.0,0.0,555.0
107,17375,NM,San Juan,2451,4,1,OP,ST,BIT,555,0.681,3309432,1415760,EIA-923 Generator File,1982,,PNM,Public Service Co of NM,36.8006,-108.4386,New Mexico,0.0,0.0,0.0,0.0,0.0,0.0,0.0,0.0,0.0,555.0
108,17376,NM,San Juan Mesa Wind Project LLC,56304,1,0,OP,WT,WND,120,0.378,397580,143603,Distributed from 923 Generation And Fuel,2005,,"Series([], Name: Balancing Authority Code, dtype: object)",blank,blank,blank,New Mexico,0.0,0.0,0.0,0.0,120.0,0.0,0.0,0.0,0.0,0.0
109,17377,NM,Sandoval Solar Energy Center,59558,SSEC1,0,OP,PV,SUN,6.1,0.304,16243,6755,Distributed from 923 Generation And Fuel,2014,,PNM,Public Service Co of NM,35.283611,-106.812778,New Mexico,0.0,0.0,0.0,0.0,0.0,6.1,0.0,0.0,0.0,0.0
110,17378,NM,Santa Fe Solar Energy Center,60196,SFSEC,0,OP,PV,SUN,9.5,0.267,22187,9226,Distributed from 923 Generation And Fuel,2015,,PNM,Public Service Co of NM,35.587795,-106.060859,New Mexico,0.0,0.0,0.0,0.0,0.0,9.5,0.0,0.0,0.0,0.0
111,17379,NM,Santolina Solar Energy Center,60197,SANTO,0,OP,PV,SUN,10.5,0.275,25331,10534,Distributed from 923 Generation And Fuel,2015,,PNM,Public Service Co of NM,35.029719,-106.855498,New Mexico,0.0,0.0,0.0,0.0,0.0,10.5,0.0,0.0,0.0,0.0
112,17380,NM,SEV NM Phase 2,58479,NMP2,0,OP,PV,SUN,2,0.252,4407,1833,Distributed from 923 Generation And Fuel,2013,,SWPP,Southwestern Public Service Co,33.351111,-104.506944,New Mexico,0.0,0.0,0.0,0.0,0.0,2.0,0.0,0.0,0.0,0.0
113,17381,NM,Silver City WWTP PV Project,58540,PV-1,0,OP,PV,SUN,1,0.088,767,319,Distributed from 923 Generation And Fuel,2013,,PNM,Public Service Co of NM,32.713889,-108.248056,New Mexico,0.0,0.0,0.0,0.0,0.0,1.0,0.0,0.0,0.0,0.0
114,17382,NM,South Valley Solar Energy Center,60195,SVSEC,0,OP,PV,SUN,10,0.282,24725,10282,Distributed from 923 Generation And Fuel,2015,,PNM,Public Service Co of NM,34.986073,-106.736129,New Mexico,0.0,0.0,0.0,0.0,0.0,10.0,0.0,0.0,0.0,0.0
115,17383,NM,Southside Water Reclamation Plant,10339,GEN1,0,OP,IC,NG,2.2,0.632,12170.667,5397.667,Distributed from 923 Generation And Fuel,2002,,PNM,Public Service Co of NM,35.016111,-106.669722,New Mexico,0.0,2.2,0.0,0.0,0.0,0.0,0.0,0.0,0.0,0.0
116,17384,NM,Southside Water Reclamation Plant,10339,GEN2,0,OP,IC,NG,2.2,0.632,12170.667,5397.667,Distributed from 923 Generation And Fuel,2002,,PNM,Public Service Co of NM,35.016111,-106.669722,New Mexico,0.0,2.2,0.0,0.0,0.0,0.0,0.0,0.0,0.0,0.0
117,17385,NM,Southside Water Reclamation Plant,10339,GEN3,0,OP,IC,OBG,1.1,0.632,6085.333,2698.833,Distributed from 923 Generation And Fuel,1987,,PNM,Public Service Co of NM,35.016111,-106.669722,New Mexico,0.0,0.0,0.0,0.0,0.0,0.0,0.0,0.0,0.0,1.1
118,17386,NM,Southside Water Reclamation Plant,10339,GEN4,0,OP,IC,OBG,1.1,0.632,6085.333,2698.833,Distributed from 923 Generation And Fuel,1987,,PNM,Public Service Co of NM,35.016111,-106.669722,New Mexico,0.0,0.0,0.0,0.0,0.0,0.0,0.0,0.0,0.0,1.1
119,17387,NM,Springer Solar 1,59560,SPRG1,0,OP,PV,SUN,1,0.295,2581,1073,Distributed from 923 Generation And Fuel,2015,,PNM,"Springer Electric Coop, Inc",36.398056,-104.594167,New Mexico,0.0,0.0,0.0,0.0,0.0,1.0,0.0,0.0,0.0,0.0
120,17388,NM,SPS1 Dollarhide,57736,1,0,OP,PV,SUN,10,0.136,11929,4961,Distributed from 923 Generation And Fuel,2011,,SWPP,Southwestern Public Service Co,32.12743,-103.137825,New Mexico,0.0,0.0,0.0,0.0,0.0,10.0,0.0,0.0,0.0,0.0
121,17389,NM,SPS2 Jal,57737,1,0,OP,PV,SUN,10,0.139,12145,5050,Distributed from 923 Generation And Fuel,2011,,SWPP,Southwestern Public Service Co,32.183611,-103.183056,New Mexico,0.0,0.0,0.0,0.0,0.0,10.0,0.0,0.0,0.0,0.0
122,17390,NM,SPS3 Lea,57738,1,0,OP,PV,SUN,10,0.132,11535,4797,Distributed from 923 Generation And Fuel,2011,,SWPP,Southwestern Public Service Co,32.469722,-103.323333,New Mexico,0.0,0.0,0.0,0.0,0.0,10.0,0.0,0.0,0.0,0.0
123,17391,NM,SPS4 Monument,57739,1,0,OP,PV,SUN,10.1,0.143,12616,5246,Distributed from 923 Generation And Fuel,2011,,SWPP,Southwestern Public Service Co,32.681944,-103.303611,New Mexico,0.0,0.0,0.0,0.0,0.0,10.1,0.0,0.0,0.0,0.0
124,17392,NM,SPS5 Hopi,57740,1,0,OP,PV,SUN,10.1,0.141,12504,5200,Distributed from 923 Generation And Fuel,2011,,SWPP,Southwestern Public Service Co,32.345556,-104.234722,New Mexico,0.0,0.0,0.0,0.0,0.0,10.1,0.0,0.0,0.0,0.0
125,17394,NM,Storrie Lake Solar Project,58794,MSMPV,0,OP,PV,SUN,1.9,0.204,3402,1415,Distributed from 923 Generation And Fuel,2014,,PNM,Mora-San Miguel Elec Coop,35.656944,-105.183889,New Mexico,0.0,0.0,0.0,0.0,0.0,1.9,0.0,0.0,0.0,0.0
126,17395,NM,Sue Cleveland High School,58588,SCHS,0,OP,PV,SUN,1,0.259,2265,942,Distributed from 923 Generation And Fuel,2013,,PNM,Public Service Co of NM,35.313333,-106.657778,New Mexico,0.0,0.0,0.0,0.0,0.0,1.0,0.0,0.0,0.0,0.0
127,17396,NM,SunE EPE1 LLC,57986,1,0,OP,PV,SUN,10,0.164,14410,5992,Distributed from 923 Generation And Fuel,2012,,EPE,El Paso Electric Co,32.034383,-106.340986,New Mexico,0.0,0.0,0.0,0.0,0.0,10.0,0.0,0.0,0.0,0.0
128,17397,NM,SunE EPE2 LLC,57985,1,0,OP,PV,SUN,12,0.305,32050,13328,Distributed from 923 Generation And Fuel,2012,,EPE,El Paso Electric Co,32.251667,-106.913333,New Mexico,0.0,0.0,0.0,0.0,0.0,12.0,0.0,0.0,0.0,0.0
129,17398,NM,Texico Wind Ranch LP,57258,1,0,OP,WT,WND,0.7,0.261,1603,567.737,Distributed from 923 Generation And Fuel,2003,,SWPP,Southwestern Public Service Co,34.36,-103.0667,New Mexico,0.0,0.0,0.0,0.0,0.7,0.0,0.0,0.0,0.0,0.0
130,17399,NM,Texico Wind Ranch LP,57258,2,0,OP,WT,WND,0.6,0.261,1374,486.632,Distributed from 923 Generation And Fuel,1999,,SWPP,Southwestern Public Service Co,34.36,-103.0667,New Mexico,0.0,0.0,0.0,0.0,0.6,0.0,0.0,0.0,0.0,0.0
131,17409,NM,Valencia Energy Facility,55802,CTG1,0,OP,GT,NG,159.5,0.044,60911,36679,Distributed from 923 Generation And Fuel,2008,,PNM,Public Service Co of NM,34.611549,-106.732234,New Mexico,0.0,159.5,0.0,0.0,0.0,0.0,0.0,0.0,0.0,0.0
132,17415,NM,Wal-Mart Truth or Consequences PV,60341,WMTOC,0,OP,PV,SUN,1,0.213,1869,777,Distributed from 923 Generation And Fuel,2015,,PNM,City of Truth or Consequences - (NM),33.1526,-107.249831,New Mexico,0.0,0.0,0.0,0.0,0.0,1.0,0.0,0.0,0.0,0.0
133,17416,NM,Wildcat Wind,57887,1,0,OP,WT,WND,27.3,0.385,92061,33665,Distributed from 923 Generation And Fuel,2012,,"Series([], Name: Balancing Authority Code, dtype: object)",blank,blank,blank,New Mexico,0.0,0.0,0.0,0.0,27.3,0.0,0.0,0.0,0.0,0.0
134,17417,NM,WSMR I,58010,WSMR1,0,OP,PV,SUN,4.2,0.218,8011.957,3331.696,Distributed from 923 Generation And Fuel,2012,,EPE,El Paso Electric Co,32.395833,-106.47722,New Mexico,0.0,0.0,0.0,0.0,0.0,4.2,0.0,0.0,0.0,0.0
135,17418,NM,WSMR I,58010,WSMR2,0,OP,PV,SUN,0.4,0.218,763.043,317.304,Distributed from 923 Generation And Fuel,2012,,EPE,El Paso Electric Co,32.395833,-106.47722,New Mexico,0.0,0.0,0.0,0.0,0.0,0.4,0.0,0.0,0.0,0.0
