,eGRID2016 Generator file sequence number,Plant state abbreviation,Plant name,DOE/EIA ORIS plant or facility code,Generator ID,Number of associated boilers,Generator status,Generator prime mover type,Generator primary fuel,Generator nameplate capacity (MW),Generator capacity factor,Generator annual net generation (MWh),Generator ozone season net generation (MWh),Generation data source,Generator year on-line,Generator planned or actual retirement year,area,utility,latitude,longitude,state,NGCC,NGCT,Coal,Oil,Wind,SolarPV,SolarCSP,Hydro,Nuclear,Other
0,17420,NV,Apex Generating Station,55514,CTG1,0,OP,CT,NG,174,0.719,1095877,426339,EIA-923 Generator File,2003,,NEVP,Nevada Power Co,36.415999,-114.960916,Nevada,174.0,0.0,0.0,0.0,0.0,0.0,0.0,0.0,0.0,0.0
1,17421,NV,Apex Generating Station,55514,CTG2,0,OP,CT,NG,174,0.738,1124326,460627,EIA-923 Generator File,2003,,NEVP,Nevada Power Co,36.415999,-114.960916,Nevada,174.0,0.0,0.0,0.0,0.0,0.0,0.0,0.0,0.0,0.0
2,17422,NV,Apex Generating Station,55514,STG1,2,OP,CA,NG,252.6,0.544,1203552,523335,EIA-923 Generator File,2003,,NEVP,Nevada Power Co,36.415999,-114.960916,Nevada,252.6,0.0,0.0,0.0,0.0,0.0,0.0,0.0,0.0,0.0
3,17423,NV,Apex Solar PV Power Project,58489,1,0,OP,PV,SUN,20,0.298,52232,23187,Distributed from 923 Generation And Fuel,2012,,NEVP,Nevada Power Co,36.39,-114.97,Nevada,0.0,0.0,0.0,0.0,0.0,20.0,0.0,0.0,0.0,0.0
4,17429,NV,Beowawe Power,10287,GEN1,0,OP,ST,GEO,17,0.626,93185,35602,Distributed from 923 Generation And Fuel,1985,,SPPC,Sierra Pacific Power Co,40.5547,-116.6175,Nevada,0.0,0.0,0.0,0.0,0.0,0.0,0.0,0.0,0.0,17.0
5,17430,NV,Beowawe Power,10287,GEN2,0,OP,BT,GEO,3.6,0.361,11399,4355,Distributed from 923 Generation And Fuel,2011,,SPPC,Sierra Pacific Power Co,40.5547,-116.6175,Nevada,0.0,0.0,0.0,0.0,0.0,0.0,0.0,0.0,0.0,3.6
6,17432,NV,"Boulder Solar Power, LLC",60352,BSP,0,OP,PV,SUN,100,0.012,10740,0,Distributed from 923 Generation And Fuel,2016,,NEVP,Nevada Power Co,35.348,-114.97,Nevada,0.0,0.0,0.0,0.0,0.0,100.0,0.0,0.0,0.0,0.0
7,17433,NV,Brady,55991,OEC,0,OP,ST,GEO,6.5,0.185,10547.584,3333.176,Distributed from 923 Generation And Fuel,2002,,SPPC,Sierra Pacific Power Co,39.796032,-119.010013,Nevada,0.0,0.0,0.0,0.0,0.0,0.0,0.0,0.0,0.0,6.5
8,17434,NV,Brady,55991,TG-1,0,OP,ST,GEO,9.2,0.185,14928.888,4717.726,Distributed from 923 Generation And Fuel,1992,,SPPC,Sierra Pacific Power Co,39.796032,-119.010013,Nevada,0.0,0.0,0.0,0.0,0.0,0.0,0.0,0.0,0.0,9.2
9,17435,NV,Brady,55991,TG-2,0,OP,ST,GEO,9.2,0.185,14928.888,4717.726,Distributed from 923 Generation And Fuel,1992,,SPPC,Sierra Pacific Power Co,39.796032,-119.010013,Nevada,0.0,0.0,0.0,0.0,0.0,0.0,0.0,0.0,0.0,9.2
10,17436,NV,Brady,55991,TG-3,0,OP,ST,GEO,8,0.185,12981.641,4102.371,Distributed from 923 Generation And Fuel,1992,,SPPC,Sierra Pacific Power Co,39.796032,-119.010013,Nevada,0.0,0.0,0.0,0.0,0.0,0.0,0.0,0.0,0.0,8.0
11,17440,NV,"CC Landfill Energy, LLC",60792,GT1,0,OP,GT,LFG,6,0.282,14816.5,6221,Distributed from 923 Generation And Fuel,2012,,NEVP,Nevada Power Co,36.35867,-114.87483,Nevada,0.0,0.0,0.0,0.0,0.0,0.0,0.0,0.0,0.0,6.0
12,17441,NV,"CC Landfill Energy, LLC",60792,GT2,0,OP,GT,LFG,6,0.282,14816.5,6221,Distributed from 923 Generation And Fuel,2012,,NEVP,Nevada Power Co,36.35867,-114.87483,Nevada,0.0,0.0,0.0,0.0,0.0,0.0,0.0,0.0,0.0,6.0
13,17442,NV,Chuck Lenzie Generating Station,55322,CTG1,0,OP,CT,NG,201.5,0.622,1097055,503075,EIA-923 Generator File,2006,,NEVP,Nevada Power Co,36.383719,-114.921779,Nevada,201.5,0.0,0.0,0.0,0.0,0.0,0.0,0.0,0.0,0.0
14,17443,NV,Chuck Lenzie Generating Station,55322,CTG2,0,OP,CT,NG,201.5,0.592,1044659,495870,EIA-923 Generator File,2006,,NEVP,Nevada Power Co,36.383719,-114.921779,Nevada,201.5,0.0,0.0,0.0,0.0,0.0,0.0,0.0,0.0,0.0
15,17444,NV,Chuck Lenzie Generating Station,55322,CTG3,0,OP,CT,NG,201.5,0.565,998124,459327,EIA-923 Generator File,2006,,NEVP,Nevada Power Co,36.383719,-114.921779,Nevada,201.5,0.0,0.0,0.0,0.0,0.0,0.0,0.0,0.0,0.0
16,17445,NV,Chuck Lenzie Generating Station,55322,CTG4,0,OP,CT,NG,201.5,0.561,989781,456297,EIA-923 Generator File,2006,,NEVP,Nevada Power Co,36.383719,-114.921779,Nevada,201.5,0.0,0.0,0.0,0.0,0.0,0.0,0.0,0.0,0.0
17,17446,NV,Chuck Lenzie Generating Station,55322,ST1,2,OP,CA,NG,329.8,0.398,1148560,539123,EIA-923 Generator File,2006,,NEVP,Nevada Power Co,36.383719,-114.921779,Nevada,329.8,0.0,0.0,0.0,0.0,0.0,0.0,0.0,0.0,0.0
18,17447,NV,Chuck Lenzie Generating Station,55322,ST2,2,OP,CA,NG,329.8,0.369,1066703,497055,EIA-923 Generator File,2006,,NEVP,Nevada Power Co,36.383719,-114.921779,Nevada,329.8,0.0,0.0,0.0,0.0,0.0,0.0,0.0,0.0,0.0
19,17448,NV,CityCenter Central Plant Cogen Units,57348,UNITA,0,OP,GT,NG,4.3,0.868,32698.5,15388.5,Distributed from 923 Generation And Fuel,2009,,NEVP,Nevada Power Co,36.1039,-115.1794,Nevada,0.0,4.3,0.0,0.0,0.0,0.0,0.0,0.0,0.0,0.0
20,17449,NV,CityCenter Central Plant Cogen Units,57348,UNITB,0,OP,GT,NG,4.3,0.868,32698.5,15388.5,Distributed from 923 Generation And Fuel,2009,,NEVP,Nevada Power Co,36.1039,-115.1794,Nevada,0.0,4.3,0.0,0.0,0.0,0.0,0.0,0.0,0.0,0.0
21,17450,NV,Clark (NVE),2322,10,2,OP,CA,NG,104.4,0.133,122044,123732,EIA-923 Generator File,1994,,NEVP,Nevada Power Co,36.0875,-115.0507,Nevada,104.4,0.0,0.0,0.0,0.0,0.0,0.0,0.0,0.0,0.0
22,17451,NV,Clark (NVE),2322,11,0,OP,GT,NG,60.5,0.037,19712.006,15762.422,Distributed from 923 Generation And Fuel,2008,,NEVP,Nevada Power Co,36.0875,-115.0507,Nevada,0.0,60.5,0.0,0.0,0.0,0.0,0.0,0.0,0.0,0.0
23,17452,NV,Clark (NVE),2322,12,0,OP,GT,NG,60.5,0.037,19712.006,15762.422,Distributed from 923 Generation And Fuel,2008,,NEVP,Nevada Power Co,36.0875,-115.0507,Nevada,0.0,60.5,0.0,0.0,0.0,0.0,0.0,0.0,0.0,0.0
24,17453,NV,Clark (NVE),2322,13,0,OP,GT,NG,60.5,0.037,19712.006,15762.422,Distributed from 923 Generation And Fuel,2008,,NEVP,Nevada Power Co,36.0875,-115.0507,Nevada,0.0,60.5,0.0,0.0,0.0,0.0,0.0,0.0,0.0,0.0
25,17454,NV,Clark (NVE),2322,14,0,OP,GT,NG,60.5,0.037,19712.006,15762.422,Distributed from 923 Generation And Fuel,2008,,NEVP,Nevada Power Co,36.0875,-115.0507,Nevada,0.0,60.5,0.0,0.0,0.0,0.0,0.0,0.0,0.0,0.0
26,17455,NV,Clark (NVE),2322,15,0,OP,GT,NG,60.5,0.037,19712.006,15762.422,Distributed from 923 Generation And Fuel,2008,,NEVP,Nevada Power Co,36.0875,-115.0507,Nevada,0.0,60.5,0.0,0.0,0.0,0.0,0.0,0.0,0.0,0.0
27,17456,NV,Clark (NVE),2322,16,0,OP,GT,NG,60.5,0.037,19712.006,15762.422,Distributed from 923 Generation And Fuel,2008,,NEVP,Nevada Power Co,36.0875,-115.0507,Nevada,0.0,60.5,0.0,0.0,0.0,0.0,0.0,0.0,0.0,0.0
28,17457,NV,Clark (NVE),2322,17,0,OP,GT,NG,60.5,0.037,19712.006,15762.422,Distributed from 923 Generation And Fuel,2008,,NEVP,Nevada Power Co,36.0875,-115.0507,Nevada,0.0,60.5,0.0,0.0,0.0,0.0,0.0,0.0,0.0,0.0
29,17458,NV,Clark (NVE),2322,18,0,OP,GT,NG,60.5,0.037,19712.006,15762.422,Distributed from 923 Generation And Fuel,2008,,NEVP,Nevada Power Co,36.0875,-115.0507,Nevada,0.0,60.5,0.0,0.0,0.0,0.0,0.0,0.0,0.0,0.0
30,17459,NV,Clark (NVE),2322,19,0,OP,GT,NG,60.5,0.037,19712.006,15762.422,Distributed from 923 Generation And Fuel,2008,,NEVP,Nevada Power Co,36.0875,-115.0507,Nevada,0.0,60.5,0.0,0.0,0.0,0.0,0.0,0.0,0.0,0.0
31,17460,NV,Clark (NVE),2322,20,0,OP,GT,NG,60.5,0.037,19712.006,15762.422,Distributed from 923 Generation And Fuel,2008,,NEVP,Nevada Power Co,36.0875,-115.0507,Nevada,0.0,60.5,0.0,0.0,0.0,0.0,0.0,0.0,0.0,0.0
32,17461,NV,Clark (NVE),2322,21,0,OP,GT,NG,58.9,0.037,19190.696,15345.564,Distributed from 923 Generation And Fuel,2008,,NEVP,Nevada Power Co,36.0875,-115.0507,Nevada,0.0,58.9,0.0,0.0,0.0,0.0,0.0,0.0,0.0,0.0
33,17462,NV,Clark (NVE),2322,22,0,OP,GT,NG,60.5,0.037,19712.006,15762.422,Distributed from 923 Generation And Fuel,2008,,NEVP,Nevada Power Co,36.0875,-115.0507,Nevada,0.0,60.5,0.0,0.0,0.0,0.0,0.0,0.0,0.0,0.0
34,17463,NV,Clark (NVE),2322,9,2,OP,CA,NG,104.4,0.143,130392,122929,EIA-923 Generator File,1993,,NEVP,Nevada Power Co,36.0875,-115.0507,Nevada,104.4,0.0,0.0,0.0,0.0,0.0,0.0,0.0,0.0,0.0
35,17464,NV,Clark (NVE),2322,GT4,0,OP,GT,NG,72.4,0.037,23589.243,18862.799,Distributed from 923 Generation And Fuel,1973,,NEVP,Nevada Power Co,36.0875,-115.0507,Nevada,0.0,72.4,0.0,0.0,0.0,0.0,0.0,0.0,0.0,0.0
36,17465,NV,Clark (NVE),2322,GT5,0,OP,CT,NG,92.5,0.113,91689,91182,EIA-923 Generator File,1979,,NEVP,Nevada Power Co,36.0875,-115.0507,Nevada,92.5,0.0,0.0,0.0,0.0,0.0,0.0,0.0,0.0,0.0
37,17466,NV,Clark (NVE),2322,GT6,0,OP,CT,NG,92.5,0.119,96379,95740,EIA-923 Generator File,1979,,NEVP,Nevada Power Co,36.0875,-115.0507,Nevada,92.5,0.0,0.0,0.0,0.0,0.0,0.0,0.0,0.0,0.0
38,17467,NV,Clark (NVE),2322,GT7,0,OP,CT,NG,92.5,0.123,99561,93103,EIA-923 Generator File,1980,,NEVP,Nevada Power Co,36.0875,-115.0507,Nevada,92.5,0.0,0.0,0.0,0.0,0.0,0.0,0.0,0.0,0.0
39,17468,NV,Clark (NVE),2322,GT8,0,OP,CT,NG,92.5,0.133,107866,98412,EIA-923 Generator File,1982,,NEVP,Nevada Power Co,36.0875,-115.0507,Nevada,92.5,0.0,0.0,0.0,0.0,0.0,0.0,0.0,0.0,0.0
40,17472,NV,CM10,56944,PV01,0,OP,PV,SUN,10,0.218,19061,8462,Distributed from 923 Generation And Fuel,2008,,CISO,San Diego Gas & Electric Co,35.7881,-114.9933,Nevada,0.0,0.0,0.0,0.0,0.0,10.0,0.0,0.0,0.0,0.0
41,17473,NV,CM48,57205,PV02,0,OP,PV,SUN,8,0.234,16381.833,7749.167,Distributed from 923 Generation And Fuel,2010,,CISO,San Diego Gas & Electric Co,35.7814,-114.9933,Nevada,0.0,0.0,0.0,0.0,0.0,8.0,0.0,0.0,0.0,0.0
42,17474,NV,CM48,57205,PV03,0,OP,PV,SUN,10,0.234,20477.292,9686.458,Distributed from 923 Generation And Fuel,2010,,CISO,San Diego Gas & Electric Co,35.7814,-114.9933,Nevada,0.0,0.0,0.0,0.0,0.0,10.0,0.0,0.0,0.0,0.0
43,17475,NV,CM48,57205,PV04,0,OP,PV,SUN,10,0.234,20477.292,9686.458,Distributed from 923 Generation And Fuel,2010,,CISO,San Diego Gas & Electric Co,35.7814,-114.9933,Nevada,0.0,0.0,0.0,0.0,0.0,10.0,0.0,0.0,0.0,0.0
44,17476,NV,CM48,57205,PV05,0,OP,PV,SUN,10,0.234,20477.292,9686.458,Distributed from 923 Generation And Fuel,2010,,CISO,San Diego Gas & Electric Co,35.7814,-114.9933,Nevada,0.0,0.0,0.0,0.0,0.0,10.0,0.0,0.0,0.0,0.0
45,17477,NV,CM48,57205,PV06,0,OP,PV,SUN,10,0.234,20477.292,9686.458,Distributed from 923 Generation And Fuel,2010,,CISO,San Diego Gas & Electric Co,35.7814,-114.9933,Nevada,0.0,0.0,0.0,0.0,0.0,10.0,0.0,0.0,0.0,0.0
46,17478,NV,Copper Mountain Solar 2,58017,PV01,0,OP,PV,SUN,30,0.264,69473.961,33080.065,Distributed from 923 Generation And Fuel,2012,,CISO,San Diego Gas & Electric Co,35.786389,-114.962778,Nevada,0.0,0.0,0.0,0.0,0.0,30.0,0.0,0.0,0.0,0.0
47,17479,NV,Copper Mountain Solar 2,58017,PV02,0,OP,PV,SUN,30,0.264,69473.961,33080.065,Distributed from 923 Generation And Fuel,2012,,CISO,San Diego Gas & Electric Co,35.786389,-114.962778,Nevada,0.0,0.0,0.0,0.0,0.0,30.0,0.0,0.0,0.0,0.0
48,17480,NV,Copper Mountain Solar 2,58017,PV03,0,OP,PV,SUN,34,0.264,78737.156,37490.74,Distributed from 923 Generation And Fuel,2012,,CISO,San Diego Gas & Electric Co,35.786389,-114.962778,Nevada,0.0,0.0,0.0,0.0,0.0,34.0,0.0,0.0,0.0,0.0
49,17481,NV,Copper Mountain Solar 2,58017,PV04,0,OP,PV,SUN,30,0.264,69473.961,33080.065,Distributed from 923 Generation And Fuel,2015,,CISO,San Diego Gas & Electric Co,35.786389,-114.962778,Nevada,0.0,0.0,0.0,0.0,0.0,30.0,0.0,0.0,0.0,0.0
50,17482,NV,Copper Mountain Solar 2,58017,PV05,0,OP,PV,SUN,30,0.264,69473.961,33080.065,Distributed from 923 Generation And Fuel,2015,,CISO,San Diego Gas & Electric Co,35.786389,-114.962778,Nevada,0.0,0.0,0.0,0.0,0.0,30.0,0.0,0.0,0.0,0.0
51,17483,NV,Copper Mountain Solar 3,58915,1,0,OP,PV,SUN,26,0.271,61773.349,30253.804,Distributed from 923 Generation And Fuel,2014,,LDWP,Los Angeles Department of Water & Power,35.889419,-114.957912,Nevada,0.0,0.0,0.0,0.0,0.0,26.0,0.0,0.0,0.0,0.0
52,17484,NV,Copper Mountain Solar 3,58915,10,0,OP,PV,SUN,21,0.271,49893.859,24435.765,Distributed from 923 Generation And Fuel,2015,,LDWP,Los Angeles Department of Water & Power,35.889419,-114.957912,Nevada,0.0,0.0,0.0,0.0,0.0,21.0,0.0,0.0,0.0,0.0
53,17485,NV,Copper Mountain Solar 3,58915,2,0,OP,PV,SUN,27,0.271,64149.247,31417.412,Distributed from 923 Generation And Fuel,2014,,LDWP,Los Angeles Department of Water & Power,35.889419,-114.957912,Nevada,0.0,0.0,0.0,0.0,0.0,27.0,0.0,0.0,0.0,0.0
54,17486,NV,Copper Mountain Solar 3,58915,3,0,OP,PV,SUN,26,0.271,61773.349,30253.804,Distributed from 923 Generation And Fuel,2014,,LDWP,Los Angeles Department of Water & Power,35.889419,-114.957912,Nevada,0.0,0.0,0.0,0.0,0.0,26.0,0.0,0.0,0.0,0.0
55,17487,NV,Copper Mountain Solar 3,58915,4,0,OP,PV,SUN,28,0.271,66525.145,32581.02,Distributed from 923 Generation And Fuel,2014,,LDWP,Los Angeles Department of Water & Power,35.889419,-114.957912,Nevada,0.0,0.0,0.0,0.0,0.0,28.0,0.0,0.0,0.0,0.0
56,17488,NV,Copper Mountain Solar 3,58915,5,0,OP,PV,SUN,25,0.271,59397.451,29090.196,Distributed from 923 Generation And Fuel,2014,,LDWP,Los Angeles Department of Water & Power,35.889419,-114.957912,Nevada,0.0,0.0,0.0,0.0,0.0,25.0,0.0,0.0,0.0,0.0
57,17489,NV,Copper Mountain Solar 3,58915,6,0,OP,PV,SUN,26,0.271,61773.349,30253.804,Distributed from 923 Generation And Fuel,2014,,LDWP,Los Angeles Department of Water & Power,35.889419,-114.957912,Nevada,0.0,0.0,0.0,0.0,0.0,26.0,0.0,0.0,0.0,0.0
58,17490,NV,Copper Mountain Solar 3,58915,7,0,OP,PV,SUN,26,0.271,61773.349,30253.804,Distributed from 923 Generation And Fuel,2014,,LDWP,Los Angeles Department of Water & Power,35.889419,-114.957912,Nevada,0.0,0.0,0.0,0.0,0.0,26.0,0.0,0.0,0.0,0.0
59,17491,NV,Copper Mountain Solar 3,58915,8,0,OP,PV,SUN,26,0.271,61773.349,30253.804,Distributed from 923 Generation And Fuel,2014,,LDWP,Los Angeles Department of Water & Power,35.889419,-114.957912,Nevada,0.0,0.0,0.0,0.0,0.0,26.0,0.0,0.0,0.0,0.0
60,17492,NV,Copper Mountain Solar 3,58915,9,0,OP,PV,SUN,24,0.271,57021.553,27926.588,Distributed from 923 Generation And Fuel,2015,,LDWP,Los Angeles Department of Water & Power,35.889419,-114.957912,Nevada,0.0,0.0,0.0,0.0,0.0,24.0,0.0,0.0,0.0,0.0
61,17493,NV,"Copper Mountain Solar 4, LLC",59814,PV01,0,OP,PV,SUN,51.8,0.052,23785.387,2713.412,Distributed from 923 Generation And Fuel,2016,,CISO,San Diego Gas & Electric Co,35.78222,-114.975375,Nevada,0.0,0.0,0.0,0.0,0.0,51.8,0.0,0.0,0.0,0.0
62,17494,NV,"Copper Mountain Solar 4, LLC",59814,PV02,0,OP,PV,SUN,41.8,0.052,19193.613,2189.588,Distributed from 923 Generation And Fuel,2016,,CISO,San Diego Gas & Electric Co,35.78222,-114.975375,Nevada,0.0,0.0,0.0,0.0,0.0,41.8,0.0,0.0,0.0,0.0
63,17495,NV,Crescent Dunes Solar Energy,57275,TSE-1,2,OP,CP,SUN,125,0.116,127338,102042,Distributed from 923 Generation And Fuel,2015,,SPPC,Sierra Pacific Power Co,38.238889,-117.36361,Nevada,0.0,0.0,0.0,0.0,0.0,125.0,0.0,0.0,0.0,0.0
64,17496,NV,Desert Peak Power Plant,10018,GEN2,0,OP,BT,GEO,15,0.369,48545.769,18546.923,Distributed from 923 Generation And Fuel,2006,,SPPC,Sierra Pacific Power Co,39.753999,-118.953497,Nevada,0.0,0.0,0.0,0.0,0.0,0.0,0.0,0.0,0.0,15.0
65,17497,NV,Desert Peak Power Plant,10018,OEC2,0,OP,BT,GEO,11,0.369,35600.231,13601.077,Distributed from 923 Generation And Fuel,2006,,SPPC,Sierra Pacific Power Co,39.753999,-118.953497,Nevada,0.0,0.0,0.0,0.0,0.0,0.0,0.0,0.0,0.0,11.0
66,17499,NV,Desert Star Energy Center,55077,ED01,0,OP,CT,NG,170,0.234,348700,196622,EIA-923 Generator File,2000,,CISO,San Diego Gas & Electric Co,35.788889,-114.994167,Nevada,170.0,0.0,0.0,0.0,0.0,0.0,0.0,0.0,0.0,0.0
67,17500,NV,Desert Star Energy Center,55077,ED02,0,OP,CT,NG,170,0.282,419265,255489,EIA-923 Generator File,2000,,CISO,San Diego Gas & Electric Co,35.788889,-114.994167,Nevada,170.0,0.0,0.0,0.0,0.0,0.0,0.0,0.0,0.0,0.0
68,17501,NV,Desert Star Energy Center,55077,ED03,2,OP,CA,NG,196,0.265,455069,270474,EIA-923 Generator File,2000,,CISO,San Diego Gas & Electric Co,35.788889,-114.994167,Nevada,196.0,0.0,0.0,0.0,0.0,0.0,0.0,0.0,0.0,0.0
69,17503,NV,Don A Campbell 1 Geothermal,58533,1,0,OP,BT,GEO,22.5,0.891,175650,67108,Distributed from 923 Generation And Fuel,2014,,NEVP,Nevada Power Co,38.836667,-118.323889,Nevada,0.0,0.0,0.0,0.0,0.0,0.0,0.0,0.0,0.0,22.5
70,17504,NV,Don A Campbell 2 Geothermal,60419,DAC2G,0,OP,BT,GEO,25,0.799,174984,60494,Distributed from 923 Generation And Fuel,2015,,NEVP,Nevada Power Co,38.835836,-118.325339,Nevada,0.0,0.0,0.0,0.0,0.0,0.0,0.0,0.0,0.0,25.0
71,17511,NV,ENEL Salt Wells LLC,57213,101,0,OP,BT,GEO,11.8,0.503,51968.5,19854.5,Distributed from 923 Generation And Fuel,2009,,NEVP,Nevada Power Co,39.2944,-118.5725,Nevada,0.0,0.0,0.0,0.0,0.0,0.0,0.0,0.0,0.0,11.8
72,17512,NV,ENEL Salt Wells LLC,57213,201,0,OP,BT,GEO,11.8,0.503,51968.5,19854.5,Distributed from 923 Generation And Fuel,2009,,NEVP,Nevada Power Co,39.2944,-118.5725,Nevada,0.0,0.0,0.0,0.0,0.0,0.0,0.0,0.0,0.0,11.8
73,17514,NV,Fleish,6513,1,0,OP,HY,WAT,2,0.338,5926,2680,Distributed from 923 Generation And Fuel,1914,,SPPC,Sierra Pacific Power Co,39.2851,-119.5933,Nevada,0.0,0.0,0.0,0.0,0.0,0.0,0.0,2.0,0.0,0.0
74,17515,NV,Fort Churchill,2330,1,1,OP,ST,NG,115,0.142,143454,83795,EIA-923 Generator File,1968,2025,SPPC,Sierra Pacific Power Co,39.1281,-119.1322,Nevada,115.0,0.0,0.0,0.0,0.0,0.0,0.0,0.0,0.0,0.0
75,17516,NV,Fort Churchill,2330,2,1,OP,ST,NG,115,0.127,128409,76545,EIA-923 Generator File,1971,2021,SPPC,Sierra Pacific Power Co,39.1281,-119.1322,Nevada,115.0,0.0,0.0,0.0,0.0,0.0,0.0,0.0,0.0,0.0
76,17517,NV,Ft. Churchill PV,59472,NVC7,0,OP,PV,SUN,19.9,0.229,39842,17687,Distributed from 923 Generation And Fuel,2015,,NEVP,Nevada Power Co,39.128056,-119.14,Nevada,0.0,0.0,0.0,0.0,0.0,19.9,0.0,0.0,0.0,0.0
77,17520,NV,Galena 2 Geothermal Power Plant,56540,GEN1,0,OP,BT,GEO,13.5,0.326,38599,14747,Distributed from 923 Generation And Fuel,2007,,SPPC,Sierra Pacific Power Co,39.373189,-119.764507,Nevada,0.0,0.0,0.0,0.0,0.0,0.0,0.0,0.0,0.0,13.5
78,17521,NV,Galena 3 Geothermal Power Plant,56541,GEN1,0,OP,BT,GEO,15,0.551,72398,25626.5,Distributed from 923 Generation And Fuel,2008,,SPPC,Sierra Pacific Power Co,39.388722,-119.748908,Nevada,0.0,0.0,0.0,0.0,0.0,0.0,0.0,0.0,0.0,15.0
79,17522,NV,Galena 3 Geothermal Power Plant,56541,GEN2,0,OP,BT,GEO,15,0.551,72398,25626.5,Distributed from 923 Generation And Fuel,2008,,SPPC,Sierra Pacific Power Co,39.388722,-119.748908,Nevada,0.0,0.0,0.0,0.0,0.0,0.0,0.0,0.0,0.0,15.0
80,17523,NV,Goodsprings Waste Heat Recovery,57684,HR1,1,OP,ST,WH,7.5,0,21028,8658.838,Data from EIA-923 Generator File overwritten with distributed data from EIA-923 Generation and Fuel,2010,,NEVP,Nevada Power Co,35.809444,-115.411389,Nevada,0.0,0.0,0.0,0.0,0.0,0.0,0.0,0.0,0.0,7.5
81,17524,NV,Harry Allen,7082,5,0,OP,CT,NG,167.5,0.767,1124867,494022,EIA-923 Generator File,2011,,NEVP,Nevada Power Co,36.430554,-114.902405,Nevada,167.5,0.0,0.0,0.0,0.0,0.0,0.0,0.0,0.0,0.0
82,17525,NV,Harry Allen,7082,6,0,OP,CT,NG,167.5,0.782,1147062,497898,EIA-923 Generator File,2011,,NEVP,Nevada Power Co,36.430554,-114.902405,Nevada,167.5,0.0,0.0,0.0,0.0,0.0,0.0,0.0,0.0,0.0
83,17526,NV,Harry Allen,7082,7,2,OP,CA,NG,223.5,0.644,1260752,558494,EIA-923 Generator File,2011,,NEVP,Nevada Power Co,36.430554,-114.902405,Nevada,223.5,0.0,0.0,0.0,0.0,0.0,0.0,0.0,0.0,0.0
84,17527,NV,Harry Allen,7082,GT1,0,OP,GT,NG,101.5,0.02,17903.729,10940.231,Distributed from 923 Generation And Fuel,1995,,NEVP,Nevada Power Co,36.430554,-114.902405,Nevada,0.0,101.5,0.0,0.0,0.0,0.0,0.0,0.0,0.0,0.0
85,17528,NV,Harry Allen,7082,GT4,0,OP,GT,NG,85,0.02,14993.271,9161.769,Distributed from 923 Generation And Fuel,2006,,NEVP,Nevada Power Co,36.430554,-114.902405,Nevada,0.0,85.0,0.0,0.0,0.0,0.0,0.0,0.0,0.0,0.0
86,17529,NV,Higgins Generating Station,55687,A01,0,OP,CT,NG,178,0.736,1148396,504132,EIA-923 Generator File,2004,,NEVP,Nevada Power Co,35.6139,-115.3561,Nevada,178.0,0.0,0.0,0.0,0.0,0.0,0.0,0.0,0.0,0.0
87,17530,NV,Higgins Generating Station,55687,A02,0,OP,CT,NG,178,0.697,1086196,483774,EIA-923 Generator File,2004,,NEVP,Nevada Power Co,35.6139,-115.3561,Nevada,178.0,0.0,0.0,0.0,0.0,0.0,0.0,0.0,0.0,0.0
88,17531,NV,Higgins Generating Station,55687,ST1,2,OP,CA,NG,332.4,0.439,1277973,584101,EIA-923 Generator File,2004,,NEVP,Nevada Power Co,35.6139,-115.3561,Nevada,332.4,0.0,0.0,0.0,0.0,0.0,0.0,0.0,0.0,0.0
89,17532,NV,Hoover Dam (NV),154,N0,0,OP,HY,WAT,2.4,0.192,4036.456,1825.245,Distributed from 923 Generation And Fuel,1936,,WALC,WAPA-- Western Area Power Administration,36.01551,-114.738006,Nevada,0.0,0.0,0.0,0.0,0.0,0.0,0.0,2.4,0.0,0.0
90,17533,NV,Hoover Dam (NV),154,N1,0,OP,HY,WAT,130,0.192,218641.389,98867.414,Distributed from 923 Generation And Fuel,1936,,WALC,WAPA-- Western Area Power Administration,36.01551,-114.738006,Nevada,0.0,0.0,0.0,0.0,0.0,0.0,0.0,130.0,0.0,0.0
91,17534,NV,Hoover Dam (NV),154,N2,0,OP,HY,WAT,130,0.192,218641.389,98867.414,Distributed from 923 Generation And Fuel,1936,,WALC,WAPA-- Western Area Power Administration,36.01551,-114.738006,Nevada,0.0,0.0,0.0,0.0,0.0,0.0,0.0,130.0,0.0,0.0
92,17535,NV,Hoover Dam (NV),154,N3,0,OP,HY,WAT,130,0.192,218641.389,98867.414,Distributed from 923 Generation And Fuel,1937,,WALC,WAPA-- Western Area Power Administration,36.01551,-114.738006,Nevada,0.0,0.0,0.0,0.0,0.0,0.0,0.0,130.0,0.0,0.0
93,17536,NV,Hoover Dam (NV),154,N4,0,OP,HY,WAT,130,0.192,218641.389,98867.414,Distributed from 923 Generation And Fuel,1936,,WALC,WAPA-- Western Area Power Administration,36.01551,-114.738006,Nevada,0.0,0.0,0.0,0.0,0.0,0.0,0.0,130.0,0.0,0.0
94,17537,NV,Hoover Dam (NV),154,N5,0,OP,HY,WAT,130,0.192,218641.389,98867.414,Distributed from 923 Generation And Fuel,1938,,WALC,WAPA-- Western Area Power Administration,36.01551,-114.738006,Nevada,0.0,0.0,0.0,0.0,0.0,0.0,0.0,130.0,0.0,0.0
95,17538,NV,Hoover Dam (NV),154,N6,0,OP,HY,WAT,130,0.192,218641.389,98867.414,Distributed from 923 Generation And Fuel,1938,,WALC,WAPA-- Western Area Power Administration,36.01551,-114.738006,Nevada,0.0,0.0,0.0,0.0,0.0,0.0,0.0,130.0,0.0,0.0
96,17539,NV,Hoover Dam (NV),154,N7,0,OP,HY,WAT,127,0.192,213595.819,96585.858,Distributed from 923 Generation And Fuel,1944,,WALC,WAPA-- Western Area Power Administration,36.01551,-114.738006,Nevada,0.0,0.0,0.0,0.0,0.0,0.0,0.0,127.0,0.0,0.0
97,17540,NV,Hoover Dam (NV),154,N8,0,OP,HY,WAT,130,0.192,218641.389,98867.414,Distributed from 923 Generation And Fuel,1961,,WALC,WAPA-- Western Area Power Administration,36.01551,-114.738006,Nevada,0.0,0.0,0.0,0.0,0.0,0.0,0.0,130.0,0.0,0.0
98,17541,NV,IKEA Las Vegas 462,61193,PV,0,OP,PV,SUN,1,0.134,1177,806,Distributed from 923 Generation And Fuel,2016,,NEVP,Nevada Power Co,36.068926,-115.280825,Nevada,0.0,0.0,0.0,0.0,0.0,1.0,0.0,0.0,0.0,0.0
99,17542,NV,Jersey Valley Geothermal Power Plant,57376,OEC 1,0,OP,BT,GEO,16,0.349,48866.723,18669.617,Distributed from 923 Generation And Fuel,2010,,NEVP,Nevada Power Co,40.1808,-117.4739,Nevada,0.0,0.0,0.0,0.0,0.0,0.0,0.0,0.0,0.0,16.0
100,17543,NV,Jersey Valley Geothermal Power Plant,57376,OEC 2,0,OP,BT,GEO,7.5,0.349,22906.277,8751.383,Distributed from 923 Generation And Fuel,2010,,NEVP,Nevada Power Co,40.1808,-117.4739,Nevada,0.0,0.0,0.0,0.0,0.0,0.0,0.0,0.0,0.0,7.5
101,17544,NV,Lahontan,6521,1,0,OP,HY,WAT,0.6,0.138,727.667,329,Distributed from 923 Generation And Fuel,1911,,SPPC,Sierra Pacific Power Co,39.4625,-119.0667,Nevada,0.0,0.0,0.0,0.0,0.0,0.0,0.0,0.6,0.0,0.0
102,17545,NV,Lahontan,6521,2,0,OP,HY,WAT,0.6,0.138,727.667,329,Distributed from 923 Generation And Fuel,1911,,SPPC,Sierra Pacific Power Co,39.4625,-119.0667,Nevada,0.0,0.0,0.0,0.0,0.0,0.0,0.0,0.6,0.0,0.0
103,17546,NV,Lahontan,6521,3,0,OP,HY,WAT,0.6,0.138,727.667,329,Distributed from 923 Generation And Fuel,1911,,SPPC,Sierra Pacific Power Co,39.4625,-119.0667,Nevada,0.0,0.0,0.0,0.0,0.0,0.0,0.0,0.6,0.0,0.0
104,17549,NV,Las Vegas Generating Station,10761,GEN1,0,OP,CT,NG,49.8,0.046,19992,4865,EIA-923 Generator File,1994,,NEVP,Nevada Power Co,36.2319,-115.1222,Nevada,49.8,0.0,0.0,0.0,0.0,0.0,0.0,0.0,0.0,0.0
105,17550,NV,Las Vegas Generating Station,10761,GEN2,1,OP,CA,NG,11.5,0.056,5677,1355,EIA-923 Generator File,1994,,NEVP,Nevada Power Co,36.2319,-115.1222,Nevada,11.5,0.0,0.0,0.0,0.0,0.0,0.0,0.0,0.0,0.0
106,17551,NV,Las Vegas Generating Station,10761,GEN3,0,OP,CT,NG,60.5,0.133,70665,46808,EIA-923 Generator File,2003,,NEVP,Nevada Power Co,36.2319,-115.1222,Nevada,60.5,0.0,0.0,0.0,0.0,0.0,0.0,0.0,0.0,0.0
107,17552,NV,Las Vegas Generating Station,10761,GEN4,0,OP,CT,NG,60.5,0.118,62380,37874,EIA-923 Generator File,2003,,NEVP,Nevada Power Co,36.2319,-115.1222,Nevada,60.5,0.0,0.0,0.0,0.0,0.0,0.0,0.0,0.0,0.0
108,17553,NV,Las Vegas Generating Station,10761,GEN5,0,OP,CT,NG,60.5,0.118,62514,44322,EIA-923 Generator File,2003,,NEVP,Nevada Power Co,36.2319,-115.1222,Nevada,60.5,0.0,0.0,0.0,0.0,0.0,0.0,0.0,0.0,0.0
109,17554,NV,Las Vegas Generating Station,10761,GEN6,0,OP,CT,NG,60.5,0.122,64854,46294,EIA-923 Generator File,2003,,NEVP,Nevada Power Co,36.2319,-115.1222,Nevada,60.5,0.0,0.0,0.0,0.0,0.0,0.0,0.0,0.0,0.0
110,17555,NV,Las Vegas Generating Station,10761,GEN7,1,OP,CA,NG,27.8,0.169,41203,26048,EIA-923 Generator File,2003,,NEVP,Nevada Power Co,36.2319,-115.1222,Nevada,27.8,0.0,0.0,0.0,0.0,0.0,0.0,0.0,0.0,0.0
111,17556,NV,Las Vegas Generating Station,10761,GEN8,1,OP,CA,NG,27.8,0.16,39060,27708,EIA-923 Generator File,2003,,NEVP,Nevada Power Co,36.2319,-115.1222,Nevada,27.8,0.0,0.0,0.0,0.0,0.0,0.0,0.0,0.0,0.0
112,17557,NV,Las Vegas WPCF Solar Plant,58477,1,0,OP,PV,SUN,3.3,0.236,6808,3022,Distributed from 923 Generation And Fuel,2013,,NEVP,Nevada Power Co,36.134444,-115.035278,Nevada,0.0,0.0,0.0,0.0,0.0,3.3,0.0,0.0,0.0,0.0
113,17559,NV,McGinness Hills,57446,1,0,OP,BT,GEO,20,0.867,151840.8,56594.4,Distributed from 923 Generation And Fuel,2012,,NEVP,Nevada Power Co,39.5911,-116.9119,Nevada,0.0,0.0,0.0,0.0,0.0,0.0,0.0,0.0,0.0,20.0
114,17560,NV,McGinness Hills,57446,2,0,OP,BT,GEO,20,0.867,151840.8,56594.4,Distributed from 923 Generation And Fuel,2012,,NEVP,Nevada Power Co,39.5911,-116.9119,Nevada,0.0,0.0,0.0,0.0,0.0,0.0,0.0,0.0,0.0,20.0
115,17561,NV,McGinness Hills,57446,3,0,OP,BT,GEO,12,0.867,91104.48,33956.64,Distributed from 923 Generation And Fuel,2012,,NEVP,Nevada Power Co,39.5911,-116.9119,Nevada,0.0,0.0,0.0,0.0,0.0,0.0,0.0,0.0,0.0,12.0
116,17562,NV,McGinness Hills,57446,OEC21,0,OP,BT,GEO,18,0.867,136656.72,50934.96,Distributed from 923 Generation And Fuel,2015,,NEVP,Nevada Power Co,39.5911,-116.9119,Nevada,0.0,0.0,0.0,0.0,0.0,0.0,0.0,0.0,0.0,18.0
117,17563,NV,McGinness Hills,57446,OEC22,0,OP,BT,GEO,18,0.867,136656.72,50934.96,Distributed from 923 Generation And Fuel,2015,,NEVP,Nevada Power Co,39.5911,-116.9119,Nevada,0.0,0.0,0.0,0.0,0.0,0.0,0.0,0.0,0.0,18.0
118,17564,NV,McGinness Hills,57446,OEC23,0,OP,BT,GEO,12,0.867,91104.48,33956.64,Distributed from 923 Generation And Fuel,2015,,NEVP,Nevada Power Co,39.5911,-116.9119,Nevada,0.0,0.0,0.0,0.0,0.0,0.0,0.0,0.0,0.0,12.0
119,17569,NV,Moapa Southern Paiute,57859,1,0,OP,PV,SUN,250,0.035,77107,0,Distributed from 923 Generation And Fuel,2016,,NEVP,Nevada Power Co,36.52995,-114.770308,Nevada,0.0,0.0,0.0,0.0,0.0,250.0,0.0,0.0,0.0,0.0
120,17572,NV,Mountain View Solar,58544,1,0,OP,PV,SUN,20,0.303,53118,23581,Distributed from 923 Generation And Fuel,2014,,NEVP,Nevada Power Co,36.390556,-114.964444,Nevada,0.0,0.0,0.0,0.0,0.0,20.0,0.0,0.0,0.0,0.0
121,17573,NV,Nellis Air Force Base Solar Array,56568,NS1,0,OP,PV,SUN,4.9,0.161,6903.75,3064.6,Distributed from 923 Generation And Fuel,2007,,NEVP,Nevada Power Co,36.260278,-115.0544,Nevada,0.0,0.0,0.0,0.0,0.0,4.9,0.0,0.0,0.0,0.0
122,17574,NV,Nellis Air Force Base Solar Array,56568,NS2,0,OP,PV,SUN,5.2,0.161,7326.429,3252.229,Distributed from 923 Generation And Fuel,2007,,NEVP,Nevada Power Co,36.260278,-115.0544,Nevada,0.0,0.0,0.0,0.0,0.0,5.2,0.0,0.0,0.0,0.0
123,17575,NV,Nellis Air Force Base Solar Array,56568,NS3,0,OP,PV,SUN,3.9,0.161,5494.821,2439.171,Distributed from 923 Generation And Fuel,2007,,NEVP,Nevada Power Co,36.260278,-115.0544,Nevada,0.0,0.0,0.0,0.0,0.0,3.9,0.0,0.0,0.0,0.0
124,17576,NV,Nellis Solar PV II,59919,NSPV2,0,OP,PV,SUN,15,0.309,40566,18008,Distributed from 923 Generation And Fuel,2015,,NEVP,Nevada Power Co,36.206672,-115.047703,Nevada,0.0,0.0,0.0,0.0,0.0,15.0,0.0,0.0,0.0,0.0
125,17577,NV,Nevada Cogen Assoc#1 GarnetVly,54350,GTA,0,OP,CT,NG,21.7,0.961,182598,76136,EIA-923 Generator File,1992,2023,NEVP,Nevada Power Co,36.343229,-114.920686,Nevada,21.7,0.0,0.0,0.0,0.0,0.0,0.0,0.0,0.0,0.0
126,17578,NV,Nevada Cogen Assoc#1 GarnetVly,54350,GTB,0,OP,CT,NG,21.7,0.944,179375,75471,EIA-923 Generator File,1992,2023,NEVP,Nevada Power Co,36.343229,-114.920686,Nevada,21.7,0.0,0.0,0.0,0.0,0.0,0.0,0.0,0.0,0.0
127,17579,NV,Nevada Cogen Assoc#1 GarnetVly,54350,GTC,0,OP,CT,NG,21.7,0.973,184888,77114,EIA-923 Generator File,1992,2023,NEVP,Nevada Power Co,36.343229,-114.920686,Nevada,21.7,0.0,0.0,0.0,0.0,0.0,0.0,0.0,0.0,0.0
128,17580,NV,Nevada Cogen Assoc#1 GarnetVly,54350,STM,1,OP,CA,NG,29.7,0.687,178692,81597,EIA-923 Generator File,1992,2023,NEVP,Nevada Power Co,36.343229,-114.920686,Nevada,29.7,0.0,0.0,0.0,0.0,0.0,0.0,0.0,0.0,0.0
129,17581,NV,Nevada Cogen Associates 2 Black Mountain,54349,GTA,0,OP,CT,NG,22.2,0.909,176846,73104,EIA-923 Generator File,1992,2023,NEVP,Nevada Power Co,36.2253,-114.8783,Nevada,22.2,0.0,0.0,0.0,0.0,0.0,0.0,0.0,0.0,0.0
130,17582,NV,Nevada Cogen Associates 2 Black Mountain,54349,GTB,0,OP,CT,NG,22.2,0.924,179663,76083,EIA-923 Generator File,1992,2023,NEVP,Nevada Power Co,36.2253,-114.8783,Nevada,22.2,0.0,0.0,0.0,0.0,0.0,0.0,0.0,0.0,0.0
131,17583,NV,Nevada Cogen Associates 2 Black Mountain,54349,GTC,0,OP,CT,NG,22.2,0.942,183183,76229,EIA-923 Generator File,1992,2023,NEVP,Nevada Power Co,36.2253,-114.8783,Nevada,22.2,0.0,0.0,0.0,0.0,0.0,0.0,0.0,0.0,0.0
132,17584,NV,Nevada Cogen Associates 2 Black Mountain,54349,STM,1,OP,CA,NG,29.7,0.724,188367,84630,EIA-923 Generator File,1992,2023,NEVP,Nevada Power Co,36.2253,-114.8783,Nevada,29.7,0.0,0.0,0.0,0.0,0.0,0.0,0.0,0.0,0.0
133,17585,NV,Nevada Solar One,56405,ONE,1,OP,ST,SUN,75.7,0.003,119131,78159,Data from EIA-923 Generator File overwritten with distributed data from EIA-923 Generation and Fuel,2007,,NEVP,Nevada Power Co,35.799798,-114.98173,Nevada,0.0,0.0,0.0,0.0,0.0,0.0,75.7,0.0,0.0,0.0
134,17586,NV,New Lahontan,50261,GEN1,0,OP,HY,WAT,4,0.306,10716,4845,Distributed from 923 Generation And Fuel,1989,,SPPC,Sierra Pacific Power Co,39.463569,-119.065227,Nevada,0.0,0.0,0.0,0.0,0.0,0.0,0.0,4.0,0.0,0.0
135,17587,NV,NGP Blue Mountain I LLC,56982,BM1,0,OP,BT,GEO,21.3,0.422,78799.333,32128.333,Distributed from 923 Generation And Fuel,2009,,NEVP,Nevada Power Co,40.9961,-118.1414,Nevada,0.0,0.0,0.0,0.0,0.0,0.0,0.0,0.0,0.0,21.3
136,17588,NV,NGP Blue Mountain I LLC,56982,BM2,0,OP,BT,GEO,21.3,0.422,78799.333,32128.333,Distributed from 923 Generation And Fuel,2009,,NEVP,Nevada Power Co,40.9961,-118.1414,Nevada,0.0,0.0,0.0,0.0,0.0,0.0,0.0,0.0,0.0,21.3
137,17589,NV,NGP Blue Mountain I LLC,56982,BM3,0,OP,BT,GEO,21.3,0.422,78799.333,32128.333,Distributed from 923 Generation And Fuel,2009,,NEVP,Nevada Power Co,40.9961,-118.1414,Nevada,0.0,0.0,0.0,0.0,0.0,0.0,0.0,0.0,0.0,21.3
138,17590,NV,North Valmy,8224,1,1,OP,ST,SUB,277.2,0.204,495577,291911,EIA-923 Generator File,1981,2021,SPPC,Sierra Pacific Power Co,40.881317,-117.151605,Nevada,0.0,0.0,277.2,0.0,0.0,0.0,0.0,0.0,0.0,0.0
139,17591,NV,North Valmy,8224,2,1,OP,ST,SUB,289.8,0.187,474980,373899,EIA-923 Generator File,1985,,SPPC,Sierra Pacific Power Co,40.881317,-117.151605,Nevada,0.0,0.0,289.8,0.0,0.0,0.0,0.0,0.0,0.0,0.0
140,17592,NV,"NRG Solar Las Vegas MB 2, LLC",60350,LVMB2,0,OP,PV,SUN,1.9,0.089,1477,850,Distributed from 923 Generation And Fuel,2016,,NEVP,Nevada Power Co,36.087426,-115.175381,Nevada,0.0,0.0,0.0,0.0,0.0,1.9,0.0,0.0,0.0,0.0
141,17593,NV,NRG Solar Las Vegas MB-1,59430,MB-1,0,OP,PV,SUN,5,0.212,9281,4120,Distributed from 923 Generation And Fuel,2015,,NEVP,Nevada Power Co,36.088611,-115.177778,Nevada,0.0,0.0,0.0,0.0,0.0,5.0,0.0,0.0,0.0,0.0
142,17594,NV,Patua Geothermal Project Phase 1A,58319,1,0,OP,BT,GEO,16,0.275,38483.333,10217.667,Distributed from 923 Generation And Fuel,2013,,SPPC,Sierra Pacific Power Co,39.585833,-119.073056,Nevada,0.0,0.0,0.0,0.0,0.0,0.0,0.0,0.0,0.0,16.0
143,17595,NV,Patua Geothermal Project Phase 1A,58319,3,0,OP,BT,GEO,16,0.275,38483.333,10217.667,Distributed from 923 Generation And Fuel,2013,,SPPC,Sierra Pacific Power Co,39.585833,-119.073056,Nevada,0.0,0.0,0.0,0.0,0.0,0.0,0.0,0.0,0.0,16.0
144,17596,NV,Patua Geothermal Project Phase 1A,58319,5,0,OP,BT,GEO,16,0.275,38483.333,10217.667,Distributed from 923 Generation And Fuel,2013,,SPPC,Sierra Pacific Power Co,39.585833,-119.073056,Nevada,0.0,0.0,0.0,0.0,0.0,0.0,0.0,0.0,0.0,16.0
145,17600,NV,Reid Gardner,2324,4,1,OP,ST,BIT,294.8,0.123,318172,307326,EIA-923 Generator File,1983,2017,NEVP,Nevada Power Co,36.657347,-114.633263,Nevada,0.0,0.0,0.0,0.0,0.0,0.0,0.0,0.0,0.0,294.8
146,17604,NV,Richard Burdette Geothermal,56321,1,0,OP,BT,GEO,15,0.564,74084,28304,Distributed from 923 Generation And Fuel,2005,,SPPC,Sierra Pacific Power Co,39.390843,-119.754593,Nevada,0.0,0.0,0.0,0.0,0.0,0.0,0.0,0.0,0.0,15.0
147,17605,NV,Richard Burdette Geothermal,56321,OEC2,0,OP,BT,GEO,15,0.564,74084,28304,Distributed from 923 Generation And Fuel,2005,,SPPC,Sierra Pacific Power Co,39.390843,-119.754593,Nevada,0.0,0.0,0.0,0.0,0.0,0.0,0.0,0.0,0.0,15.0
148,17606,NV,River Mountains Solar,59747,1,0,OP,PV,SUN,14.4,0.277,34985,15531,Distributed from 923 Generation And Fuel,2016,,NEVP,Colorado River Comm of Nevada,36.031616,-114.929399,Nevada,0.0,0.0,0.0,0.0,0.0,14.4,0.0,0.0,0.0,0.0
149,17607,NV,Saguaro Power,54271,CTG1,0,OP,CT,NG,45.1,0.694,274070,118151,EIA-923 Generator File,1991,,NEVP,Nevada Power Co,36.0417,-115.0117,Nevada,45.1,0.0,0.0,0.0,0.0,0.0,0.0,0.0,0.0,0.0
150,17608,NV,Saguaro Power,54271,CTG2,0,OP,CT,NG,45.1,0.675,266535,112466,EIA-923 Generator File,1991,,NEVP,Nevada Power Co,36.0417,-115.0117,Nevada,45.1,0.0,0.0,0.0,0.0,0.0,0.0,0.0,0.0,0.0
151,17609,NV,Saguaro Power,54271,STG,2,OP,CA,NG,37,0.659,213581,94692,EIA-923 Generator File,1991,,NEVP,Nevada Power Co,36.0417,-115.0117,Nevada,37.0,0.0,0.0,0.0,0.0,0.0,0.0,0.0,0.0,0.0
152,17610,NV,San Emidio,57456,SE-U1,0,OP,ST,GEO,11.8,0.726,75049,28673,Distributed from 923 Generation And Fuel,2012,,NEVP,Nevada Power Co,40.380556,-119.399722,Nevada,0.0,0.0,0.0,0.0,0.0,0.0,0.0,0.0,0.0,11.8
153,17611,NV,Searchlight Solar,59404,1,0,OP,PV,SUN,17.5,0.317,48624,21586,Distributed from 923 Generation And Fuel,2014,,NEVP,Nevada Power Co,35.479722,-114.936111,Nevada,0.0,0.0,0.0,0.0,0.0,17.5,0.0,0.0,0.0,0.0
154,17613,NV,Silver State Solar Power North,57442,56188,0,OP,PV,SUN,52,0.258,117546,56703,Distributed from 923 Generation And Fuel,2012,,NEVP,Nevada Power Co,35.793056,-115.35028,Nevada,0.0,0.0,0.0,0.0,0.0,52.0,0.0,0.0,0.0,0.0
155,17614,NV,Silver State Solar Power South,58644,BLK1,0,OP,PV,SUN,26.4,0.255,58986.893,34532.362,Distributed from 923 Generation And Fuel,2015,,CISO,Southern California Edison Co,35.63,-115.32,Nevada,0.0,0.0,0.0,0.0,0.0,26.4,0.0,0.0,0.0,0.0
156,17615,NV,Silver State Solar Power South,58644,BLK2,0,OP,PV,SUN,27.9,0.255,62338.421,36494.428,Distributed from 923 Generation And Fuel,2015,,CISO,Southern California Edison Co,35.63,-115.32,Nevada,0.0,0.0,0.0,0.0,0.0,27.9,0.0,0.0,0.0,0.0
157,17616,NV,Silver State Solar Power South,58644,BLK3,0,OP,PV,SUN,37.2,0.255,83117.894,48659.237,Distributed from 923 Generation And Fuel,2015,,CISO,Southern California Edison Co,35.63,-115.32,Nevada,0.0,0.0,0.0,0.0,0.0,37.2,0.0,0.0,0.0,0.0
158,17617,NV,Silver State Solar Power South,58644,BLK4,0,OP,PV,SUN,35.7,0.255,79766.366,46697.171,Distributed from 923 Generation And Fuel,2016,,CISO,Southern California Edison Co,35.63,-115.32,Nevada,0.0,0.0,0.0,0.0,0.0,35.7,0.0,0.0,0.0,0.0
159,17618,NV,Silver State Solar Power South,58644,BLK5,0,OP,PV,SUN,35,0.255,78202.32,45781.54,Distributed from 923 Generation And Fuel,2016,,CISO,Southern California Edison Co,35.63,-115.32,Nevada,0.0,0.0,0.0,0.0,0.0,35.0,0.0,0.0,0.0,0.0
160,17619,NV,Silver State Solar Power South,58644,BLK6,0,OP,PV,SUN,36.6,0.255,81777.283,47874.41,Distributed from 923 Generation And Fuel,2016,,CISO,Southern California Edison Co,35.63,-115.32,Nevada,0.0,0.0,0.0,0.0,0.0,36.6,0.0,0.0,0.0,0.0
161,17620,NV,Silver State Solar Power South,58644,BLK7,0,OP,PV,SUN,35,0.255,78202.32,45781.54,Distributed from 923 Generation And Fuel,2016,,CISO,Southern California Edison Co,35.63,-115.32,Nevada,0.0,0.0,0.0,0.0,0.0,35.0,0.0,0.0,0.0,0.0
162,17621,NV,Silver State Solar Power South,58644,BLK8,0,OP,PV,SUN,16.2,0.255,36196.502,21190.313,Distributed from 923 Generation And Fuel,2016,,CISO,Southern California Edison Co,35.63,-115.32,Nevada,0.0,0.0,0.0,0.0,0.0,16.2,0.0,0.0,0.0,0.0
163,17622,NV,Silverhawk,55841,CT1,0,OP,CT,NG,197.2,0.46,795331,392198,EIA-923 Generator File,2004,,NEVP,Nevada Power Co,36.4078,-114.9606,Nevada,197.2,0.0,0.0,0.0,0.0,0.0,0.0,0.0,0.0,0.0
164,17623,NV,Silverhawk,55841,CT2,0,OP,CT,NG,197.2,0.544,939280,401461,EIA-923 Generator File,2004,,NEVP,Nevada Power Co,36.4078,-114.9606,Nevada,197.2,0.0,0.0,0.0,0.0,0.0,0.0,0.0,0.0,0.0
165,17624,NV,Silverhawk,55841,ST1,2,OP,CA,NG,270.3,0.41,970091,469808,EIA-923 Generator File,2004,,NEVP,Nevada Power Co,36.4078,-114.9606,Nevada,270.3,0.0,0.0,0.0,0.0,0.0,0.0,0.0,0.0,0.0
166,17626,NV,Soda Lake Geothermal No I II,52174,OE11,0,OP,ST,GEO,1.2,0.306,3218.529,1173.057,Distributed from 923 Generation And Fuel,1987,,SPPC,Sierra Pacific Power Co,39.557,-118.8383,Nevada,0.0,0.0,0.0,0.0,0.0,0.0,0.0,0.0,0.0,1.2
167,17627,NV,Soda Lake Geothermal No I II,52174,OE12,0,OP,ST,GEO,1.2,0.306,3218.529,1173.057,Distributed from 923 Generation And Fuel,1987,,SPPC,Sierra Pacific Power Co,39.557,-118.8383,Nevada,0.0,0.0,0.0,0.0,0.0,0.0,0.0,0.0,0.0,1.2
168,17628,NV,Soda Lake Geothermal No I II,52174,OE13,0,OP,ST,GEO,1.2,0.306,3218.529,1173.057,Distributed from 923 Generation And Fuel,1987,,SPPC,Sierra Pacific Power Co,39.557,-118.8383,Nevada,0.0,0.0,0.0,0.0,0.0,0.0,0.0,0.0,0.0,1.2
169,17629,NV,Soda Lake Geothermal No I II,52174,OE21,0,OP,ST,GEO,1.5,0.306,4023.161,1466.322,Distributed from 923 Generation And Fuel,1990,,SPPC,Sierra Pacific Power Co,39.557,-118.8383,Nevada,0.0,0.0,0.0,0.0,0.0,0.0,0.0,0.0,0.0,1.5
170,17630,NV,Soda Lake Geothermal No I II,52174,OEC1,0,OP,ST,GEO,3.5,0.306,9387.375,3421.418,Distributed from 923 Generation And Fuel,1990,,SPPC,Sierra Pacific Power Co,39.557,-118.8383,Nevada,0.0,0.0,0.0,0.0,0.0,0.0,0.0,0.0,0.0,3.5
171,17631,NV,Soda Lake Geothermal No I II,52174,OEC2,0,OP,ST,GEO,3.5,0.306,9387.375,3421.418,Distributed from 923 Generation And Fuel,1990,,SPPC,Sierra Pacific Power Co,39.557,-118.8383,Nevada,0.0,0.0,0.0,0.0,0.0,0.0,0.0,0.0,0.0,3.5
172,17632,NV,Soda Lake Geothermal No I II,52174,OEC3,0,OP,ST,GEO,3.5,0.306,9387.375,3421.418,Distributed from 923 Generation And Fuel,1990,,SPPC,Sierra Pacific Power Co,39.557,-118.8383,Nevada,0.0,0.0,0.0,0.0,0.0,0.0,0.0,0.0,0.0,3.5
173,17633,NV,Soda Lake Geothermal No I II,52174,OEC4,0,OP,ST,GEO,3.5,0.306,9387.375,3421.418,Distributed from 923 Generation And Fuel,1990,,SPPC,Sierra Pacific Power Co,39.557,-118.8383,Nevada,0.0,0.0,0.0,0.0,0.0,0.0,0.0,0.0,0.0,3.5
174,17634,NV,Soda Lake Geothermal No I II,52174,OEC5,0,OP,ST,GEO,3.5,0.306,9387.375,3421.418,Distributed from 923 Generation And Fuel,1990,,SPPC,Sierra Pacific Power Co,39.557,-118.8383,Nevada,0.0,0.0,0.0,0.0,0.0,0.0,0.0,0.0,0.0,3.5
175,17635,NV,Soda Lake Geothermal No I II,52174,OEC6,0,OP,ST,GEO,3.5,0.306,9387.375,3421.418,Distributed from 923 Generation And Fuel,1990,,SPPC,Sierra Pacific Power Co,39.557,-118.8383,Nevada,0.0,0.0,0.0,0.0,0.0,0.0,0.0,0.0,0.0,3.5
176,17636,NV,Spectrum Solar PV Power Project,58490,1,0,OP,PV,SUN,30,0.311,81849,42599,Distributed from 923 Generation And Fuel,2013,,NEVP,Nevada Power Co,36.23,-114.87,Nevada,0.0,0.0,0.0,0.0,0.0,30.0,0.0,0.0,0.0,0.0
177,17637,NV,Spring Valley Wind Project,57192,WTG,0,OP,WT,WND,150,0.262,343865,142750,Distributed from 923 Generation And Fuel,2012,,SPPC,Sierra Pacific Power Co,39.104167,-114.492222,Nevada,0.0,0.0,0.0,0.0,150.0,0.0,0.0,0.0,0.0,0.0
178,17645,NV,Steamboat 1A Power Plant,52138,DE31,0,OP,BT,GEO,1.2,0,0,0,Distributed from 923 Generation And Fuel,1988,,SPPC,Sierra Pacific Power Co,39.3939,-119.7537,Nevada,0.0,0.0,0.0,0.0,0.0,0.0,0.0,0.0,0.0,1.2
179,17647,NV,Steamboat Hills LP,50654,GEN1,0,OP,ST,GEO,16.3,0.284,40606,15514,Distributed from 923 Generation And Fuel,1988,,SPPC,Sierra Pacific Power Co,39.37,-119.766944,Nevada,0.0,0.0,0.0,0.0,0.0,0.0,0.0,0.0,0.0,16.3
180,17648,NV,Steamboat Hills LP,50654,OEC41,0,OP,BT,GEO,5.5,1.03,49630,18961,Distributed from 923 Generation And Fuel,2007,,SPPC,Sierra Pacific Power Co,39.37,-119.766944,Nevada,0.0,0.0,0.0,0.0,0.0,0.0,0.0,0.0,0.0,5.5
181,17649,NV,Steamboat II,54665,T201,0,OP,BT,GEO,9.1,0.402,32033.5,12238.5,Distributed from 923 Generation And Fuel,1992,,SPPC,Sierra Pacific Power Co,39.395603,-119.746762,Nevada,0.0,0.0,0.0,0.0,0.0,0.0,0.0,0.0,0.0,9.1
182,17650,NV,Steamboat II,54665,T202,0,OP,BT,GEO,9.1,0.402,32033.5,12238.5,Distributed from 923 Generation And Fuel,1992,,SPPC,Sierra Pacific Power Co,39.395603,-119.746762,Nevada,0.0,0.0,0.0,0.0,0.0,0.0,0.0,0.0,0.0,9.1
183,17651,NV,Steamboat III,54666,T301,0,OP,BT,GEO,9.1,0.444,35428.5,13535.5,Distributed from 923 Generation And Fuel,1992,,SPPC,Sierra Pacific Power Co,39.394444,-119.7475,Nevada,0.0,0.0,0.0,0.0,0.0,0.0,0.0,0.0,0.0,9.1
184,17652,NV,Steamboat III,54666,T302,0,OP,BT,GEO,9.1,0.444,35428.5,13535.5,Distributed from 923 Generation And Fuel,1992,,SPPC,Sierra Pacific Power Co,39.394444,-119.7475,Nevada,0.0,0.0,0.0,0.0,0.0,0.0,0.0,0.0,0.0,9.1
185,17653,NV,Stillwater Facility,50765,1,0,OP,PV,SUN,22,0.221,42495,18865,Distributed from 923 Generation And Fuel,2012,,SPPC,Sierra Pacific Power Co,39.547537,-118.555613,Nevada,0.0,0.0,0.0,0.0,0.0,22.0,0.0,0.0,0.0,0.0
186,17654,NV,Stillwater Facility,50765,1-1,0,OP,BT,GEO,11.8,0.325,33544,12815.5,Distributed from 923 Generation And Fuel,2009,,SPPC,Sierra Pacific Power Co,39.547537,-118.555613,Nevada,0.0,0.0,0.0,0.0,0.0,0.0,0.0,0.0,0.0,11.8
187,17655,NV,Stillwater Facility,50765,1-2,0,OP,BT,GEO,11.8,0.325,33544,12815.5,Distributed from 923 Generation And Fuel,2009,,SPPC,Sierra Pacific Power Co,39.547537,-118.555613,Nevada,0.0,0.0,0.0,0.0,0.0,0.0,0.0,0.0,0.0,11.8
188,17656,NV,Stillwater Facility,50765,2-1,0,OP,BT,GEO,11.8,0.325,33544,12815.5,Distributed from 923 Generation And Fuel,2009,,SPPC,Sierra Pacific Power Co,39.547537,-118.555613,Nevada,0.0,0.0,0.0,0.0,0.0,0.0,0.0,0.0,0.0,11.8
189,17657,NV,Stillwater Facility,50765,2-2,0,OP,BT,GEO,11.8,0.325,33544,12815.5,Distributed from 923 Generation And Fuel,2009,,SPPC,Sierra Pacific Power Co,39.547537,-118.555613,Nevada,0.0,0.0,0.0,0.0,0.0,0.0,0.0,0.0,0.0,11.8
190,17678,NV,Terra-Gen Dixie Valley,52015,GEN1,0,OP,ST,GEO,60.5,0.935,495329,203871,Distributed from 923 Generation And Fuel,1998,,CISO,Southern California Edison Co,39.9663,-117.8557,Nevada,0.0,0.0,0.0,0.0,0.0,0.0,0.0,0.0,0.0,60.5
191,17680,NV,Tracy,2336,10,2,OP,CA,NG,312,0.495,1352041,590258,EIA-923 Generator File,2008,,SPPC,Sierra Pacific Power Co,39.5625,-119.525,Nevada,312.0,0.0,0.0,0.0,0.0,0.0,0.0,0.0,0.0,0.0
192,17681,NV,Tracy,2336,3,1,OP,ST,NG,119.8,0.086,90512,60387,EIA-923 Generator File,1974,,SPPC,Sierra Pacific Power Co,39.5625,-119.525,Nevada,119.8,0.0,0.0,0.0,0.0,0.0,0.0,0.0,0.0,0.0
193,17682,NV,Tracy,2336,4,0,OP,CT,NG,69.7,0.326,198835,101789,EIA-923 Generator File,1994,,SPPC,Sierra Pacific Power Co,39.5625,-119.525,Nevada,69.7,0.0,0.0,0.0,0.0,0.0,0.0,0.0,0.0,0.0
194,17683,NV,Tracy,2336,5,1,OP,CA,NG,50.2,0.192,84300,41323,EIA-923 Generator File,1996,,SPPC,Sierra Pacific Power Co,39.5625,-119.525,Nevada,50.2,0.0,0.0,0.0,0.0,0.0,0.0,0.0,0.0,0.0
195,17684,NV,Tracy,2336,8,0,OP,CT,NG,155.6,0.841,1146692,470984,EIA-923 Generator File,2008,,SPPC,Sierra Pacific Power Co,39.5625,-119.525,Nevada,155.6,0.0,0.0,0.0,0.0,0.0,0.0,0.0,0.0,0.0
196,17685,NV,Tracy,2336,9,0,OP,CT,NG,155.6,0.809,1103078,430344,EIA-923 Generator File,2008,,SPPC,Sierra Pacific Power Co,39.5625,-119.525,Nevada,155.6,0.0,0.0,0.0,0.0,0.0,0.0,0.0,0.0,0.0
197,17686,NV,Tracy,2336,GT3,0,OP,GT,NG,85,0.035,25756,10814.5,Distributed from 923 Generation And Fuel,1994,,SPPC,Sierra Pacific Power Co,39.5625,-119.525,Nevada,0.0,85.0,0.0,0.0,0.0,0.0,0.0,0.0,0.0,0.0
198,17687,NV,Tracy,2336,GT4,0,OP,GT,NG,85,0.035,25756,10814.5,Distributed from 923 Generation And Fuel,1994,,SPPC,Sierra Pacific Power Co,39.5625,-119.525,Nevada,0.0,85.0,0.0,0.0,0.0,0.0,0.0,0.0,0.0,0.0
199,17698,NV,TS Power Plant,56224,001,1,OP,ST,SUB,242,0.42,890722,461571,Distributed from 923 Generation And Fuel,2008,,SPPC,Sierra Pacific Power Co,40.7461,-116.5297,Nevada,0.0,0.0,242.0,0.0,0.0,0.0,0.0,0.0,0.0,0.0
200,17704,NV,Tuscarora Geothermal Power Plant,57451,G9200,0,OP,BT,GEO,12,0.635,66740.5,25498.5,Distributed from 923 Generation And Fuel,2012,,NEVP,Nevada Power Co,41.4828,-116.1511,Nevada,0.0,0.0,0.0,0.0,0.0,0.0,0.0,0.0,0.0,12.0
201,17705,NV,Tuscarora Geothermal Power Plant,57451,G9250,0,OP,BT,GEO,12,0.635,66740.5,25498.5,Distributed from 923 Generation And Fuel,2012,,NEVP,Nevada Power Co,41.4828,-116.1511,Nevada,0.0,0.0,0.0,0.0,0.0,0.0,0.0,0.0,0.0,12.0
202,17709,NV,Verdi,6531,1,0,OP,HY,WAT,2.4,0.666,13993,6327,Distributed from 923 Generation And Fuel,1911,,SPPC,Sierra Pacific Power Co,39.3125,-119.585,Nevada,0.0,0.0,0.0,0.0,0.0,0.0,0.0,2.4,0.0,0.0
203,17710,NV,Wabuska,55988,1,0,OP,ST,GEO,0.6,0.193,1013.889,387.333,Distributed from 923 Generation And Fuel,1984,,SPPC,Sierra Pacific Power Co,39.164129,-119.180068,Nevada,0.0,0.0,0.0,0.0,0.0,0.0,0.0,0.0,0.0,0.6
204,17711,NV,Wabuska,55988,2,0,OP,ST,GEO,0.8,0.193,1351.852,516.444,Distributed from 923 Generation And Fuel,1988,,SPPC,Sierra Pacific Power Co,39.164129,-119.180068,Nevada,0.0,0.0,0.0,0.0,0.0,0.0,0.0,0.0,0.0,0.8
205,17712,NV,Wabuska,55988,3,0,OP,ST,GEO,0.8,0.193,1351.852,516.444,Distributed from 923 Generation And Fuel,2002,,SPPC,Sierra Pacific Power Co,39.164129,-119.180068,Nevada,0.0,0.0,0.0,0.0,0.0,0.0,0.0,0.0,0.0,0.8
206,17713,NV,Wabuska,55988,4,0,OP,ST,GEO,0.8,0.193,1351.852,516.444,Distributed from 923 Generation And Fuel,2011,,SPPC,Sierra Pacific Power Co,39.164129,-119.180068,Nevada,0.0,0.0,0.0,0.0,0.0,0.0,0.0,0.0,0.0,0.8
207,17714,NV,Wabuska,55988,5,0,OP,ST,GEO,0.8,0.193,1351.852,516.444,Distributed from 923 Generation And Fuel,2011,,SPPC,Sierra Pacific Power Co,39.164129,-119.180068,Nevada,0.0,0.0,0.0,0.0,0.0,0.0,0.0,0.0,0.0,0.8
208,17715,NV,Wabuska,55988,6,0,OP,ST,GEO,0.8,0.193,1351.852,516.444,Distributed from 923 Generation And Fuel,2011,,SPPC,Sierra Pacific Power Co,39.164129,-119.180068,Nevada,0.0,0.0,0.0,0.0,0.0,0.0,0.0,0.0,0.0,0.8
209,17716,NV,Wabuska,55988,7,0,OP,ST,GEO,0.8,0.193,1351.852,516.444,Distributed from 923 Generation And Fuel,2011,,SPPC,Sierra Pacific Power Co,39.164129,-119.180068,Nevada,0.0,0.0,0.0,0.0,0.0,0.0,0.0,0.0,0.0,0.8
210,17717,NV,Washoe,6532,1,0,OP,HY,WAT,1.3,0.363,4139.5,1872,Distributed from 923 Generation And Fuel,1904,,SPPC,Sierra Pacific Power Co,39.3022,-119.5604,Nevada,0.0,0.0,0.0,0.0,0.0,0.0,0.0,1.3,0.0,0.0
211,17718,NV,Washoe,6532,2,0,OP,HY,WAT,1.3,0.363,4139.5,1872,Distributed from 923 Generation And Fuel,1904,,SPPC,Sierra Pacific Power Co,39.3022,-119.5604,Nevada,0.0,0.0,0.0,0.0,0.0,0.0,0.0,1.3,0.0,0.0
212,17719,NV,Waste Management Lockwood LFGTE,57166,GEN1,0,OP,IC,LFG,1.6,0.914,12815.5,5380.5,Distributed from 923 Generation And Fuel,2012,,NEVP,Nevada Power Co,39.493315,-119.620304,Nevada,0.0,0.0,0.0,0.0,0.0,0.0,0.0,0.0,0.0,1.6
213,17720,NV,Waste Management Lockwood LFGTE,57166,GEN2,0,OP,IC,LFG,1.6,0.914,12815.5,5380.5,Distributed from 923 Generation And Fuel,2012,,NEVP,Nevada Power Co,39.493315,-119.620304,Nevada,0.0,0.0,0.0,0.0,0.0,0.0,0.0,0.0,0.0,1.6
214,17721,NV,Western 102 Power Plant,56500,A101,0,OP,IC,NG,8.4,0.27,19846.5,9340.214,Distributed from 923 Generation And Fuel,2005,,NEVP,Nevada Power Co,39.5603,-119.5108,Nevada,0.0,8.4,0.0,0.0,0.0,0.0,0.0,0.0,0.0,0.0
215,17722,NV,Western 102 Power Plant,56500,B102,0,OP,IC,NG,8.4,0.27,19846.5,9340.214,Distributed from 923 Generation And Fuel,2005,,NEVP,Nevada Power Co,39.5603,-119.5108,Nevada,0.0,8.4,0.0,0.0,0.0,0.0,0.0,0.0,0.0,0.0
216,17723,NV,Western 102 Power Plant,56500,B202,0,OP,IC,NG,8.4,0.27,19846.5,9340.214,Distributed from 923 Generation And Fuel,2005,,NEVP,Nevada Power Co,39.5603,-119.5108,Nevada,0.0,8.4,0.0,0.0,0.0,0.0,0.0,0.0,0.0,0.0
217,17724,NV,Western 102 Power Plant,56500,C102,0,OP,IC,NG,8.4,0.27,19846.5,9340.214,Distributed from 923 Generation And Fuel,2005,,NEVP,Nevada Power Co,39.5603,-119.5108,Nevada,0.0,8.4,0.0,0.0,0.0,0.0,0.0,0.0,0.0,0.0
218,17725,NV,Western 102 Power Plant,56500,C202,0,OP,IC,NG,8.4,0.27,19846.5,9340.214,Distributed from 923 Generation And Fuel,2005,,NEVP,Nevada Power Co,39.5603,-119.5108,Nevada,0.0,8.4,0.0,0.0,0.0,0.0,0.0,0.0,0.0,0.0
219,17726,NV,Western 102 Power Plant,56500,D101,0,OP,IC,NG,8.4,0.27,19846.5,9340.214,Distributed from 923 Generation And Fuel,2005,,NEVP,Nevada Power Co,39.5603,-119.5108,Nevada,0.0,8.4,0.0,0.0,0.0,0.0,0.0,0.0,0.0,0.0
220,17727,NV,Western 102 Power Plant,56500,E102,0,OP,IC,NG,8.4,0.27,19846.5,9340.214,Distributed from 923 Generation And Fuel,2005,,NEVP,Nevada Power Co,39.5603,-119.5108,Nevada,0.0,8.4,0.0,0.0,0.0,0.0,0.0,0.0,0.0,0.0
221,17728,NV,Western 102 Power Plant,56500,E202,0,OP,IC,NG,8.4,0.27,19846.5,9340.214,Distributed from 923 Generation And Fuel,2005,,NEVP,Nevada Power Co,39.5603,-119.5108,Nevada,0.0,8.4,0.0,0.0,0.0,0.0,0.0,0.0,0.0,0.0
222,17729,NV,Western 102 Power Plant,56500,F102,0,OP,IC,NG,8.4,0.27,19846.5,9340.214,Distributed from 923 Generation And Fuel,2005,,NEVP,Nevada Power Co,39.5603,-119.5108,Nevada,0.0,8.4,0.0,0.0,0.0,0.0,0.0,0.0,0.0,0.0
223,17730,NV,Western 102 Power Plant,56500,F202,0,OP,IC,NG,8.4,0.27,19846.5,9340.214,Distributed from 923 Generation And Fuel,2005,,NEVP,Nevada Power Co,39.5603,-119.5108,Nevada,0.0,8.4,0.0,0.0,0.0,0.0,0.0,0.0,0.0,0.0
224,17731,NV,Western 102 Power Plant,56500,G102,0,OP,IC,NG,8.4,0.27,19846.5,9340.214,Distributed from 923 Generation And Fuel,2005,,NEVP,Nevada Power Co,39.5603,-119.5108,Nevada,0.0,8.4,0.0,0.0,0.0,0.0,0.0,0.0,0.0,0.0
225,17732,NV,Western 102 Power Plant,56500,G202,0,OP,IC,NG,8.4,0.27,19846.5,9340.214,Distributed from 923 Generation And Fuel,2005,,NEVP,Nevada Power Co,39.5603,-119.5108,Nevada,0.0,8.4,0.0,0.0,0.0,0.0,0.0,0.0,0.0,0.0
226,17733,NV,Western 102 Power Plant,56500,H102,0,OP,IC,NG,8.4,0.27,19846.5,9340.214,Distributed from 923 Generation And Fuel,2005,,NEVP,Nevada Power Co,39.5603,-119.5108,Nevada,0.0,8.4,0.0,0.0,0.0,0.0,0.0,0.0,0.0,0.0
227,17734,NV,Western 102 Power Plant,56500,H202,0,OP,IC,NG,8.4,0.27,19846.5,9340.214,Distributed from 923 Generation And Fuel,2005,,NEVP,Nevada Power Co,39.5603,-119.5108,Nevada,0.0,8.4,0.0,0.0,0.0,0.0,0.0,0.0,0.0,0.0
228,17735,NV,Western 102 Power Plant,56500,PV1,0,OP,PV,SUN,1,0.291,2546,1130,Distributed from 923 Generation And Fuel,2007,,NEVP,Nevada Power Co,39.5603,-119.5108,Nevada,0.0,0.0,0.0,0.0,0.0,1.0,0.0,0.0,0.0,0.0
